source_term,target_term,n_fired,n_helped,n_hurt,n_neutral,net_chrf_delta,avg_chrf_delta,example_file,example_idx,example_source,example_raw,example_final
राजधानी,भांडवल,36,0,36,0,-405.95,-11.2764,output/rudra-bhili-translate/generations/bhb2mar/ckp_33600_beam/bhb2mar_predictions.jsonl,996,"पेली स्तरीय प्रशासकीय विभागूम म्हणून, दिल्ली राष्टीय राजधानी प्रदेशूम स्वः ता विधान सभा , नायब राज्यपाल , मंत्रीमंडळ अन मुख्यमंत्री आही.","पहिली स्तरीय प्रशासकीय विभाग म्हणून, दिल्ली राष्ट्रीय राजधानी प्रदेशात स्वतःची विधानसभा, नायब राज्यपाल, मंत्रिमंडळ आणि मुख्यमंत्री आहेत.","पहिली स्तरीय प्रशासकीय विभाग म्हणून, दिल्ली राष्ट्रीय भांडवल प्रदेशात स्वतःची विधानसभा, नायब राज्यपाल, मंत्रिमंडळ आणि मुख्यमंत्री आहेत."
ग्रॅम,ग्राम,84,6,78,0,-323.488,-3.851,output/rudra-bhili-translate/generations/mar2bhb/ckp_33600_beam/mar2bhb_predictions.jsonl,927,ग्रॅम संजीवक प्रति १० लिटर पाणी) या प्रमाणात फवारावे.,ग्रॅम संजीवक प्रति १० लिटर पाणी) या प्रमाणाम फवारनु.,ग्राम संजीवक प्रति १० लिटर पांय) या प्रमाणाम फवारनु.
ठिबक सिंचन,ठिबक नळी,36,0,36,0,-291.855,-8.1071,output/rudra-bhili-translate/generations/bhb2mar/ckp_33600_beam/bhb2mar_predictions.jsonl,707,धडगाव म राष्ट्रीय कृषी विकास योजना म शेततळे नेता ठिबक सिंचन बोहवणु केता ऑनलाईन अर्ज चालू वेयहा,धडगावमध्ये राष्ट्रीय कृषी विकास योजनेतून शेततळे किंवा ठिबक सिंचन बसवण्यासाठी ऑनलाईन अर्ज सुरू झाले आहेत.,धडगावमध्ये राष्ट्रीय कृषी विकास योजनेतून शेततळे किंवा ठिबक नळी बसवण्यासाठी ऑनलाइन अर्ज सुरू झाले आहेत.
फुले,फुलांचा झुबका,59,6,53,0,-281.377,-4.7691,output/rudra-bhili-translate/generations/bhb2mar/ckp_33600_beam/bhb2mar_predictions.jsonl,982,त्यापासे १९६९ सालामाय थोर समाजसुधारक महात्मा जोतिबा फुले याहा नावाकोय ई कृषि विद्यापीठ महात्मा फुले कृषि विद्यापीठ या नावाकोय उदयामे येना.,त्यानंतर १९६९ साली थोर समाजसुधारक महात्मा ज्योतीबा फुले यांच्या नावाने हे कृषि विद्यापीठ महात्मा फुले कृषि विद्यापीठ या नावाने उदयास आले.,त्यानंतर १९६९ साली थोर समाजसुधारक महात्मा ज्योतीबा फुलांचा झुबका यांच्या नावाने हे कृषि विद्यापीठ महात्मा फुलांचा झुबका कृषि विद्यापीठ या नावाने उदयास आले.
उत्पन्न,उत्पादन,29,0,29,0,-264.447,-9.1189,output/rudra-bhili-translate/generations/bhb2mar/ckp_33600_beam/bhb2mar_predictions.jsonl,976,शिवाय हमखास उत्पन्न बी मिलेहे,शिवाय हमखास उत्पन्नही मिळते.,शिवाय हमखास उत्पादनही मिळते.
सिंचन,पाय देवनु,12,0,12,0,-195.706,-16.3088,output/rudra-bhili-translate/generations/mar2bhb/ckp_33600_beam/mar2bhb_predictions.jsonl,572,"पार्श्वभूमीमध्ये दिसल्याप्रमाणे, बांगलादेशच्या कोमिला येथे थेट गुमतीतून पंपाने उपसा करून सिंचन सुरू आहे.",पशर्व भूमी म देखाहे आहि बांग्लादेश कोमिला इही थेट गुमती म ने पंप की उपसा किन सिंचन सुरू हाय,पशर्व भूमी म देखाहे आहि बांग्लादेश कोमिला इही थेट गुमती म ने पंप की उपसा किन पाय देवनु सुरू हाय
पीएम किसान,प्रधानमंत्री किसान योजना,18,0,18,0,-179.251,-9.9584,output/rudra-bhili-translate/generations/bhb2mar/ckp_33600_beam/bhb2mar_predictions.jsonl,928,तुमा बँक खाताल आधार कार्ड लिंक नाय वेरी ता पीएम किसान योजना पौसा जोमा नेय वे,तुमच्या बँक खात्याला आधार कार्ड लिंक नसल्यास पीएम किसान योजनेचे पैसे जमा होणार नाहीत.,तुमच्या बँक खात्याला आधार कार्ड लिंक नसल्यास प्रधानमंत्री किसान योजना योजनेचे पैसे जमा होणार नाहीत.
प्रसार,प्रजनन,24,0,24,0,-160.405,-6.6835,output/rudra-bhili-translate/generations/bhb2mar/ckp_33600_beam/bhb2mar_predictions.jsonl,867,"खुब निंडी खाडी होय तेबी, लहरी परिणाम ॲडमही पुलो मार्गा वेल थोडाक प्रमाणोम प्रसार कोतेहे.","अतिशय उथळ खाडी असूनही, लहरींचे परिणाम ॲडमच्या पुलाच्या मार्गाने थोड्या प्रमाणात प्रसारित केले जातात.","अतिशय उथळ खाडी असूनही, लहरींचे परिणाम ॲडमच्या पुलाच्या मार्गाने थोड्या प्रमाणात प्रजननित केले जातात."
कोष,गोहटो,42,10,32,0,-145.622,-3.4672,output/rudra-bhili-translate/generations/mar2bhb/ckp_33600_beam/mar2bhb_predictions.jsonl,626,मोठ्या प्रमाणात कोष वाळवणे शक्य होते.,खुप आकारूप कोष हुकवूला शक्य वेहे .,खुप आकारूप गोहटो हुकवूला शक्य वेहे .
तुडतुडे,जासीड,24,0,24,0,-145.619,-6.0674,output/rudra-bhili-translate/generations/mar2bhb/ckp_33600_beam/mar2bhb_predictions.jsonl,885,तूर पिकावर मावा आणि तुडतुडे दिसल्यास ५ टक्के निंबोळी अर्काची फवारणी करून घ्या.,तुव्याप मावा आन तुडतुडे देखाय ५ टक्के निंबोळी अर्का फवारणी कील्या,तुव्याप मावा आन जासीड देखाय ५ टक्के निंबोळी अर्का फवारणी कील्या
छाटणी,आलूबुखारा,8,0,8,0,-134.715,-16.8394,output/rudra-bhili-translate/generations/bhb2mar/ckp_33600_beam/bhb2mar_predictions.jsonl,962,सर्वसाधारन तिसध्या वाढी ढागी छाटणी कोनु.,सर्वसाधारपणे तिसध्या वाढीच्या फांदयांची छाटणी करावी.,सर्वसाधारपणे तिसध्या वाढीच्या फांदयांची आलूबुखारा करावी.
खारफुटी,कांदळवन,12,0,12,0,-127.283,-10.6069,output/rudra-bhili-translate/generations/bhb2mar/ckp_33600_beam/bhb2mar_predictions.jsonl,607,केंद्र पाडाम जिल्ह्यामने भीतरी किंवा राष्ट्रीय उद्यान 650 चौकीमी व्याप्ती ते हमने 150 चौकी मी खारफुटी जागा हाय.,केंद्रपाड जिल्हा मधील भीतर किंवा राष्ट्रीय उद्यानाचे ६५० चौ.मी. व्याप्ती ते १५० चौ.मी. खारफुटीचे क्षेत्र आहे.,केंद्रपाड जिल्हा मधील भीतर किंवा राष्ट्रीय उद्यानाचे ६५० चौ.मी. व्याप्ती ते १५० चौ.मी. कांदळवनचे क्षेत्र आहे.
काढणी,कापणी,30,0,30,0,-123.287,-4.1096,output/rudra-bhili-translate/generations/bhb2mar/ckp_33600_beam/bhb2mar_predictions.jsonl,533,संगोपनगृहा म परोपजिवी कीटक सोडनु पध्दत रेशीम कीटका वाढी ५ व्या अवस्थे म म्हणजे चौथी कात अवस्था संपल्या नतंर ३ या ते ५ व्या दिवसा पर्यत २ पाऊच निसोलयनेक्स परोपजिवी कीटक प्रति १०० अंडिपूज या प्रमाणा म थोवनु कोष काढणी नतंर पाऊच खता खड्या पाहि,संगोपनगृहात परोपजिवी कीटक सोडण्याची पध्दत रेशीम कीटकाच्या वाढीच्या ५ व्या अवस्थेत म्हणजेच चौथी कात अवस्था संपल्यानंतर ३ या ते ५ व्या दिवशी पर्यंत २ पाऊच निसोलयनेक्स परोपजिवी कीटक प्रति १०० अंड्यावर या प्रमाणात सोडावेत कोष काढणी नंतर पाऊच खताच्या खड्याजवळ,संगोपनगृहात परोपजिवी कीटक सोडण्याची पध्दत रेशीम कीटकाच्या वाढीच्या ५ व्या अवस्थेत म्हणजेच चौथी कात अवस्था संपल्यानंतर ३ या ते ५ व्या दिवशी पर्यंत २ पाऊच निसोलयनेक्स परोपजिवी कीटक प्रति १०० अंड्यावर या प्रमाणात सोडावेत कोष कापणी नंतर पाऊच खताच्या खड्याजवळ
पेरणी,ओनू,60,16,44,0,-121.683,-2.0281,output/rudra-bhili-translate/generations/mar2bhb/ckp_33600_beam/mar2bhb_predictions.jsonl,892,"महाराष्ट- ातील गव्हाचे कमी उत्पादन येण्याची कारणे म्हणजे कोरडवाहू गव्हाची लागवड, गहू लागवडीसाठी हलक्या जमिनीचा वापर, पाणीपुरवठा पीक अवस्थेनुसार न करणे, सुधारित वाणांचा वापर न करणे, पीक वाढीच्या अवस्थेत तापमानात वारंवार होणारे बदल, पीक संरक्षणाचा अभाव, मशागत तंत्रज्ञानाचा अवलंब न करणे आणि गव्हाची उशिरा पेरणी करणे ही आहेत.","महाराष्ट्राम गहू कमी उत्पादन आवुला कारणे म्हणजे कोरडवाहू गहू लागवड, गहू लागवडी खातोर ओलक्या जमिनी वापर, पायपुरवठा पीक अवस्थेनुसार न केनु, सुधारित वाणांचा वापर न केनु, पीक वाढी अवस्थेत तापमानाम घेडी घेडी वेणारे बदल, पीक संरक्षणाचा अभाव, मशागत तंत्रज्ञानाचा अवलंब न केनु आण गहू उशिरा पेरणी केनु ई हाय","महाराष्ट्राम गोव कमी उत्पादन आवुला कारणे म्हणजे कोरडवाहू गोव लागवड, गोव लागवडी खातोर ओलक्या जमिनी वापर, पायपुरवठा पीक अवस्थेनुसार न केनु, सुधारित वाणांचा वापर न केनु, पीक वाढी अवस्थेत तापमानाम घेडी घेडी वेणारे बदल, पीक संरक्षणाचा अभाव, खेडनूं तंत्रज्ञानाचा अवलंब न केनु आण गोव उशिरा ओनू केनु ई हाय"
रोप,रोपे,12,0,12,0,-103.41,-8.6175,output/rudra-bhili-translate/generations/mar2bhb/ckp_33600_beam/mar2bhb_predictions.jsonl,565,आंतरमशागत: पेरणीनंतर १० ते १५ दिवसांनी विरळणी करून एका ठिकाणी एकच रोप ठेवावे.,आंतरमशागत: पोणी नंतर 10 ते 15 दिहुम विरळणी कीन योक ठिकाणी योक रोप ठेवुलो.,आंतरसांस्कृतिक कार्य: पोणी नंतर 10 ते 15 दिहुम विरळणी कीन योक ठिकाणी योक रोपे ठेवुलो.
प्रतिबंधक,प्रतिकर्षक,12,0,12,0,-103.031,-8.5859,output/rudra-bhili-translate/generations/bhb2mar/ckp_33600_beam/bhb2mar_predictions.jsonl,986,रोज वेगरयो गोठो साफ किन जनावरांन गोचीड प्रतिबंधक औषध फोवारणी केरूला आवश्यक आही,दररोज सकाळी गोठा स्वच्छ करून जनावरांना गोचीड प्रतिबंधक औषध फवारणे आवश्यक आहे.,दररोज सकाळी गोठा स्वच्छ करून जनावरांना गोचीड प्रतिकर्षक औषध फवारणे आवश्यक आहे.
करपा,ब्लाईट,12,0,12,0,-101.663,-8.4719,output/rudra-bhili-translate/generations/bhb2mar/ckp_33600_beam/bhb2mar_predictions.jsonl,594,शहादा तालुकाम हियालाम वाद तुवरो पोड्यो का मुंगा पिकापे करपा रोगू प्रादुर्भाव वी शकेहे,शहादा तालुक्यात थंडीच्या लाटेमुळे पडलेल्या तुवरम म्हणजे धुक्यामुळे मोंगा पिकावर करपा रोगाचा प्रादुर्भाव होऊ शकतो.,शहादा तालुक्यात थंडीच्या लाटेमुळे पडलेल्या तुवरम म्हणजे धुक्यामुळे मोंगा पिकावर ब्लाईट रोगाचा प्रादुर्भाव होऊ शकतो.
परिस्थिती,परिचिती,12,0,12,0,-100.319,-8.3599,output/rudra-bhili-translate/generations/mar2bhb/ckp_33600_beam/mar2bhb_predictions.jsonl,383,ही एका बदलत्या राजकीय एकजुटीची परिस्थिती असल्याचे टॅलबॉटचे स्पष्टीकरण आहे.,इ एका बदलत्या राजकीय एकजुटी परिस्थिती हाय टॅलबॉट ईया स्पष्टीकरण हाय.,इ एका बदलत्या राजकीय एकजुटी परिचिती हाय टॅलबॉट ईया स्पष्टीकरण हाय.
तृणधान्य,धान्य,18,0,18,0,-97.985,-5.4436,output/rudra-bhili-translate/generations/mar2bhb/ckp_33600_beam/mar2bhb_predictions.jsonl,890,"खत व्यवस्थापन : वरी पिकाकरीता 40:20:20 कि.ग्रॅ/हेक्टर या मात्रेमध्ये नत्रःस्फुरदःपालाश देण्याची भारतीय तृणधान्य संशोधन संस्था, हैदराबाद मार्फत सांगण्यात आलेली आहे.","खत व्यवस्थापन : वरी पिकाकेता 40:20:20 कि.ग्रॅ/हेक्टर या मात्रेम नत्रःस्फुरदःपालाश देवनु भारतीय तृणधान्य संशोधन संस्था, हैदराबाद मार्फत आखलो हाय.","खत व्यवस्थापन : वरी पिकाकेता 40:20:20 कि.ग्रॅ/हेक्टर या मात्रेम नत्रःस्फुरदःपालाश देवनु भारतीय धान्य संशोधन संस्था, हैदराबाद मार्फत आखलो हाय."
छाटणी,फांद्या,14,0,14,0,-95.874,-6.8482,output/rudra-bhili-translate/generations/mar2bhb/ckp_33600_beam/mar2bhb_predictions.jsonl,176,दर एक फुटावर एक याप्रमाणे खोडाच्या सर्व बाजूला फुटवे ठेवून इतर फुटवे काढून टाकावेत छाटणी केलेल्या झाडांची वाढ खूप जोमदार असल्यास सहा महिन्यांपर्यंत देखील विरळणी करावी लागते.,दर एक फुटावे एक याप्रमाणे खोडा आखेज बाजूमे फुटवे थोविन बिजा फुटवे काडी टाकानू छाटणी केनू झाडाहां वाढ खूप जोमदार रियी तियाल सहा मोयना लूग बी विरळणी केरां पोडहे.,दर एक फुटावे एक याप्रमाणे खोडा आखेज बाजूमे फुटवे थोविन बिजा फुटवे काडी टाकानू फांद्या केनू झाडाहां वाढ खूप जोमदार रियी तियाल सहा मोयना लूग बी विरळणी केरां पोडहे.
मात्रा,डोस,24,0,24,0,-95.555,-3.9815,output/rudra-bhili-translate/generations/bhb2mar/ckp_33600_beam/bhb2mar_predictions.jsonl,464,"8. सर्गिक वायुविजन पॉलीहाऊसाम लाल कोबी पिका (ऑगस्ट पुर्नलागवड) अधिक उत्पादन, पांया वापर क्षमता आणे आर्थिक फायदो मिला खातोर रोज ठिबक सिंचनामेने पीक बाष्पपर्णोत्सर्जना ९० टक्के पांय आन १२५ टक्के शिफारश केलें घुलणारे खत मात्रा पुर्नलागवडी १० दिहाकी (१००:५०:५० कि./हे. नत्र स्फुरदः पालाश) ५० दा एक एक दिहाकी देवनु शिफारस केली हाय.","8. सर्गिक वायुविजन पॉलीहाऊसमध्ये लाल कोबी पिकाचे (ऑगस्ट पुर्नलागवड) अधिक उत्पादन, पाणी वापर क्षमता व आर्थिक फायदा मिळविण्यासाठी दररोज ठिबक सिंचनातून पीक बाष्पपर्णोत्सर्जनाच्या ९० टक्के पाणी व १२५ टक्के शिफारसीत विद्राव्य खतांची मात्रा पुर्नलागवडीच्या १० दिवसांनी (१००:५०:५० कि./हे. नत्र स्फुरदः पालाश) ५० वेळा एक दिवसाआड देण्याची शिफारस करण्यात येत आहे.","8. सर्गिक वायुविजन पॉलीहाऊसमध्ये लाल कोबी पिकाचे (ऑगस्ट पुर्नलागवड) अधिक उत्पादन, पाणी वापर क्षमता व आर्थिक फायदा मिळविण्यासाठी दररोज ठिबक सिंचनातून पीक बाष्पपर्णोत्सर्जनाच्या ९० टक्के पाणी व १२५ टक्के शिफारसीत विद्राव्य खतांची डोस पुर्नलागवडीच्या १० दिवसांनी (१००:५०:५० कि./हे. नत्र स्फुरदः पालाश) ५० वेळा एक दिवसाआड देण्याची शिफारस करण्यात येत आहे."
खाद्य,खाऊलो,18,6,12,0,-95.455,-5.303,output/rudra-bhili-translate/generations/mar2bhb/ckp_33600_beam/mar2bhb_predictions.jsonl,705,"खाद्य, खते, औषधे, मत्स्यबीज व वाहतुक यासाठी अनुदान मिळते.","खाद्य, खते, औषधे, मत्स्यबीज व वाहतुक याखातर अनुदान मिळहे.","खाऊलो, खते, औषधे, मत्स्यबीज व वाहतुक याखातर अनुदान मिळहे."
खड्डा,चर खोदणे,12,0,12,0,-94.721,-7.8934,output/rudra-bhili-translate/generations/bhb2mar/ckp_33600_beam/bhb2mar_predictions.jsonl,585,"हेवाया खोता उत्पादन चार पध्दतीकी उदा. कुंडी पध्दत, टाकी पध्दत, खड्डा पध्दत अन फाथारी पध्दतीकि केतेहे . शेतकऱ्यांहा खेताम मोडा प्रमाणाव हेवायाहा खोत तीयार केनू खड्डा पध्दत हारी हाय.","गांडुळ खताचे उत्पादन चार पध्दतीने घेतले जाते उदा. कुंडी पध्दत, टाकी पध्दत, खड्डा पध्दत आणि फाथारी पध्दती. शेतकऱ्यांच्या शेतावर मोठ्या प्रमाणावर गांडुळ खत तयार करण्यासाठी खड्डा पध्दत उत्तम आहे.","गांडुळ खताचे उत्पादन चार पध्दतीने घेतले जाते उदा. कुंडी पध्दत, टाकी पध्दत, चर खोदणे पध्दत आणि फाथारी पध्दती. शेतकऱ्यांच्या शेतावर मोठ्या प्रमाणावर गांडुळ खत तयार करण्यासाठी चर खोदणे पध्दत उत्तम आहे."
मावा,खवा,18,0,18,0,-94.228,-5.2349,output/rudra-bhili-translate/generations/bhb2mar/ckp_33600_beam/bhb2mar_predictions.jsonl,885,तुवी विकुपे मावा आन तुडतुडे देखाहे तर ५ टक्के निंबोळी अर्का फवारणी केरा .,तूर पिकावर मावा आणि तुडतुडे दिसल्यास ५ टक्के निंबोळी अर्काची फवारणी करावी.,तूर पिकावर खवा आणि तुडतुडे दिसल्यास ५ टक्के निंबोळी अर्काची फवारणी करावी.
लस,लसीकरण,24,0,24,0,-92.935,-3.8723,output/rudra-bhili-translate/generations/mar2bhb/ckp_33600_beam/mar2bhb_predictions.jsonl,840,गाईंना लाळ्या खुरकूतची लस दिल्यानंतर किमान २ आठवडे त्यांच्या प्रकृतीवर लक्ष ठेवणे गरजेचे आहे.,गावडीहन खुऱ्या इया लस देदी का 2 आठूड्या तिया आरोग्याप ध्यान देवणू जरूरी हाय,गावडीहन खुऱ्या इया लसीकरण देदी का 2 आठूड्या तिया आरोग्याप ध्यान देवणू जरूरी हाय
झिंक,जस्त,12,0,12,0,-92.486,-7.7072,output/rudra-bhili-translate/generations/bhb2mar/ckp_33600_beam/bhb2mar_predictions.jsonl,721,इया योजनाम देख शेतकऱ्यांहान कीटकनाशक आन जिंक झिंक सल्फेटू होच सूक्ष्म अन्नद्रव्य वेचाते ल्या केता 50 टक्के सवलत मिलहे,या योजनेतून शेतकऱ्यांना कीटकनाशके आणि झिंक सल्फेटसारखी सूक्ष्म अन्नद्रव्ये खरेदी करण्यासाठी ५० टक्के सबसिडी मिळते.,या योजनेतून शेतकऱ्यांना कीटकनाशके आणि जस्त सल्फेटसारखी सूक्ष्म मूलद्रव्येे खरेदी करण्यासाठी ५० टक्के सबसिडी मिळते.
सुधारणा,पुनर्प्राप्ती,12,0,12,0,-87.292,-7.2744,output/rudra-bhili-translate/generations/mar2bhb/ckp_33600_beam/mar2bhb_predictions.jsonl,943,नव्या राज्याचा समावेश करण्यासाठी भारतीय संसदेने भारतीय संविधानात सुधारणा केली.,नव्या राज्या समावेश केरा खातर भारता संसदेने भारतीय संविधानाम सुधारणा केयीही.,नव्या राज्या समावेश केरा खातर भारता संसदेने भारतीय संविधानाम पुनर्प्राप्ती केयीही.
कॅल्शियम,कॅल्सीयम,24,0,24,0,-85.729,-3.572,output/rudra-bhili-translate/generations/mar2bhb/ckp_33600_beam/mar2bhb_predictions.jsonl,851,कोंबड्यांमध्ये अंडी उत्पादन वाढवण्यासाठी ब्रॉयलर खाद्यात योग्य प्रमाणात कॅल्शियम मिसळा.,कुकडाम हाकवे उत्पादन वादवा खातोर बायलोर खाद्य हारो प्रमाणम कॅल्शियम मिलवुनू.,कुकडाम हाकवे उत्पादन वादवा खातोर बायलोर खाद्य हारो प्रमाणम कॅल्सीयम मिलवुनू.
करपा,स्फोट,22,0,22,0,-79.731,-3.6241,output/rudra-bhili-translate/generations/mar2bhb/ckp_33600_beam/mar2bhb_predictions.jsonl,978,"१. कापूस : व्हर्टीसीलीअम बुरशीची मर, फ्युजारिअम बुरशीची मर, काळा करपा, मूळकुजवा, खोडावरील करपा, रोग कोलमडणे, जिवाणूंचा करपा,","१. कापूस : व्हर्टीसीलीअम बुरशीही मर, फ्युजारिअम बुरशीही मर, काळा करपा, मूळकुजवा, खोडावरील करपा, रोग कोलमडणे, जिवाणूं करपा,","१. कपाशी : व्हर्टीसीलीअम बुरशीही मर, फ्युजारिअम बुरशीही मर, काळा स्फोट, मूळकुजवा, खोडावरील स्फोट, रोग कोलमडणे, जिवाणूं स्फोट,"
आकडेवारी,मार्गदर्शक,6,0,6,0,-78.701,-13.1168,output/rudra-bhili-translate/generations/bhb2mar/ckp_33600_beam/bhb2mar_predictions.jsonl,417,"२००७ तू आकडेवारी नुसार, सिंधू त्रिभुज प्रदेशामने खारफुटी ई वाळवंटी हवामानूमने जगूमने बाठामने मोडी खारफुटी जंगले हाय.","२००७ च्या आकडेवारीनुसार, सिंधूच्या त्रिभुज प्रदेशातील खारफुटी ही वाळवंटी हवामानातील जगातील सर्वात मोठी खारफुटीची जंगले आहेत.","२००७ च्या मार्गदर्शकनुसार, सिंधूच्या त्रिभुज प्रदेशातील कांदळवन ही वाळवंटी हवामानातील जगातील सर्वात मोठी कांदळवनची जंगले आहेत."
नमुना,मल नमुना,12,0,12,0,-74.062,-6.1718,output/rudra-bhili-translate/generations/bhb2mar/ckp_33600_beam/bhb2mar_predictions.jsonl,560,१) प्रतिनिधिक मातीचा नमुना एहकी लेवणू :,१) प्रातिनिधिक मातीचा नमुना असा घ्यावा :,१) प्रातिनिधिक मातीचा मल नमुना असा घ्यावा :
दाणे,गर,20,0,20,0,-73.959,-3.6979,output/rudra-bhili-translate/generations/mar2bhb/ckp_33600_beam/mar2bhb_predictions.jsonl,719,"रोगाचा प्रादुर्भाव झाल्यास शेंगा पूर्णपणे भरत नाहीत. दाणे पोचट राहतात, दाण्याच्या पृष्ठभागावर सुरकुत्या आढळून येतात आणि उत्पादनात मोठी घट येते.","रोगा प्रादुर्भाव व्हेयो ता हेंग्या पुरा पोर्याता नाहा. दाणे पोचट रेतेहे, दानाहा उचे उचे सुरकुत्या पडत्याहा आण उत्पादनाम मोडी घट आवेहे.","रोगा प्रादुर्भाव व्हेयो ता हेंग्या पुरा पोर्याता नाहा. गर पोचट रेतेहे, दानाहा उचे उचे सुरकुत्या पडत्याहा आण उत्पादनाम मोडी घट आवेहे."
दुष्काळ,काल,6,0,6,0,-70.644,-11.7739,output/rudra-bhili-translate/generations/mar2bhb/ckp_33600_beam/mar2bhb_predictions.jsonl,681,"मात्र, नैसर्गिक आपत्तींमुळे मोठ्या प्रमाणात दुष्काळ पडल्याच्या बातम्या होत्या.","मात्र, नैसर्गिक आपत्तींकी मोड्या प्रमाणाम दुष्काळ पडल्या बातम्या आथ्या.","मात्र, नैसर्गिक आपत्तींकी मोड्या प्रमाणाम काल पडल्या बातम्या आथ्या."
तापमान,तोप,42,9,33,0,-70.149,-1.6702,output/rudra-bhili-translate/generations/mar2bhb/ckp_33600_beam/mar2bhb_predictions.jsonl,932,"शहादा तालुक्यात पुढील ३ दिवस तापमान ३८ अंश सेल्सिअस राहील, त्यामुळे पेंडी पिकाला वेळेवर पाणी द्या.",शहादा तालुकाम आवता 3 दिही तापमान 38 अंश सेल्सीअस रि तिहाल पेंडहाल टायमुप पाय दया,शहादा तालुकाम आवता 3 दिही तोप 38 अंश सेल्सीअस रि तिहाल पेंडहाल टायमुप पाय दया
पेंढा,कोंडा,6,0,6,0,-69.498,-11.583,output/rudra-bhili-translate/generations/bhb2mar/ckp_33600_beam/bhb2mar_predictions.jsonl,830,"मुंयाव भाता सुका पेंढा, गोवत दाबीन लावन्यू आण्ाि झाकण लागवी लेव्न्यू","तोंडात भाताचा सुका पेंढा, गवत दाबून लावावे आणि त्यावर झाकण पसरून घ्यावे.","तोंडात भाताचा सुका कोंडा, गवत दाबून लावावे आणि त्यावर झाकण पसरून घ्यावे."
सूचना,नोटीस,11,0,11,0,-69.231,-6.2937,output/rudra-bhili-translate/generations/mar2bhb/ckp_33600_beam/mar2bhb_predictions.jsonl,621,गीर गाईच्या संवर्धनासाठी राज्य शासनाने नुकतीच एक विशेष मार्गदर्शक सूचना काढली आहे.,गीर गावडी पालनू खातोर राज्य सरकाराहांय आमीज एक खास  मार्गादर्शक सूचना काडी का.,गीर गावडी पालनू खातोर राज्य सरकाराहांय आमीज एक खास  मार्गादर्शक नोटीस काडी का.
कीटकनाशके,किड़े मानू दावो,10,0,10,0,-67.296,-6.7296,output/rudra-bhili-translate/generations/mar2bhb/ckp_33600_beam/mar2bhb_predictions.jsonl,721,या योजनेतून शेतकऱ्यांना कीटकनाशके आणि झिंक सल्फेट सारखी सूक्ष्म अन्नद्रव्ये खरेदी करण्यासाठी ५० टक्के सवलत मिळते.,या योजनामने शेतकऱ्यांहान कीटकनाशके आन झिंक सल्फेट सारखे सूक्ष्म अन्नद्रव्ये खरेदी केराखातोर ५० टक्के सवलत मिलेहे.,या योजनामने शेतकऱ्यांहान किड़े मानू दावो आन झिंक सल्फेट सारखे खूब कमी प्रमाणाम घटक खरेदी केराखातोर ५० टक्के सवलत मिलेहे.
कपाशी,कापूस,12,0,12,0,-66.633,-5.5528,output/rudra-bhili-translate/generations/bhb2mar/ckp_33600_beam/bhb2mar_predictions.jsonl,720,कोरडी(संरक्षक ओलित): कपाशी पीक फुलावय आणे बोंडे पोनु आले का पाय कमी पोडयो का आणे पाणी देवनु हारी सोय वेरि १०-१२ दिवसा अंतराम २-३ संरक्षक पीजवुनु,तुषार (संरक्षक ओलीत): कपाशीचे पीक फुलावर आणि बोंडे भरण्यावर असताना पाण्याचा ताण पडल्यास व पाणी देण्याची सोय असल्यास १०-१२ दिवसांच्या अंतराने २-३ संरक्षक ओलीत करावे.,तुषार (संरक्षक (preservatives) ओलीत): कापूसचे पीक फुलावर आणि बोंडे भरण्यावर असताना पाण्याचा ताण पडल्यास व पाणी देण्याची सोय असल्यास १०-१२ दिवसांच्या अंतराने २-३ संरक्षक (preservatives) ओलीत करावे.
केले,केळी,10,0,10,0,-64.823,-6.4823,output/rudra-bhili-translate/generations/bhb2mar/ckp_33600_beam/bhb2mar_predictions.jsonl,632,"आथाकी तियार केले, खास कीने विअला सुती फाडका, लाकडा वेने कोरलो काम आंन वाहटाकीने तियार केले इ राज्य फेमस हाय.","हाताने तयार केलेले, विशेषतः विळ्याचे सुती कापड, लाकडापासूनचे कोरीव काम आणि बांबूपासून तयार केलेले हे राज्य फेमस आहे.","हाताने तयार केळीले, विशेषतः विळ्याचे सुती कापड, लाकडापासूनचे कोरीव काम आणि बांबूपासून तयार केळीले हे राज्य फेमस आहे."
बिछाना,थाट,6,0,6,0,-64.379,-10.7298,output/rudra-bhili-translate/generations/bhb2mar/ckp_33600_beam/bhb2mar_predictions.jsonl,835,बिछाना पद्धत:-पाथारी होच फातनू (3 मीटर लांब आणे 2 मीटर रुंद आणे 0.60 मीटर निचे ),बिछाना पद्धत : जमिनीवरच अंथरूण (३ मीटर लांब x २ मीटर रुंद व ०.६० मीटर खोल),थाट पद्धत : जमिनीवरच अंथरूण (३ मीटर लांब x २ मीटर रुंद व ०.६० मीटर खोल)
कंपोस्ट,खत,7,0,7,0,-63.667,-9.0953,output/rudra-bhili-translate/generations/mar2bhb/ckp_33600_beam/mar2bhb_predictions.jsonl,462,८ ते १० टन चांगले कुजलेले शेणखत / कंपोस्ट खत झाडांना देण्यात यावे.,८ ते १० टन कुजलों सांयुखोत / कंपोस्ट खोत चाडवाह्न दाआं जोजे.,८ ते १० टन कुजलों सांयुखोत / खत खोत चाडवाह्न दाआं जोजे.
कीड,किड,30,12,18,0,-61.39,-2.0463,output/rudra-bhili-translate/generations/mar2bhb/ckp_33600_beam/mar2bhb_predictions.jsonl,351,मिरची पिकातील मावा कीड नियंत्रणासाठी जीवामृत आणि दशपर्णी अर्क यांचा नियमित वापर फायदेशीर ठरतो.,मिरची पिकावेने मावा कीड नियंत्रणाकेता जीवामृत आन दशपर्णी अर्क इयाहा नियमित वापर फायदेशीर रेहे.,मिरची पिकावेने मावा किड नियंत्रणाकेता जीवमृत आन दशपर्णी अर्क इयाहा नियमित वापर फायदेशीर रेहे.
दूध,दूद,25,8,17,0,-60.899,-2.436,output/rudra-bhili-translate/generations/mar2bhb/ckp_33600_beam/mar2bhb_predictions.jsonl,760,साधारणपणे एका शेळीपासून मिळणारे दूध ४ जणांच्या कुटुंबाला पुरेसे होते.,साधारण एका बकरीपासून मिळनारों दूध ४ जना कुटुंबाहाल पुरो वेहे.,साधारण एका बकरीपासून मिळनारों दूद ४ जना कुटुंबाहाल पुरो वेहे.
वातावरण,हवामानाच्या प्रभावाणे माती किंवा खडकांचे विघटन,6,0,6,0,-60.766,-10.1277,output/rudra-bhili-translate/generations/bhb2mar/ckp_33600_beam/bhb2mar_predictions.jsonl,17,"वादला वातावरण असल्यास हळद हुक्व्वा वाद दिही लागताहा. या काळाम हळद पाऊस, दव, धुके यांम सापडणार नाही याची काळजी लेवणू.","ढगाळ वातावरण असल्यास हळद सुकवायला जास्त वेळ लागतो. या काळात हळद पाऊस, धुके यामध्ये सापडणार नाही याची काळजी घ्यावी.","ढगाळ हवामानाच्या प्रभावाणे माती किंवा खडकांचे विघटन असल्यास हळद सुकवायला जास्त वेळ लागतो. या काळात हळद पाऊस, धुके यामध्ये सापडणार नाही याची काळजी घ्यावी."
नागली,नाचणी,12,0,12,0,-60.0,-5.0,output/rudra-bhili-translate/generations/bhb2mar/ckp_33600_beam/bhb2mar_predictions.jsonl,657,नंदूरबार जिल्हामेरो डोगू भागाल नागली पिकु रोपे तयार केराखातुर गादी वाफे वापर केरा जोजे .,नंदुरबार जिल्ह्यातील डोंगराळ भागात नागली पिकाची रोपे तयार करण्यासाठी गादी वाफ्यांचा वापर करणे फायदेशीर ठरते.,नंदुरबार जिल्ह्यातील डोंगराळ भागात नाचणी पिकाची रोपे तयार करण्यासाठी गादी वाफ्यांचा वापर करणे फायदेशीर ठरते.
जाती,वाण,39,8,31,0,-56.487,-1.4484,output/rudra-bhili-translate/generations/bhb2mar/ckp_33600_beam/bhb2mar_predictions.jsonl,731,तिया केंतां योग्य जाती चाडा योजनापूर्वक लागवड केअनूं,त्याकरिता योग्य जातीच्या झाडांची योजनापूर्वक लागवड करावी.,त्याकरिता योग्य वाणच्या झाडांची योजनापूर्वक लागवड करावी.
कवच,हूल,6,0,6,0,-56.328,-9.388,output/rudra-bhili-translate/generations/mar2bhb/ckp_33600_beam/mar2bhb_predictions.jsonl,774,अश्मयुगीन फळीचा काठ वायव्येकडील जाड महाद्वीपीय कवचापासून आग्नेयेकडील पातळ महाद्वीपीय कवच किंवा महासागरातील कवचात होणारे संक्रमण दर्शवतो.,अश्मयुगीन फळी काठ वायव्येमने जाड महाद्वीपीय कवचा मने आग्नेयेमने पातळ महाद्वीपीय कवच किंवा महासागरामेने कवचात वेणारे संक्रमण दर्शवेहे.,अश्मयुगीन फळी काठ वायव्येमने जाड महाद्वीपीय हूला मने आग्नेयेमने पातळ महाद्वीपीय हूल किंवा महासागरामेने हूलात वेणारे संक्रमण दर्शवेहे.
फुल,पुष्पक,8,0,8,0,-54.907,-6.8634,output/rudra-bhili-translate/generations/bhb2mar/ckp_33600_beam/bhb2mar_predictions.jsonl,868,बिजों पाईं कामायीइ फुल आवुलों आगला ५५ नेते ६० दिहुमें देवूलो.,दुय्यम पाणी पीक फुलोर्यापूर्वी ५५ किंवा ६० दिवसांनी द्यावे.,दुय्यम पाणी पीक पुष्पकोर्यापूर्वी ५५ किंवा ६० दिवसांनी द्यावे.
पीक संरक्षण,पिकांहां संरक्षण,6,0,6,0,-53.913,-8.9855,output/rudra-bhili-translate/generations/mar2bhb/ckp_33600_beam/mar2bhb_predictions.jsonl,602,पीक संरक्षण: लागवडीनंतर १५ ते २० दिवसांनी १.५ मि.ली.,पीक संरक्षण: लागवडीफाचे १५ ते २० दिहाकी १.५ मि.ली.,पिकांहां संरक्षण: लागवडीफाचे १५ ते २० दिहाकी १.५ मि.ली.
दुध,दुग्धव्यवसाय,10,0,10,0,-52.909,-5.2909,output/rudra-bhili-translate/generations/bhb2mar/ckp_33600_beam/bhb2mar_predictions.jsonl,780,"तेहेकी बाधीत पशुधना चामडीपेऱ्या जखमां आरी संपर्क. दुध पिणारा वासडान बाधीत याहाकी दुधामने अन हड्या व्रणाकी, लागवणी टाइमा बाधीत वळुने नैसर्गिक मिलनाकी संसर्ग वी शके.","तसेच बाधीत पशुधनाच्या त्वचेवरील जखमांशी झालेला संपर्क. दुध पिणाऱ्या वासरांना बाधीत आईच्या दुधातील व हड्या व्रणाद्वारे, लागवणी दरम्यान बाधीत वळु मार्फत नैसर्गिक संयोगामुळे संसर्ग होऊ शकतो.","तसेच बाधीत पशुधनाच्या त्वचेवरील जखमांशी झालेला संपर्क. दुग्धव्यवसाय पिणाऱ्या वासरांना बाधीत आईच्या दुग्धव्यवसायातील व हड्या व्रणाद्वारे, लागवणी दरम्यान बाधीत वळु मार्फत नैसर्गिक संयोगामुळे संसर्ग होऊ शकतो."
शेतकरी,खेडूत,28,11,17,0,-52.426,-1.8724,output/rudra-bhili-translate/generations/mar2bhb/ckp_33600_beam/mar2bhb_predictions.jsonl,139,त्यासाठी शेतकरी उत्पादक कंपनीची संकल्पना उदयास आली व त्यास कंपनी कायदा १९५६ कलम ५८१ ऐ ते ५८१ झेड टी नूसार कायदेशीर स्वरुप देण्यात आले व कंपनी कायदा २०१३ नूसार शेतकरी उत्पादक कंपनीची नोंदणी होते.,त्याखातर शेतकरी उत्पादक कंपनीची संकल्पना उदयास आली व त्यास कंपनी कायदा १९५६ कलम ५८१ ऐ ते ५८१ झेड टी नूसार कायदेशीर स्वरुप देण्यात आले व कंपनी कायदा २०१३ नूसार शेतकरी उत्पादक कंपनीची नोंदणी होते.,त्याखातर खेडूत उत्पादक कंपनीची संकल्पना उदयास आली व त्यास कंपनी कायदा १९५६ कलम ५८१ ऐ ते ५८१ झेड टी नूसार कायदेशीर स्वरुप देण्यात आले व कंपनी कायदा २०१३ नूसार खेडूत उत्पादक कंपनीची नोंदणी होते.
कॅल्शियम,कॅल्शियम %,18,0,18,0,-51.648,-2.8693,output/rudra-bhili-translate/generations/bhb2mar/ckp_33600_beam/bhb2mar_predictions.jsonl,851,कुकडिहीम हाकवे उत्पादन वादवुनूकेता ब्रॉयलर खाद्याम योग्य परमाणात कॅल्शियम मिक्स केजा..,कोंबड्यांमध्ये अंडी उत्पादन वाढवण्यासाठी ब्रॉयलर खाद्यात योग्य प्रमाणात कॅल्शियम मिसळावे.,कोंबड्यांमध्ये अंडी उत्पादन वाढवण्यासाठी ब्रॉयलर खाद्यात योग्य प्रमाणात कॅल्शियम % मिसळावे.
बिब्बा,बिबवा,6,0,6,0,-49.329,-8.2215,output/rudra-bhili-translate/generations/bhb2mar/ckp_33600_beam/bhb2mar_predictions.jsonl,50,"यापैकी आजू हिरडा, बेहडा, बिब्बा, रिठा जाबळे मोवे याहा फोळे मिळणारे","यापैकी आजू, हिरडा, बेहडा, बिब्बा, रिठा, जांभूळ, मोसंबी इत्यादी फळांचे","यापैकी आजू, हिरडा, बेहडा, बिबवा, रिठा, जांभूळ, मोसंबी इत्यादी फळांचे"
रक्त,रोगोत,6,0,6,0,-48.332,-8.0554,output/rudra-bhili-translate/generations/mar2bhb/ckp_33600_beam/mar2bhb_predictions.jsonl,34,"लाळ, अश्रु, नाकातील स्त्राव, रक्त या माध्यमार्फत रोगाचा प्रसार होऊ शकतो.","ला, अश्रु, नाकामने स्त्राव, रक्तो इया की रोगा प्रसार वी शकहे.","ला, अश्रु, नाकामने स्त्राव, रोगोतो इया की रोगा प्रसार वी शकहे."
फुटवे,अंकुर,6,0,6,0,-47.652,-7.9419,output/rudra-bhili-translate/generations/bhb2mar/ckp_33600_beam/bhb2mar_predictions.jsonl,176,दर एक फुटूप एक इयाप्रमाणे थुंबा बोठीवेले फुटवे थोवीन बिहरे फुटवे काढी टाकुलू छाटी टाकला चाडवा वाढ खूप जोमदार वेरी तर सहा मोयनालोगी गालो पोरा पोडेहे.,दर एक फुटावर एक याप्रमाणे बुंध्याभोवती फुटवे ठेवून इतर फुटवे काढावेत. छाटणी केलेल्या झाडाची वाढ जोमदार होऊन सहा महिन्यापर्यंत अखंड अन्नपुरवठा लागतो.,दर एक फुटावर एक याप्रमाणे बुंध्याभोवती अंकुर ठेवून इतर अंकुर काढावेत. छाटणी केलेल्या झाडाची वाढ जोमदार होऊन सहा महिन्यापर्यंत अखंड अन्नपुरवठा लागतो.
रोगकारक,रोगजनक,6,0,6,0,-46.922,-7.8204,output/rudra-bhili-translate/generations/bhb2mar/ckp_33600_beam/bhb2mar_predictions.jsonl,889,"ऐहकी प्रकारा रसायनहां रोगकारक बुरशीआरी, त्यांहा धागे अथवा बीजांणूआरी संपर्क केयोता रोगकारक बुरशी धागहां पेशींहीं विघटन विन त्यांहा नाश वेहे.","अशा प्रकारच्या रसायनाचा रोगकारक बुरशीशी, त्यांचे धागे अथवा बीजाणूशी संपर्क आल्यास रोगकारक बुरशीच्या धाग्यातील पेशींचे विघटन होऊन त्यांचा नाश होतो.","अशा प्रकारच्या रसायनाचा रोगजनक बुरशीशी, त्यांचे धागे अथवा बीजाणूशी संपर्क आल्यास रोगजनक बुरशीच्या धाग्यातील पेशींचे विघटन होऊन त्यांचा नाश होतो."
कण,दाणेदार,12,0,12,0,-46.863,-3.9052,output/rudra-bhili-translate/generations/mar2bhb/ckp_33600_beam/mar2bhb_predictions.jsonl,567,"कोष : चकाकणाऱ्या तपकिरी रंगाचे कोष सामान्यतः २ ते ८ सें.मी. खोल जमिनीत असतात. अळी स्वतः भोवती अंडाकृती, मातीचे कण व रेशीम धागा एकत्र करून सैल कोष तयार करते.","कोष : चमकूनाऱ्या तपकिरी कलरू कोष सामान्यतः २ ते ८ सें.मी. निचे तोरतीम रेतहे. ओलो स्वतः भोवती हाकवा आकारा, कादवा कण आन रेशीम हुता एखठे किन ढिलो कोष तियार केहे.","गोहटो : चमकूनाऱ्या तपकिरी कलरू गोहटो सामान्यतः २ ते ८ सें.मी. निचे तोरतीम रेतहे. ओलो स्वतः भोवती हाकवा आकारा, कादवा दाणेदार आन रेशीम हुता एखठे किन ढिलो गोहटो तियार केहे."
अंडी,हाकवे,12,0,12,0,-46.087,-3.8406,output/rudra-bhili-translate/generations/mar2bhb/ckp_33600_beam/mar2bhb_predictions.jsonl,514,"हे ढेकूण फुले तसेच पानांच्या बोचक्यात लपून बसतात. पिल्ले चकचकीत पिवळसर रंगाचे असतात. प्रौढ व पिल्ले मावा, तुडतुडे, फुलकिडे, कोळी, किडींची अंडी तसेच लहान अळ्या मध्ये आपली सोंड खुपसून आतील द्रव शोषण करतात त्यामुळे किडी मरतात.","इ ढेकूण फुले तसेच पानांच्या बोचक्यात दोबी रेतेहे. पिल्ले चकचकीत पिवळसर रंगाचे असतात. प्रौढ व पिल्ले मावा, तुडतुडे, फुलकिडे, कोळी, किडीं अंडी तसेच लहान अळ्या माय आपू सोंड खुपसून माजमे द्रव शोषण केते हे त्यामुळे किडी मोय जातहे.","इ ढेकूण फुले तसेच पानांच्या बोचक्यात दोबी रेतेहे. पिल्ले चकचकीत पिवळसर रंगाचे असतात. प्रौढ व पिल्ले मावा, जासीड, फुलकिडे, कोळी, किडे मारुलों हाकवे तसेच लहान अळ्या माय आपू सोंड खुपसून माजमे द्रव शोषण केते हे त्यामुळे किडे मारुलो मोय जातहे."
मुरघास,सिलेज,8,0,8,0,-45.607,-5.7008,output/rudra-bhili-translate/generations/bhb2mar/ckp_33600_beam/bhb2mar_predictions.jsonl,216,. .काळजी लेवा दुधाळ जनावरांचे आरोग्य व दुग्धोत्पादन इयाम सातत्य राखो व दुग्धोत्पादनाच्या वाढीमुळे पशुपालकांच्या उत्पन्नात भर पडे मदत वेहे. शेतीला पुरक व्यवसाय म्हणुन दुधाळ जनावरा संगोपन केरा व पुरक व्यवसायुम उत्पादन वाढवणे ही काळ गरज अहि. मुरघास जनावरा वर्षभर लिलो चारो देवो,. .काळजी घ्या दुधाळ जनावरांचे आरोग्य व दुग्धोत्पादनामध्ये सातत्य राखल्यास दुग्धोत्पादनाच्या वाढीमुळे पशुपालकांच्या उत्पन्नात भर पडण्यास मदत होईल. शेतीला पुरक व्यवसाय म्हणुन दुधाळ जनावरांचे संगोपन करावे व पुरक व्यवसायातून उत्पादन वाढविणे ही काळाची गरज आहे. मुरघास जनावरांना वर्षभर हिरवा चारा द्यावा.,. .काळजी घ्या दुधाळ जनावरांचे आरोग्य व दुग्धोत्पादनामध्ये सातत्य राखल्यास दुग्धोत्पादनाच्या वाढीमुळे पशुपालकांच्या उत्पन्नात भर पडण्यास मदत होईल. शेतीला पुरक व्यवसाय म्हणुन दुधाळ जनावरांचे संगोपन करावे व पुरक व्यवसायातून उत्पादन वाढविणे ही काळाची गरज आहे. सिलेज जनावरांना वर्षभर हिरवा चारा द्यावा.
प्रजाती,जाती,17,6,11,0,-45.325,-2.6662,output/rudra-bhili-translate/generations/mar2bhb/ckp_33600_beam/mar2bhb_predictions.jsonl,679,"हि किड सर्वांत जास्त मका,मधुमका, ज्वारी, हराळी(बरमुडा गवत),गवतवर्गीय तणे जसे डीजीटेरीया प्रजाती (कॅबग्रास)यावर उपजिविका करतांना आढळुन येते.","इ किड होघाने वाद डोडा,गुड डोडा,जुवा,चणा चारो जेहकी डिजीटेरीया प्रजाती (कॅबग्रास) इयाव जिवना आवेहे.","इ किड होघाने वाद डोडा,गुड डोडा,जुवा,चणा चारो जेहकी डिजीटेरीया जाती (कॅबग्रास) इयाव जिवना आवेहे."
सूक्ष्म अन्नद्रव्य,सूक्ष्म मूलद्रव्ये,6,0,6,0,-45.124,-7.5206,output/rudra-bhili-translate/generations/bhb2mar/ckp_33600_beam/bhb2mar_predictions.jsonl,721,इया योजनाम देख शेतकऱ्यांहान कीटकनाशक आन जिंक झिंक सल्फेटू होच सूक्ष्म अन्नद्रव्य वेचाते ल्या केता 50 टक्के सवलत मिलहे,या योजनेतून शेतकऱ्यांना कीटकनाशके आणि झिंक सल्फेटसारखी सूक्ष्म अन्नद्रव्ये खरेदी करण्यासाठी ५० टक्के सबसिडी मिळते.,या योजनेतून शेतकऱ्यांना कीटकनाशके आणि जस्त सल्फेटसारखी सूक्ष्म मूलद्रव्येे खरेदी करण्यासाठी ५० टक्के सबसिडी मिळते.
शिकारी,भक्षक,6,0,6,0,-44.896,-7.4826,output/rudra-bhili-translate/generations/bhb2mar/ckp_33600_beam/bhb2mar_predictions.jsonl,652,"सुमारे ८५,००० ते ७२,००० वोराहापूर्वी मैने आधुनिक मानवी शिकारी –संकलक उत्तर प्रदेशाम हाय.","सुमारे ८५,००० ते ७२,००० वर्षांपूर्वीपासून आधुनिक मानव शिकारी-संकलक उत्तर प्रदेशात होते.","सुमारे ८५,००० ते ७२,००० वर्षांपूर्वीपासून आधुनिक मानव भक्षक-संकलक उत्तर प्रदेशात होते."
तांबेरा,गंज रोग,6,0,6,0,-44.724,-7.454,output/rudra-bhili-translate/generations/bhb2mar/ckp_33600_beam/bhb2mar_predictions.jsonl,612,"हागा चाडवाहल भुरी, तांबेरा आणि टिका हे रोग प्रामुख्याने आवताहां. त्याहां नियंत्रणा केता डायथेन एम-४५ आण इतर गंधकयुक्त बुरशीनाशक फवाराणी केंणुं","सागाच्या झाडास भुरी, तांबेरा आणि टिका हे रोग प्रामुख्याने येतात. त्यांच्या नियंत्रणासाठी डायथेन एम-४५ आणि इतर गंधकयुक्त बुरशीनाशकांची फवाराणी करावी.","सागाच्या झाडास भुरी, गंज रोग आणि टिका हे रोग प्रामुख्याने येतात. त्यांच्या नियंत्रणासाठी डायथेन एम-४५ आणि इतर गंधकयुक्त बुरशीनाशकांची फवाराणी करावी."
मसाला,मसाले,12,0,12,0,-44.63,-3.7192,output/rudra-bhili-translate/generations/bhb2mar/ckp_33600_beam/bhb2mar_predictions.jsonl,370,"नारळ-मसाला मिश्रपिकां लागवडी खातोर हारि जमिनी निवड, योग्य पाणीपुरवठा आणे अनुकूल नैसगिर्क हवामान या बाबी मुलभूत हाय. विद्यापीठा की केल्या शिफारशीनुसार नारळ त्याच प्रमाणे मिश्र पीक म्हणून मसाला पिकांच लागवड वे हे","नारळ-मसाला मिश्रपिकांच्या लागवडीसाठी योग्य जमिनीची निवड, योग्य पाणीपुरवठा आणि अनुकूल नैसगिर्क हवामान या बाबी मुलभूत आहेत. विद्यापीठाने केलेल्या शिफारशीनुसार नारळ तसेच त्याच प्रमाणात मिश्र पीक म्हणून मसाला पिकांची लागवड होताना दिसून आली आहे.","नारळ-मसाले मिश्रपिकांच्या लागवडीसाठी योग्य जमिनीची निवड, योग्य पाणीपुरवठा आणि अनुकूल नैसगिर्क हवामान या बाबी मुलभूत आहेत. विद्यापीठाने केलेल्या शिफारशीनुसार नारळ तसेच त्याच प्रमाणात मिश्र पीक म्हणून मसाले पिकांची लागवड होताना दिसून आली आहे."
कीटक,किडे,9,0,9,0,-44.121,-4.9023,output/rudra-bhili-translate/generations/mar2bhb/ckp_33600_beam/mar2bhb_predictions.jsonl,533,ब) संगोपनगृहात परोपजिवी कीटक सोडण्याची पध्दत रेशीम कीटकाच्या वाढीच्या ५ व्या अवस्थेत म्हणजे चौथी कात अवस्था संपल्या नतंर ३ या ते ५ व्या दिवसा पर्यत २ पाऊच निसोलयनेक्स परोपजिवी कीटक प्रति १०० अंडिपूज या प्रमाणात ठेवावेत. कोष काढणी नतंर हेच पाऊच खताच्या खड्याजवळ ठेवावेत.,ब) संगोपनगृहाम परोपजिवी कीडे सोडनू पध्दत रेशीम कीटकाहा वाढी ५ व्या अवस्थेताम म्हणजे चौथों कात अवस्था पारवायन ३ या ते ५ व्या दिवसा पर्यत २ पाऊच निसोलयनेक्स परोपजिवी कीडे प्रति १०० अंडिपूज या प्रमाणांम थोवनु. कोष काढणी नतंर इच पाऊच खता खड्याजवळ थोवनु.,ब) संगोपनगृहाम परोपजिवी कीडे सोडनू पध्दत रेशीम किडेाहा वाढी ५ व्या अवस्थेताम म्हणजे चौथों कात अवस्था पारवायन ३ या ते ५ व्या दिवसा पर्यत २ पाऊच निसोलयनेक्स परोपजिवी कीडे प्रति १०० अंडिपूज या प्रमाणांम थोवनु. गोहटो काढणी नतंर इच पाऊच खता खड्याजवळ थोवनु.
धूप,धुप,12,6,6,0,-42.661,-3.5551,output/rudra-bhili-translate/generations/mar2bhb/ckp_33600_beam/mar2bhb_predictions.jsonl,749,तसेच जमिनीची धूप ५१.५८ टक्के कमी होते.,तेहेकीच जमिनी धूप ५१.५८ टक्के कमी वेहे.,तेहेकीच जमिनी धुप ५१.५८ टक्के कमी वेहे.
परागीभवन,परागीकरण,6,0,6,0,-42.188,-7.0313,output/rudra-bhili-translate/generations/mar2bhb/ckp_33600_beam/mar2bhb_predictions.jsonl,113,एका अहवालानुसार परागीभवनासाठी मधमाशांवर अवलंबुन असलेल्या भारतातील 12 महत्वाच्या पिकांचे पूर्णपणे परागीभवन करण्यासाठी 70 लाख मधमाशांच्या वसाहतींची गरज आहे.,एका अहवालाम परागीभवनाखातोर मधमाशांहाव अवलंबुन रेणार्या भारतामने 12 महत्वा पिकांहा पूर्ण परागीभवन केरा खातोर 70 लाखा मधमाशांहा वसाहती गरज हाय.,एका अहवालाम परागीकरणाखातोर मधमाशांहाव अवलंबुन रेणार्या भारतामने 12 महत्वा पिकांहा पूर्ण परागीकरण केरा खातोर 70 लाखा मधमाशांहा वसाहती गरज हाय.
सा,व्हे,6,0,6,0,-41.885,-6.9808,output/rudra-bhili-translate/generations/bhb2mar/ckp_33600_beam/bhb2mar_predictions.jsonl,836,"कोल्लीपुराई', 'कोल्लीपोराई', 'कोल-इरुमपोराई' आन 'सा इरुमपोराई' एहंड्या ब्राह्मी आख्यायिका रेनारी अशुद्ध चांदी पोयसा बि करूरमामने सापडुला हाय.","कोल्लीपुराई', 'कोल्लीपोराई', 'कोल-इरुमपोराई' आणि 'सा इरुमपोराई' अशा ब्राह्मी आख्यायिका असलेली अशुद्ध चांदी नाणी देखील करूरमधून सापडली आहेत.","कोल्लीपुराई', 'कोल्लीपोराई', 'कोल-इरुमपोराई' आणि 'व्हे इरुमपोराई' अशा ब्राम्ही आख्यायिका असलेली अशुद्ध चांदी नाणी देखील करूरमधून व्हेपडली आहेत."
ब्राह्मी,ब्राम्ही,6,0,6,0,-41.885,-6.9808,output/rudra-bhili-translate/generations/bhb2mar/ckp_33600_beam/bhb2mar_predictions.jsonl,836,"कोल्लीपुराई', 'कोल्लीपोराई', 'कोल-इरुमपोराई' आन 'सा इरुमपोराई' एहंड्या ब्राह्मी आख्यायिका रेनारी अशुद्ध चांदी पोयसा बि करूरमामने सापडुला हाय.","कोल्लीपुराई', 'कोल्लीपोराई', 'कोल-इरुमपोराई' आणि 'सा इरुमपोराई' अशा ब्राह्मी आख्यायिका असलेली अशुद्ध चांदी नाणी देखील करूरमधून सापडली आहेत.","कोल्लीपुराई', 'कोल्लीपोराई', 'कोल-इरुमपोराई' आणि 'व्हे इरुमपोराई' अशा ब्राम्ही आख्यायिका असलेली अशुद्ध चांदी नाणी देखील करूरमधून व्हेपडली आहेत."
बीज प्रक्रिया,बियारा प्रक्रिया,8,0,8,0,-40.021,-5.0026,output/rudra-bhili-translate/generations/mar2bhb/ckp_33600_beam/mar2bhb_predictions.jsonl,792,पेरणीपूर्वी बियाण्यास ट्रायकोडर्मा या जैविकाची ४ ग्रॅम प्रति किलो या प्रमाणात बीज प्रक्रिया करावी.,पेरणीपेला बियाण्यास ट्रायकोडर्मा या जैविका ४ ग्रॅम प्रति किलो या प्रमाणात बीज प्रक्रिया केनु.,पेरणीपेला बियाण्यास ट्रायकोडर्मा या जैविका ४ ग्राम प्रति किलो या प्रमाणात बियारा प्रक्रिया केनु.
जैविक कीडनाशक,जैव कीटकनाशक,6,0,6,0,-39.723,-6.6205,output/rudra-bhili-translate/generations/bhb2mar/ckp_33600_beam/bhb2mar_predictions.jsonl,782,"फुले बगीसाईड ई जैविक कीडनाशक असून तो द्राक्ष, डाळिंब, सिताफळ, आंबा, फुलझाडे, हरित गृहामेने पिके, भाजीपाला इ.","फुले बगीसाईड हे जैविक कीडनाशक असून ते द्राक्ष, डाळिंब, सिताफळ, आंबा, फुलझाडे, हरित गृहातील पिके, भाजीपाला इ.","फुलांचा झुबका बगीसाईड हे जैव कीटकनाशक असून ते द्राक्ष, डाळिंब, सिताफळ, आंबा, फुलझाडे, हरित गृहातील पिके, भाजीपाला इ."
कृषी उत्पन्न,खेती उत्पन्न,12,0,12,0,-39.326,-3.2771,output/rudra-bhili-translate/generations/mar2bhb/ckp_33600_beam/mar2bhb_predictions.jsonl,688,नंदुरबार कृषी उत्पन्न बाजार समितीत गव्हाचा सरासरी दर २४०० रुपये प्रति क्विंटल असा स्थिर राहिला आहे.,नंदुरबार कृषी उत्पन्न बाजार समितीम गोन्वु सरासरी दर 2400 रुपया प्रति क्विंटल अतो स्थिर रियो.,नंदुरबार खेती उत्पन्न बाजार समितीम गोन्वु सरासरी दर 2400 रुपया प्रति क्विंटल अतो स्थिर रियो.
ऑनलाईन अर्ज,ऑनलाइन अर्ज,6,0,6,0,-38.978,-6.4963,output/rudra-bhili-translate/generations/bhb2mar/ckp_33600_beam/bhb2mar_predictions.jsonl,707,धडगाव म राष्ट्रीय कृषी विकास योजना म शेततळे नेता ठिबक सिंचन बोहवणु केता ऑनलाईन अर्ज चालू वेयहा,धडगावमध्ये राष्ट्रीय कृषी विकास योजनेतून शेततळे किंवा ठिबक सिंचन बसवण्यासाठी ऑनलाईन अर्ज सुरू झाले आहेत.,धडगावमध्ये राष्ट्रीय कृषी विकास योजनेतून शेततळे किंवा ठिबक नळी बसवण्यासाठी ऑनलाइन अर्ज सुरू झाले आहेत.
दाणेदार,कण,6,0,6,0,-38.816,-6.4694,output/rudra-bhili-translate/generations/bhb2mar/ckp_33600_beam/bhb2mar_predictions.jsonl,90,रोपवाटिकेम पेरणीनंतर १५ दिहाकी हेक्टरी ३% दाणेदार कार्बोफ्युरॉन १६.५ किलो किंवा १५ किलो क्विनॉलफॉस (५%) यापैकी केलो बी एका दाणेदार कीटकनाशका वापर केरूलो,रोपवाटिकेत पेरणीनंतर १५ दिवसांनी हेक्टरी ३% दाणेदार कार्बोफ्युरॉन १६.५ किलो किंवा १५ किलो क्विनॉलफॉस (५%) यापैकी कोणत्याही एका दाणेदार कीटकनाशकाचा वापर करावा.,रोपवाटिकेत पेरणीनंतर १५ दिवसांनी हेक्टरी ३% कण कार्बोफ्युरान १६.५ किलो किंवा १५ किलो क्विनॉलफॉस (५%) यापैकी कोणत्याही एका कण कीटकनाशकाचा वापर करावा.
कार्बोफ्युरॉन,कार्बोफ्युरान,6,0,6,0,-38.816,-6.4694,output/rudra-bhili-translate/generations/bhb2mar/ckp_33600_beam/bhb2mar_predictions.jsonl,90,रोपवाटिकेम पेरणीनंतर १५ दिहाकी हेक्टरी ३% दाणेदार कार्बोफ्युरॉन १६.५ किलो किंवा १५ किलो क्विनॉलफॉस (५%) यापैकी केलो बी एका दाणेदार कीटकनाशका वापर केरूलो,रोपवाटिकेत पेरणीनंतर १५ दिवसांनी हेक्टरी ३% दाणेदार कार्बोफ्युरॉन १६.५ किलो किंवा १५ किलो क्विनॉलफॉस (५%) यापैकी कोणत्याही एका दाणेदार कीटकनाशकाचा वापर करावा.,रोपवाटिकेत पेरणीनंतर १५ दिवसांनी हेक्टरी ३% कण कार्बोफ्युरान १६.५ किलो किंवा १५ किलो क्विनॉलफॉस (५%) यापैकी कोणत्याही एका कण कीटकनाशकाचा वापर करावा.
तणनाशके,खोड मारूलो दावो,6,0,6,0,-36.277,-6.0462,output/rudra-bhili-translate/generations/mar2bhb/ckp_33600_beam/mar2bhb_predictions.jsonl,322,"6. कीटकनाशके व तणनाशके द्रवरूप खतात मिसळून दिल्याने मजूर, यंत्रसामग्री व पर्यायाने आर्थिक बचत होते.","6. कीटकनाशके आन तणनाशके द्रवरूप खोताम बेडीन देदो हाती मजूर, यंत्रसामग्री आन पर्यायाकी आर्थिक बचत वेहे.","6. किड़े मानू दावो आन खोड मारूलो दावो द्रवरूप खोताम बेडीन देदो हाती मजूर, यंत्रसामग्री आन पर्यायाकी आर्थिक बचत वेहे."
बियाणे,बियारो,20,8,12,0,-36.105,-1.8052,output/rudra-bhili-translate/generations/mar2bhb/ckp_33600_beam/mar2bhb_predictions.jsonl,697,अभिवृध्दी : बियांपासून रोपे करून. हेक्टरी बियाणे : ७५० ते १२५० ग्रॅम,अभिवृध्दी : बियांकी रोप बनवूनू . हेक्टरी बियाणे : ७५० ते १२५० ग्रॅम,अभिवृध्दी : बियांकी रोप बनवूनू . हेक्टरी बियारो : ७५० ते १२५० ग्राम
सांगाडा,कंकाल स्नायू,6,0,6,0,-33.928,-5.6547,output/rudra-bhili-translate/generations/bhb2mar/ckp_33600_beam/bhb2mar_predictions.jsonl,233,"सांगाडा तुयार केतांना कमीत कोमी लाकडा नायता लोखंडा वापर केनु, याके प्रकाश किरण अडविली जाय नाय या काळजी लेवनु.","सांगाडा तयार करतांना कमीत कमी लाकडाचा किंवा लोखंडाचा वापर करावा, जेणेकरून प्रकाश किरण अडविले जातील याची काळजी घ्यावी.","कंकाल स्नायू तयार करतांना कमीत कमी लाकडाचा किंवा लोखंडाचा वापर करावा, जेणेकरून प्रकाश किरण अडविले जातील याची काळजी घ्यावी."
पाझर तलाव,पांय मुरनू टाकी,6,0,6,0,-32.933,-5.4889,output/rudra-bhili-translate/generations/mar2bhb/ckp_33600_beam/mar2bhb_predictions.jsonl,148,"१) पाझर तलाव : जेथे भूस्तरीय परिस्थिती पाणी पाझरास उपयुक्त आहे अशा ठिकाणी नाल्यात किंवा नाल्याच्या शेजारी तलाव खोदून, बंधारा बांधून त्यात पावसाचे पाणी साठवावे.","१) पाझर तलाव : जिहीं भूस्तरीय परिस्थिती पाइ पाझरास उपयुक्त हाय एहेंडी ठिकाणी नाला नायता नाला पाही तलाव खोदिन, बंधारा बांधीन तियांम पांया पाइ साठवणूक केनू.","१) पांय मुरनू टाकी : जिहीं भूस्तरीय परिचिती पाइ पाझरास उपयुक्त हाय एहेंडी ठिकाणी नाला नायता नाला पाही तलाव खोदिन, चेक डॅम बांधीन तियांम पांया पाइ साठवणूक केनू."
हिरडा,हरिताकी,6,0,6,0,-32.443,-5.4072,output/rudra-bhili-translate/generations/mar2bhb/ckp_33600_beam/mar2bhb_predictions.jsonl,50,"यापैकी हिरडा, बेहडा, बिब्बा, रिठा, जांभूळ, मोहा यांची फळे मिळतील.","यामाने हिरडा, बेहडा, बिब्बा, रिठा, जांभूळ, मोहा या फळे मिली.","यामाने हरिताकी, बेडो, बिब्बा, रिंगण, जांम्बें, मोहा या फळे मिली."
बेहडा,बेडो,6,0,6,0,-32.443,-5.4072,output/rudra-bhili-translate/generations/mar2bhb/ckp_33600_beam/mar2bhb_predictions.jsonl,50,"यापैकी हिरडा, बेहडा, बिब्बा, रिठा, जांभूळ, मोहा यांची फळे मिळतील.","यामाने हिरडा, बेहडा, बिब्बा, रिठा, जांभूळ, मोहा या फळे मिली.","यामाने हरिताकी, बेडो, बिब्बा, रिंगण, जांम्बें, मोहा या फळे मिली."
रिठा,रिंगण,6,0,6,0,-32.443,-5.4072,output/rudra-bhili-translate/generations/mar2bhb/ckp_33600_beam/mar2bhb_predictions.jsonl,50,"यापैकी हिरडा, बेहडा, बिब्बा, रिठा, जांभूळ, मोहा यांची फळे मिळतील.","यामाने हिरडा, बेहडा, बिब्बा, रिठा, जांभूळ, मोहा या फळे मिली.","यामाने हरिताकी, बेडो, बिब्बा, रिंगण, जांम्बें, मोहा या फळे मिली."
जांभूळ,जांम्बें,6,0,6,0,-32.443,-5.4072,output/rudra-bhili-translate/generations/mar2bhb/ckp_33600_beam/mar2bhb_predictions.jsonl,50,"यापैकी हिरडा, बेहडा, बिब्बा, रिठा, जांभूळ, मोहा यांची फळे मिळतील.","यामाने हिरडा, बेहडा, बिब्बा, रिठा, जांभूळ, मोहा या फळे मिली.","यामाने हरिताकी, बेडो, बिब्बा, रिंगण, जांम्बें, मोहा या फळे मिली."
बोंड,कवठ,11,0,11,0,-32.195,-2.9269,output/rudra-bhili-translate/generations/bhb2mar/ckp_33600_beam/bhb2mar_predictions.jsonl,250,"सर्वेक्षण: पाने अन फुले अवस्थाम किमान दर आठवडाम खेता प्रतिनिधित्व केरूलंन 20 चाडे निवडून तियावने एकूण रोग पडले फुले( डोमकळ्या) पाते,बोंडे, गोडीन 5 ते 20 टक्के कीडग्रस्थ प्रमाण रोहयो तर पेहेलों बोंड अवस्था 20 नीले बोडे तोडिन (प्रत्येक चाडव एक या प्रमाणे)5 ते 10 टक्के बोंडे किंव्हा 20 पैकी बेन बोंडंम गुलाबी /उजली ओली सापडी ताहा अर्थीक नुकसान पातळी होमजिन कीटक नाशक वापर केनू.","सर्वेक्षण: पाने व फुले अवस्थेत किमान दर आठवड्याला शेताचे प्रतिनिधित्व करणारी २० झाडे निवडून त्यावरील एकूण रोगट फुले (डोमकळ्या), पाते, बोंडे ५ ते २० टक्के कीडग्रस्त आढळल्यास पहिली बोंड अवस्था २० हिरवी बोंडे तोडून (प्रत्येक झाडास एक या प्रमाणे) ५ ते १० टक्के बोंडे किंवा २० पैकी दोन बोंडात गुलाबी / पांढरी अळी सापडल्यास अर्थीक नुकसान पातळीचे लक्षण समजून कीटकनाशकाचा वापर करावा.","सर्वेक्षण: पाने व फुलांचा झुबका अवस्थेत किमान दर आठवड्याला शेताचे प्रतिनिधित्व करणारी २० झाडे निवडून त्यावरील एकूण रोगट फुलांचा झुबका (डोमकळ्या), पाते, कवठे ५ ते २० टक्के कीडग्रस्त आढळल्यास पहिली कवठ अवस्था २० हिरवी कवठे तोडून (प्रत्येक झाडास एक या प्रमाणे) ५ ते १० टक्के कवठे किंवा २० पैकी दोन कवठात गुलाबी / पांढरी अळी सापडल्यास अर्थीक नुकसान पातळीचे लक्षण समजून कीटकनाशकाचा वापर करावा."
गर,दाणे,12,0,12,0,-32.098,-2.6748,output/rudra-bhili-translate/generations/bhb2mar/ckp_33600_beam/bhb2mar_predictions.jsonl,800,"प्रक्रियेम प्राथमिक, माध्यमिक व उच्चप्रक्रिया ऐहडा स्तर रेताहा. प्राथमिक स्वरुपा प्रक्रि येकी (सफाई, वर्गवारी, पॅकिंग, साठवण, वाहतूक, गर किंवा रस काडूलो इ.) ३०-३५ टक्के मूल्यवर्धन वेहे.","प्रक्रियेमध्ये प्राथमिक, माध्यमिक व उच्चप्रक्रिया असे स्तर असतात. प्राथमिक स्वरूपाच्या प्रक्रियेद्वारे (सफाई, वर्गवारी, पॅकिंग, साठवण, वाहतूक, गर किंवा रस काढणे इत्यादी) ३०-३५ टक्के मूल्यवर्धन होते.","प्रक्रियेमध्ये प्राथमिक, माध्यमिक व उच्चप्रक्रिया असे स्तर असतात. प्राथमिक स्वरूपाच्या प्रक्रियेद्वारे (सफाई, वर्गवारी, पॅकिंग, साठवण, वाहतूक, दाणे किंवा रस काढणे इत्यादी) ३०-३५ टक्के मूल्यवर्धन होते."
सूक्ष्म अन्नद्रव्ये,खूब कमी प्रमाणाम घटक,4,0,4,0,-31.019,-7.7547,output/rudra-bhili-translate/generations/mar2bhb/ckp_33600_beam/mar2bhb_predictions.jsonl,721,या योजनेतून शेतकऱ्यांना कीटकनाशके आणि झिंक सल्फेट सारखी सूक्ष्म अन्नद्रव्ये खरेदी करण्यासाठी ५० टक्के सवलत मिळते.,या योजनामने शेतकऱ्यांहान कीटकनाशके आन झिंक सल्फेट सारखे सूक्ष्म अन्नद्रव्ये खरेदी केराखातोर ५० टक्के सवलत मिलेहे.,या योजनामने शेतकऱ्यांहान किड़े मानू दावो आन झिंक सल्फेट सारखे खूब कमी प्रमाणाम घटक खरेदी केराखातोर ५० टक्के सवलत मिलेहे.
काल,दुष्काळ,6,0,6,0,-30.892,-5.1487,output/rudra-bhili-translate/generations/bhb2mar/ckp_33600_beam/bhb2mar_predictions.jsonl,574,"ओ हिजवुनु काल कमी केरा खातोर कुलथी (हुलगा), मटकी इयारोक्या कडधान्ये पेले पायाम रातपोय पिजवी थोवनु आन फाचे हिजवुनु.","हा शिजण्याचा कालावधी कमी करण्यासाठी कुलथी (हुलगा), मटकी यांसारख्या कडधान्ये प्रथम पाण्यात रात्रभर भिजत ठेवावीत व नंतर शिजवावी.","हा शिजण्याचा दुष्काळावधी कमी करण्यासाठी कुलथी (हुलगा), मटकी यांसारख्या कडधान्ये प्रथम पाण्यात रात्रभर भिजत ठेवावीत व नंतर शिजवावी."
दही,खाटों दुद,6,0,6,0,-30.326,-5.0544,output/rudra-bhili-translate/generations/mar2bhb/ckp_33600_beam/mar2bhb_predictions.jsonl,601,विरजणाकरिता आदल्या दिवशीचे ताक किंवा दही यांचा वापर करावा. विरजण नीट दुधात मिसळावे.,विरजणाकेता आगला दिह्या ताक नायता दही यां वापर केनू. विरजण नीट दुधाम मिक्स केनू.,विरजणाकेता आगला दिह्या ताक नायता खाटों दुद यां वापर केनू. विरजण नीट दुधाम मिक्स केनू.
आंतरमशागत,आंतरसांस्कृतिक कार्य,6,0,6,0,-30.203,-5.0339,output/rudra-bhili-translate/generations/mar2bhb/ckp_33600_beam/mar2bhb_predictions.jsonl,565,आंतरमशागत: पेरणीनंतर १० ते १५ दिवसांनी विरळणी करून एका ठिकाणी एकच रोप ठेवावे.,आंतरमशागत: पोणी नंतर 10 ते 15 दिहुम विरळणी कीन योक ठिकाणी योक रोप ठेवुलो.,आंतरसांस्कृतिक कार्य: पोणी नंतर 10 ते 15 दिहुम विरळणी कीन योक ठिकाणी योक रोपे ठेवुलो.
मटकी,मोठ,6,0,6,0,-29.741,-4.9568,output/rudra-bhili-translate/generations/mar2bhb/ckp_33600_beam/mar2bhb_predictions.jsonl,574,"हा शिजविण्याचा कालावधी कमी करण्यासाठी कुलथी (हुलगा), मटकी यासारखी कडधान्ये अगोदर पाण्यात रात्रभर भिजत ठेवतात व नंतर शिजवितात.","ओ चुडवुलो दिही कोमी केरा खातूर कुलथा (हुलगा), मटकी इयाहोच कोडधान्ये पेला पायुम रातपोयी पिगवी थोवतेह आण पासला चुडवुतेह.","ओ चुडवुलो दिही कोमी केरा खातूर कुलथा (मुग), मोठ इयाहोच कोडधान्ये पेला पायुम रातपोयी पिगवी थोवतेह आण पासला चुडवुतेह."
वखरणी,खोडकाडनूं,2,0,2,0,-29.302,-14.651,output/rudra-bhili-translate/generations/mar2bhb/ckp_18400_beam/mar2bhb_predictions.jsonl,808,तसेच दोन झाडाच्या ओळीत वखरणी करावी.,तेहकीज बेन चाडा ओळीम वखरणी केनू.,तेहकीज बेन चाडा ओळीम खोडकाडनूं केनू.
फॉगर,फोगर,6,0,6,0,-29.066,-4.8443,output/rudra-bhili-translate/generations/mar2bhb/ckp_33600_beam/mar2bhb_predictions.jsonl,918,"या तंत्राने चारा उत्पादनासाठी ५० ते ७५ टक्के क्षमतेचे शेडनेट, फॉगर सिस्टीम, टाईमर, प्लास्टिक ट्रे इ. साधनांची गरज असते.","या तंत्रज्ञान चारा उत्पादनाहाठी ५० ते ७५ टक्के शेडनेट, फॉगर सिस्टीम, टाईमर, प्लास्टिक ट्रे इ. साधनांहा गरज रेहे","या तंत्रज्ञान चारा उत्पादनाहाठी ५० ते ७५ टक्के शेडनेट, फोगर सिस्टीम, टाईमर, प्लास्टिक ट्रे इ. साधनांहा गरज रेहे"
बंधारा,चेक डॅम,6,0,6,0,-28.098,-4.6829,output/rudra-bhili-translate/generations/mar2bhb/ckp_33600_beam/mar2bhb_predictions.jsonl,148,"१) पाझर तलाव : जेथे भूस्तरीय परिस्थिती पाणी पाझरास उपयुक्त आहे अशा ठिकाणी नाल्यात किंवा नाल्याच्या शेजारी तलाव खोदून, बंधारा बांधून त्यात पावसाचे पाणी साठवावे.","१) पाझर तलाव : जिहीं भूस्तरीय परिस्थिती पाइ पाझरास उपयुक्त हाय एहेंडी ठिकाणी नाला नायता नाला पाही तलाव खोदिन, बंधारा बांधीन तियांम पांया पाइ साठवणूक केनू.","१) पांय मुरनू टाकी : जिहीं भूस्तरीय परिचिती पाइ पाझरास उपयुक्त हाय एहेंडी ठिकाणी नाला नायता नाला पाही तलाव खोदिन, चेक डॅम बांधीन तियांम पांया पाइ साठवणूक केनू."
जात,जाती,13,0,13,0,-27.923,-2.1479,output/rudra-bhili-translate/generations/mar2bhb/ckp_33600_beam/mar2bhb_predictions.jsonl,307,कातडी मऊ असल्याने भारतात आणि परदेशामध्ये तिला फार मोठ्या प्रमाणात मागणी आहे. ही जात एका वेतात दोन किंवा तीन पिल्लांना जन्म देते.,चामडी नरम रेहे तीयाल भारताम आणे परदेशाम तियाल वाद मागणी रेहे. ई जात एक वेताम बेन नायता तीन पिलकाहाल जन्म देहे.,चामडी नरम रेहे तीयाल भारताम आणे परदेशाम तियाल वाद मागणी रेहे. ई जाती एक वेताम बेन नायता तीन पिलकाहाल जन्म देहे.
किडे,कीटक,7,0,7,0,-27.467,-3.9238,output/rudra-bhili-translate/generations/bhb2mar/ckp_33600_beam/bhb2mar_predictions.jsonl,709,"ओहडा प्रकारामेने उखाडणा मासाहप किडे, माकडे, बीजी बीजी जाती देखायेत नाय.","अशा प्रकारातील उखाडलेल्या माशांवर किडे, माशांवर माशा, इतर कोणताही प्रकार दिसून येत नाही.","अशा प्रकारातील उखाडलेल्या माशांवर कीटक, माशांवर माशा, इतर कोणताही प्रकार दिसून येत नाही."
विरोध,निषेध,6,0,6,0,-26.711,-4.4518,output/rudra-bhili-translate/generations/bhb2mar/ckp_33600_beam/bhb2mar_predictions.jsonl,467,विस्थापित माहू कोडता भरपाई प्रस्तावा प वाद निर्माण वेयो आन 1974 साली मे विरोध सुरू हाय एन तोयो तो चालुज हाय.,विस्थापित लोकांच्या घरबांधणी भरपाईच्या प्रस्तावावरून वाद निर्माण झाला आणि १९७४ साली सुरू झालेला विरोध अजूनही सुरू आहे.,विस्थापित लोकांच्या घरबांधणी भरपाईच्या प्रस्तावावरून वाद निर्माण झाला आणि १९७४ साली सुरू झालेला निषेध अजूनही सुरू आहे.
परोपजीवी,परजीवी,6,0,6,0,-26.702,-4.4503,output/rudra-bhili-translate/generations/mar2bhb/ckp_33600_beam/mar2bhb_predictions.jsonl,284,३) परोपजीवी जंतांचा प्रादुर्भाव टाळण्यासाठी २ ते ३ महिन्याच्या अंतराने जंतुनाशक औषध पाजावे.,३) परोपजीवी जंतहां प्रादुर्भाव टालाकेता २ ते ३ मोयना अंतराकी जंतुनाशक औषध पाजनु.,३) परजीवी जंतहां प्रादुर्भाव टालाकेता २ ते ३ मोयना अंतराकी जंतुनाशक औषध पाजनु.
कीड नियंत्रण,किड नियंत्रण,6,0,6,0,-26.57,-4.4283,output/rudra-bhili-translate/generations/mar2bhb/ckp_33600_beam/mar2bhb_predictions.jsonl,577,व्यवस्थापनासाठी मेटॉरीझम अॅनीसोपली ही प्रजाती प्रभावीपणे कीड नियंत्रण करते असे आढळून आले आहे.,व्यवस्थापनाखातर मेटॉरीझम अॅनीसोपली ही प्रजाती प्रभावीपणे कीड नियंत्रण केहे एहके आढळून आले हाय,व्यवस्थापनाखातर मेटॉरीझम अॅनीसोपली ही जाती प्रभावीपणे किड नियंत्रण केहे एहके आढळून आले हाय
गाजर,गाजरे,12,0,12,0,-25.789,-2.1491,output/rudra-bhili-translate/generations/mar2bhb/ckp_33600_beam/mar2bhb_predictions.jsonl,853,"मेक्सिकन भुंग्याचाद्वारे गाजर निर्मुलन करण्याच्या मोहीमेची सुरुवात करण्यात यावी, अशी","मेक्सिकन भुंग्याचाद्वारे गाजर निर्मूलन करण्याच्या मोहिमा सुरुवात केणूम आवी, अशी","मेक्सिकन भुंग्याचाद्वारे गाजरे निर्मूलन करण्याच्या मोहिमा सुरुवात केणूम आवी, अशी"
जीवामृत,जीवमृत,6,0,6,0,-25.326,-4.221,output/rudra-bhili-translate/generations/mar2bhb/ckp_33600_beam/mar2bhb_predictions.jsonl,351,मिरची पिकातील मावा कीड नियंत्रणासाठी जीवामृत आणि दशपर्णी अर्क यांचा नियमित वापर फायदेशीर ठरतो.,मिरची पिकावेने मावा कीड नियंत्रणाकेता जीवामृत आन दशपर्णी अर्क इयाहा नियमित वापर फायदेशीर रेहे.,मिरची पिकावेने मावा किड नियंत्रणाकेता जीवमृत आन दशपर्णी अर्क इयाहा नियमित वापर फायदेशीर रेहे.
भेट,कलम सांधने,6,0,6,0,-24.919,-4.1532,output/rudra-bhili-translate/generations/bhb2mar/ckp_33600_beam/bhb2mar_predictions.jsonl,666,तुमा जिया क्षेत्राल भेट देताहा तिया क्षेत्रा कल तुमा केल्ला भागामेने आहाय तियापेक्षा ओलोग रेवनुबि शक्यता आहाय आन तुमाहाल अनन्य आन निवडक वोस्तु मिली सेकेहे.,तुम्ही ज्या क्षेत्राला भेट देता त्या क्षेत्राचा कल तुम्ही कोणत्या भागातून आहात त्यापेक्षा वेगळा असण्याचीही शक्यता आहे आणि तुम्हाला अनन्य आणि निवडक वस्तू मिळू शकतात.,तुम्ही ज्या क्षेत्राला कलम सांधने देता त्या क्षेत्राचा कल तुम्ही कोणत्या भागातून आहात त्यापेक्षा वेगळा असण्याचीही शक्यता आहे आणि तुम्हाला अनन्य आणि निवडक वस्तू मिळू शकतात.
मूग,मुग,19,12,6,1,-24.902,-1.3106,output/rudra-bhili-translate/generations/bhb2mar/ckp_33600_beam/bhb2mar_predictions.jsonl,883,राष्ट्रीय अन्न सुरक्षा अभियाना अंतगुर्म मोंगा म्हणजे मूग पिका बियारा ५o टक्के अनुदान दि रियेहे .,राष्ट्रीय अन्न सुरक्षा अभियानांतर्गत मोंगा म्हणजे मूग पिकाच्या बियाणांवर ५० टक्के अनुदान दिले जाते.,राष्ट्रीय अन्न सुरक्षा अभियानांतर्गत मोंगा म्हणजे मुग पिकाच्या बियाणांवर ५० टक्के अनुदान दिले जाते.
दूध उत्पादन,दूद उत्पादन,6,0,6,0,-24.71,-4.1183,output/rudra-bhili-translate/generations/mar2bhb/ckp_33600_beam/mar2bhb_predictions.jsonl,826,परंतु दूध उत्पादन करणाध्या शेतकध्यांना एक प्रश्न भेडसावीत असतो आणि तो म्हणजे दूध काढल्यानंतर ते शहराकडे वाहतूक होईपर्यंत चांगल्या अवस्थेत टिकवणे.,पेन दूध उत्पादन केणाऱ्या शेतकऱ्यान एक प्रश्न आव्हे तो म्हणजे दूध काढीन फाचे तो शहरा हुग वाहतूक वी पर्यंत हारो रेका नाई .,पेन दूद उत्पादन केणाऱ्या शेतकऱ्यान एक प्रश्न आव्हे तो म्हणजे दूध काढीन फाचे तो शहरा हुग वाहतूक वी पर्यंत हारो रेका नाई .
प्रकाश,उजवाडं,14,2,12,0,-24.451,-1.7465,output/rudra-bhili-translate/generations/mar2bhb/ckp_33600_beam/mar2bhb_predictions.jsonl,570,"२. यांत्रिक पध्दती विविध यंत्र किंवा उपकरणे आणि मानवी शक्तीचा वापर करून किडींना मारणे किंवा किडींना खाद्यापर्यंत पोहचू न देणे, याला यांत्रिक पध्दती म्हणतात. उदा. हाताने किडी जमा करणे, कीडग्रस्त भाग नष्ट करणे, जाळीने किडी पकडणे, प्रकाश सापळे, कामगंध सापळे, धान्य चाळणे, चिकट सापळे, खोडाभोवती चिकट पदार्थ किंवा पत्रा लावणे, शेताभोवती चर खोदणे, फळांना झाकणे, धूर करणे, आग निर्माण करणारे यंत्र, पक्षांना हाकलण्यासाठीचे यंत्र.","२. यांत्रिक पध्दती विविध यंत्र किंवा उपकरणे आन मानवी शक्ती वापर किन किडींन मारलो किंवा किडींन खाद्यापर्यंत पोहचू नाय देवनु, इयाल यांत्रिक पध्दती आखतेहे. उदा. हाताने किडी जमा केनु, कीडग्रस्त भाग नष्ट केनु, जाळीने किडी तेनु, प्रकाश सापळे, कामगंध सापळे, धान्य चाळनु, चिकट सापळे, खोडाभोवती चिकट पदार्थ किंवा पत्रा लागवूनु, खेताभोवती चर खोदिन, फळांन झाकनु, तुर काढनु, आग निर्माण केनारो यंत्र, पक्षांन हाकलूनु यंत्र.","२. यांत्रिक पध्दती विविध यंत्र किंवा उपकरणे आन मानवी शक्ती वापर किन किडे मारुलोंन मारलो किंवा किडे मारुलोंन खाद्यापर्यंत पोहचू नाय देवनु, इयाल यांत्रिक पध्दती आखतेहे. उदा. हाताने किडे मारुलो जमा केनु, कीडग्रस्त भाग नष्ट केनु, जाळीने किडे मारुलो तेनु, उजवाडं सापळा, कामगंध सापळा, धान्य चाळनु, चिकट सापळा, खोडाभोवती चिकट पदार्थ किंवा पत्रा लागवूनु, खेताभोवती चर खोदिन, फळांन झाकनु, तुर काढनु, आग निर्माण केनारो यंत्र, पक्षांन हाकलूनु यंत्र."
कापणी,काढणी,3,0,3,0,-24.285,-8.0949,output/rudra-bhili-translate/generations/mar2bhb/ckp_33600_beam/mar2bhb_predictions.jsonl,234,त्यामुळे कापणी वेळेवर करावी.,त्याहाटी कापणी टायमाव कोअना,त्याहाटी काढणी टायमाव कोअना
भुईमूग,हेंग्या,12,7,5,0,-23.996,-1.9997,output/rudra-bhili-translate/generations/mar2bhb/ckp_33600_beam/mar2bhb_predictions.jsonl,647,"भुईमूगावरील टिक्का व तांबेरा रांगांचे अत्यंत सोप्या व घरगुती व बिनखर्चाच्या उपायांनी नियंत्रण करण्याचे तंत्र राष्ट्रीय भुईमूग संशोधन केंद्र, जुनागड यांनी विकसित केले आहे.","हेगीपेरी टिक्का व तांबेरा रांगां अत्यंत सोप्या व घरगुती व बिनखर्चाच्या उपायांकी नियंत्रण के नु तंत्र राष्ट्रीय भुईमूग संशोधन केंद्र, जुनागड यांहाय विकसित केलो हाय","हेगीपेरी टिक्का व तांबेरा रांगां अत्यंत सोप्या व घरगुती व बिनखर्चाच्या उपायांकी नियंत्रण के नु तंत्र राष्ट्रीय हेंग्या संशोधन केंद्र, जुनागड यांहाय विकसित केलो हाय"
प्रतवारी,ग्रेडिंग,12,0,11,1,-23.904,-1.992,output/rudra-bhili-translate/generations/mar2bhb/ckp_33600_beam/mar2bhb_predictions.jsonl,355,"आकार, रंग तसेच पूर्ण काजूगर, दुभंगलेले काजूगर, काजूगराचे तुकडे अशी प्रतवारी अजूनही हाताने करतात. काजू निर्यात वृद्धी (कॅश्यु एक्सपोर्ट प्रमोशन कौन्सिल) काजूगराची प्रतवारी २४ प्रतींमध्ये करतात. काजूगराचा आकार आणि बाह्य गुणवत्तेनुसार मुख्यत्वे, बार प्रती (ग्रेडस्) आहेत.","आकार, रंग तेहकीज पुरा काजूगर, बार कि आले काजूगर, काजूगरा तुकडा एहकी प्रतवारी आजीबी एठाआ केतेहे. काजू निर्यात वृद्धी (कॅश्यु एक्सपोर्ट प्रमोशन कौन्सिल) काजूगरा प्रतवारी २४ प्रतींमे कोतेहे. काजूगरा आकार आण बार गुणवत्तेनुसार मुख्यत्वे, बार प्रती (ग्रेडस्) हेते.","आकार, रंग तेहकीज पुरा काजूगर, बार कि आले काजूगर, काजूगरा तुकडा एहकी ग्रेडिंग आजीबी एठाआ केतेहे. काजू मोकलावनू वृद्धी (कॅश्यु एक्सपोर्ट प्रमोशन कौन्सिल) काजूगरा ग्रेडिंग २४ प्रतींमे कोतेहे. काजूगरा आकार आण बार गुणवत्तेनुसार मुख्यत्वे, बार प्रती (ग्रेडस्) हेते."
किडी,किडे मारुलो,15,0,15,0,-23.645,-1.5764,output/rudra-bhili-translate/generations/mar2bhb/ckp_33600_beam/mar2bhb_predictions.jsonl,570,"२. यांत्रिक पध्दती विविध यंत्र किंवा उपकरणे आणि मानवी शक्तीचा वापर करून किडींना मारणे किंवा किडींना खाद्यापर्यंत पोहचू न देणे, याला यांत्रिक पध्दती म्हणतात. उदा. हाताने किडी जमा करणे, कीडग्रस्त भाग नष्ट करणे, जाळीने किडी पकडणे, प्रकाश सापळे, कामगंध सापळे, धान्य चाळणे, चिकट सापळे, खोडाभोवती चिकट पदार्थ किंवा पत्रा लावणे, शेताभोवती चर खोदणे, फळांना झाकणे, धूर करणे, आग निर्माण करणारे यंत्र, पक्षांना हाकलण्यासाठीचे यंत्र.","२. यांत्रिक पध्दती विविध यंत्र किंवा उपकरणे आन मानवी शक्ती वापर किन किडींन मारलो किंवा किडींन खाद्यापर्यंत पोहचू नाय देवनु, इयाल यांत्रिक पध्दती आखतेहे. उदा. हाताने किडी जमा केनु, कीडग्रस्त भाग नष्ट केनु, जाळीने किडी तेनु, प्रकाश सापळे, कामगंध सापळे, धान्य चाळनु, चिकट सापळे, खोडाभोवती चिकट पदार्थ किंवा पत्रा लागवूनु, खेताभोवती चर खोदिन, फळांन झाकनु, तुर काढनु, आग निर्माण केनारो यंत्र, पक्षांन हाकलूनु यंत्र.","२. यांत्रिक पध्दती विविध यंत्र किंवा उपकरणे आन मानवी शक्ती वापर किन किडे मारुलोंन मारलो किंवा किडे मारुलोंन खाद्यापर्यंत पोहचू नाय देवनु, इयाल यांत्रिक पध्दती आखतेहे. उदा. हाताने किडे मारुलो जमा केनु, कीडग्रस्त भाग नष्ट केनु, जाळीने किडे मारुलो तेनु, उजवाडं सापळा, कामगंध सापळा, धान्य चाळनु, चिकट सापळा, खोडाभोवती चिकट पदार्थ किंवा पत्रा लागवूनु, खेताभोवती चर खोदिन, फळांन झाकनु, तुर काढनु, आग निर्माण केनारो यंत्र, पक्षांन हाकलूनु यंत्र."
रेशीम उत्पादन,रेशीमकीटक पालन,6,0,6,0,-23.25,-3.8749,output/rudra-bhili-translate/generations/bhb2mar/ckp_33600_beam/bhb2mar_predictions.jsonl,29,"तुतीवेणे रेशीम कीटक संगोपन रेशीम उत्पादन व्यवसायाखातर उपयुक्त रेणारे कीटकां जातीपैकी तुतीमेने रेशीम कीटक इ एक प्रमुख जात हाय, हजारो वर्षां कृत्रिम संगोपनाकी ती पुरी माणसाळलेली हाय. या अळ्यां संगोपन तुती पानांव उत्पादन एन वाढ इन्यआरी निगडीत रे हे","तुतीवरील रेशीम कीटक संगोपन रेशीम उत्पादन व्यवसायासाठी उपयुक्त असणार्या कीटकांच्या जातीपैकी तुतीवरील रेशीम कीटक ही एक प्रमुख जात असून, हजारो वर्षांच्या कृत्रिम संगोपनाने ती पूर्णपणे माणसाळलेली आहे. या अळ्यांचे संगोपन तुती पानावरील उत्पादन व वाढ या संबधीत आहे.","तुतीवरील रेशीम कीटक संगोपन रेशीमकीटक पालन व्यवसायासाठी उपयुक्त असणार्या कीटकांच्या जातीपैकी तुतीवरील रेशीम कीटक ही एक प्रमुख जात असून, हजारो वर्षांच्या कृत्रिम संगोपनाने ती पूर्णपणे माणसाळलेली आहे. या अळ्यांचे संगोपन तुती पानावरील उत्पादन व वाढ या संबधीत आहे."
बांबू,वांहटों,6,0,6,0,-22.697,-3.7828,output/rudra-bhili-translate/generations/mar2bhb/ckp_33600_beam/mar2bhb_predictions.jsonl,671,बांबू या वृक्षाची वर्षभर सर्व काळात वाढ होत असल्याने जमिनीत योग्य ओलावा राहील यासाठी काळजी घ्यावी.,बांबू इया चाडवो वर्षपोय आख्खा कालाम वादेहे तिहाल जमिनीम हारकी वोलावो रि इया केता कालजी लेवूलो,वांहटों इया चाडवो वर्षपोय आख्खा कालाम वादेहे तिहाल जमिनीम हारकी वोलावो रि इया केता कालजी लेवूलो
सूक्ष्म सिंचन,सुक्ष्म सिंचन,6,0,6,0,-21.946,-3.6576,output/rudra-bhili-translate/generations/mar2bhb/ckp_33600_beam/mar2bhb_predictions.jsonl,3,"१. सूक्ष्म सिंचन संचातून वाहणारे पाणी काडी-कचरा व मातीचे कण विरहीत असावे, त्याकरीता पाणी फिल्टरमधून पाठवावे.","१. सूक्ष्म सिंचन संचामेने वोयणारों पांय काडी-कचरा आन कादू कण विरहीत रा जोजे,त्याकेता पांय फिल्टरामेने मोकला जोजे.","१. सुक्ष्म सिंचन संचामेने वोयणारों पांय काडी-कचरा आन कादू दाणेदार विरहीत रा जोजे,त्याकेता पांय फिल्टरामेने मोकला जोजे."
सरी,सारा,12,6,6,0,-21.646,-1.8038,output/rudra-bhili-translate/generations/mar2bhb/ckp_33600_beam/mar2bhb_predictions.jsonl,32,वर एक डोळा बेण्याची लागवड करून नंतर एक सरी मोकळी सोडावी म्हणजे लागण केलेल्या दोन सऱ्यांमधील वरंब्यावर उपनळ्या ठेवून पाण्याचे नियोजन करणे शक्य होईल.,उपे एक डोवा बेण्या लागवड किंन पासो एक सरी मोकळी सोडीन म्हणजे लागण केल्या बेन सऱ्यांम वरंब्यावर उपनळ्या थोविन पाया नियोजन करूलो शक्य वेहे.,उपे एक डोवा बेण्या लागवड किंन पासो एक सारा मोकळी सोडीन म्हणजे लागण केल्या बेन सऱ्यांम वरंब्यावर उपनळ्या थोविन पाया नियोजन करूलो शक्य वेहे.
स्वच्छ,स्वच्छ व कोरडे शेड,6,0,6,0,-21.329,-3.5549,output/rudra-bhili-translate/generations/bhb2mar/ckp_33600_beam/bhb2mar_predictions.jsonl,694,द्रावणाउचे तंरगणारों स्क्लेरोशिया पेशी गोला किन शिलगावी टाकणुं. ऐठा रेहेलो जड बियारो बारे काडीन तीनदा स्वच्छ पायांकी तुवीन सावाळीम हुकवावे.,या द्रावणावर तरंगणाऱ्या स्क्लेरोशीया पेशी गोळा करून जाळून टाकाव्यात. तळाशी असलेले जड बियाणे बाहेर काढून तीन वेळा स्वच्छ पाण्याने धुवून सावलीत वाळवावे.,या द्रावणावर तरंगणाऱ्या स्क्लेरोशीया पेशी गोळा करून जाळून टाकाव्यात. तळाशी असलेले जड बियाणे बाहेर काढून तीन वेळा स्वच्छ व कोरडे शेड पाण्याने धुवून सावलीत वाळवावे.
देवी,फोडा,6,0,6,0,-21.265,-3.5441,output/rudra-bhili-translate/generations/mar2bhb/ckp_33600_beam/mar2bhb_predictions.jsonl,920,त्याच्या निधनापूर्वी प्रभू अरिम्बाने त्याची बहीण देवी अरिम्बी हिला वरकुदाराकडे सोपवली होती.,तियहा जीव जा पेहला प्रभु अरीम्बा तियुही बहिन देवी अरीम्बी ले वरकुदारा पे होपी देदली,तियहा जीव जा पेहला प्रभु अरीम्बा तियुही बहिन फोडा अरीम्बी ले वरकुदारा पे होपी देदली
निर्यात,मोकलावनू,12,3,9,0,-21.181,-1.7651,output/rudra-bhili-translate/generations/mar2bhb/ckp_33600_beam/mar2bhb_predictions.jsonl,355,"आकार, रंग तसेच पूर्ण काजूगर, दुभंगलेले काजूगर, काजूगराचे तुकडे अशी प्रतवारी अजूनही हाताने करतात. काजू निर्यात वृद्धी (कॅश्यु एक्सपोर्ट प्रमोशन कौन्सिल) काजूगराची प्रतवारी २४ प्रतींमध्ये करतात. काजूगराचा आकार आणि बाह्य गुणवत्तेनुसार मुख्यत्वे, बार प्रती (ग्रेडस्) आहेत.","आकार, रंग तेहकीज पुरा काजूगर, बार कि आले काजूगर, काजूगरा तुकडा एहकी प्रतवारी आजीबी एठाआ केतेहे. काजू निर्यात वृद्धी (कॅश्यु एक्सपोर्ट प्रमोशन कौन्सिल) काजूगरा प्रतवारी २४ प्रतींमे कोतेहे. काजूगरा आकार आण बार गुणवत्तेनुसार मुख्यत्वे, बार प्रती (ग्रेडस्) हेते.","आकार, रंग तेहकीज पुरा काजूगर, बार कि आले काजूगर, काजूगरा तुकडा एहकी ग्रेडिंग आजीबी एठाआ केतेहे. काजू मोकलावनू वृद्धी (कॅश्यु एक्सपोर्ट प्रमोशन कौन्सिल) काजूगरा ग्रेडिंग २४ प्रतींमे कोतेहे. काजूगरा आकार आण बार गुणवत्तेनुसार मुख्यत्वे, बार प्रती (ग्रेडस्) हेते."
नांगरणी,खेडनूं,2,0,2,0,-20.892,-10.446,output/rudra-bhili-translate/generations/mar2bhb/ckp_18400_beam/mar2bhb_predictions.jsonl,367,एक नांगरणी करून 2 ते 3 कुळवाच्या पाळ्या देवून जमीन भुसभुशीत करावी.,एक नांगरणी किन 2 ते 3 कुळवा पाळ्या दिने जमीन भुसभुशीत केनू.,एक खेडनूं किन 2 ते 3 कुळवा पाळ्या दिने जमीन भुसभुशीत केनू.
मुळकूज,मुळकुज,6,0,6,0,-20.887,-3.4811,output/rudra-bhili-translate/generations/bhb2mar/ckp_33600_beam/bhb2mar_predictions.jsonl,522,५) पायकूज आण मुळकूज : चाडा कलमयुती भाग जमिनीजवळ किंवा जमिनीम गाडलो जाइन तीही रोगा प्रादुर्भाव विन तो खोडाव आन मुळाव पसरेहे.,५) पाण्याचा आणि मुळकूज : झाडाचा कलमी भाग जमिनीजवळ किंवा जमिनीत गाडला जाऊन तेथे रोगाचा प्रादुर्भाव होऊन तो खोडावर व मुळावर पसरतो.,५) पाण्याचा आणि मुळकुज : झाडाचा कलमी भाग जमिनीजवळ किंवा जमिनीत गाडला जाऊन तेथे रोगाचा प्रादुर्भाव होऊन तो खोडावर व मुळावर पसरतो.
केळी,केले,10,6,4,0,-20.666,-2.0666,output/rudra-bhili-translate/generations/mar2bhb/ckp_33600_beam/mar2bhb_predictions.jsonl,193,बागेमध्ये सुरुवातीच्या काळात केळी / पपयांची मिश्रपीक म्हणून लागवड केल्यास मसाला पिकांना सावली तर मिळतेच शिवाय केळी / पपयांच्या उत्पादनामधून बागेच्या व्यवस्थापनावर होणारा खर्च काही प्रमाणात भागविता येतो.,बगिचाम पेला काळाम केळी / पपयां मिश्रपीक म्हणून लागवड केयी हाती मसाला पिकांन सावली ता मिलेहेच पेन केळी / पपयां उत्पादनामेने बगिचाम व्यवस्थापन वेनारो खर्च काही प्रमाणा म भागवूता आवे हे,बगिचाम पेला काळाम केले / पपयां मिश्रपीक म्हणून लागवड केयी हाती मसाला पिकांन सावली ता मिलेहेच पेन केले / पपयां उत्पादनामेने बगिचाम व्यवस्थापन वेनारो खर्च काही प्रमाणा म भागवूता आवे हे
किड,कीड,7,1,6,0,-20.446,-2.9209,output/rudra-bhili-translate/generations/bhb2mar/ckp_33600_beam/bhb2mar_predictions.jsonl,171,इया किड हा नियंत्रण रासायकिक किटक नाशकहा फवारणी के केरुलो अवघड हाय. कारण किडीही आळे फळहा माजेम रेतहे आण कोष जमिनीम रेतहे तेह कीज फळभाज्या काढणा व्हेयो की कमी काळाम तीयहाल वेची दा पोडहे खुप महत्वा रेहे तीया मुळे किटनाशकाहा अंश तीयाम री जाहे,या किडींचे नियंत्रण रासायनिक किटकनाशकांच्या फवारणीच्या माध्यमातून करणे अवघड आहे. कारण किडीच्या अळ्या फळांच्या आत असतात आणि कोष जमिनीत असतात. तसेच फळभाज्यांची काढणी झाल्यानंतर अल्पावधीतच त्यांची विक्री करणे आवश्यक असल्यामुळे किटकनाशकांचा अंश शिल्लक राहतो.,या कीडींचे नियंत्रण रासायनिक किटकनाशकांच्या फवारणीच्या माध्यमातून करणे अवघड आहे. कारण कीडीच्या अळ्या फळांच्या आत असतात आणि कोष जमिनीत असतात. तसेच फळभाज्यांची काढणी झाल्यानंतर अल्पावधीतच त्यांची विक्री करणे आवश्यक असल्यामुळे किटकनाशकांचा अंश शिल्लक राहतो.
पीक विमा,पिक विमा,6,0,6,0,-20.113,-3.3522,output/rudra-bhili-translate/generations/mar2bhb/ckp_33600_beam/mar2bhb_predictions.jsonl,849,तळोदा भागातील शेतकऱ्यांनी पीक विमा भरताना कोपास्याप आणि पेंडी पिकाची अचूक नोंद सातबारावर करून घ्यावी.,तळोदा भागुमेने शेतकरी पीक विमा पोताहा ताहा कोपास्याम आन पेंडी पिका अचूक नोंद सातबाराप की ल्या .,तळोदा भागुमेने शेतकरी पिक विमा पोताहा ताहा कोपास्याम आन पेंडी पिका अचूक नोंद सातबाराप की ल्या .
सापळे,सापळा,21,3,18,0,-19.9,-0.9476,output/rudra-bhili-translate/generations/mar2bhb/ckp_33600_beam/mar2bhb_predictions.jsonl,969,फळमाशी : क्ल्यु-ल्युर कामगंध सापळे एकरी 5 या प्रमाणात वापरावे.,फळमाशी : क्ल्यु-ल्युर कामगंध सापळे एकरी 5 या प्रमाणाम वापरुनू,फळमाखा : क्ल्यु-ल्युर कामगंध सापळा एकरी 5 या प्रमाणाम वापरुनू
द्राक्ष,द्राक्षे,6,0,6,0,-19.87,-3.3117,output/rudra-bhili-translate/generations/mar2bhb/ckp_33600_beam/mar2bhb_predictions.jsonl,782,"फुले बगीसाईड हे जैविक कीडनाशक असून ते द्राक्ष, डाळिंब, सिताफळ, आंबा, फुलझाडे, हरित गृहातील पिके, भाजीपाला इ.","फुले बगीसाईड हे जैविक कीडनाशक असून ते द्राक्ष, डाळिंब, सिताफळ, आंबा, फुलझाडे, हरित गृहातीमाने पिके, भाजीपालो इ.","फुले बगीसाईड हे जैविक कीडनाशक असून ते द्राक्षे, डाळिंब, सिताफळ, आंबा, फुलझाडे, हरित गृहातीमाने पिके, भाजीपालो इ."
फळबाग,उद्यानविद्या,6,0,6,0,-19.813,-3.3021,output/rudra-bhili-translate/generations/bhb2mar/ckp_33600_beam/bhb2mar_predictions.jsonl,199,"६. विविध पिकाखातर वेगवेगळ्या खोलीच नमुने लेवणू उदा. हंगामी पिक (बात, नागली, हेंग्या इ.): २० ते २५ सेंमी.; बागायती पिके (हेअडी, केळे इ.): ३० ते ४० सें.मी.; फळबाग पिके (उदा. आंबा, काजू, नारळ, सुपारी इ.): ६० सें.मी.","६. विविध पिकांसाठी वेगवेगळ्या खोलीचे नमुने घेणे उदा. हंगामी पिक (भात, नागली, भुईमूग इ.): २० ते २५ सेंमी.; बागायती पिके (ऊस, केळी इ.): ३० ते ४० सें.मी.; फळबाग पिके (उदा. आंबा, काजू, नारळ, सुपारी इ.): ६० सें.मी.","६. विविध पिकांसाठी वेगवेगळ्या खोलीचे नमुने घेणे उदा. हंगामी पिक (भात, नाचणी, भुईमूग इ.): २० ते २५ सेंमी.; बागायती पिके (ऊस, केळी इ.): ३० ते ४० सें.मी.; उद्यानविद्या पिके (उदा. आंबा, काजू, नारळ, सुपारी इ.): ६० सें.मी."
पेरणी यंत्र,ओनू औजार,2,0,2,0,-19.666,-9.833,output/rudra-bhili-translate/generations/mar2bhb/ckp_18400_beam/mar2bhb_predictions.jsonl,595,मकृवि व खत पेरणी यंत्र (सिड कम फर्टी ड्रिल):,मकृवि व खत पेरणी यंत्र (सिड कम फर्टी ड्रिल):,मकृवि व खत ओनू औजार (सिड कम फर्टी ड्रिल):
हुलगा,मुग,4,0,4,0,-19.443,-4.8609,output/rudra-bhili-translate/generations/mar2bhb/ckp_33600_beam/mar2bhb_predictions.jsonl,574,"हा शिजविण्याचा कालावधी कमी करण्यासाठी कुलथी (हुलगा), मटकी यासारखी कडधान्ये अगोदर पाण्यात रात्रभर भिजत ठेवतात व नंतर शिजवितात.","ओ चुडवुलो दिही कोमी केरा खातूर कुलथा (हुलगा), मटकी इयाहोच कोडधान्ये पेला पायुम रातपोयी पिगवी थोवतेह आण पासला चुडवुतेह.","ओ चुडवुलो दिही कोमी केरा खातूर कुलथा (मुग), मोठ इयाहोच कोडधान्ये पेला पायुम रातपोयी पिगवी थोवतेह आण पासला चुडवुतेह."
मार्गदर्शक,आकडेवारी,2,0,2,0,-18.979,-9.4893,output/rudra-bhili-translate/generations/mar2bhb/ckp_18400_beam/mar2bhb_predictions.jsonl,621,गीर गाईच्या संवर्धनासाठी राज्य शासनाने नुकतीच एक विशेष मार्गदर्शक सूचना काढली आहे.,गीर गावडी पालनू खातोर राज्य सरकाराहांय आमीज एक खासी मार्गदर्शक सूचना काडली हाय.,गीर गावडी पालनू खातोर राज्य सरकाराहांय आमीज एक खासी आकडेवारी नोटीस काडली हाय.
जिल्हा,जिल्हो,7,1,6,0,-18.934,-2.7048,output/rudra-bhili-translate/generations/mar2bhb/ckp_33600_beam/mar2bhb_predictions.jsonl,901,"१९६३ साली जेव्हा नागालँड राज्याची निर्मिती झाली तेव्हा ते कोहिमा जिल्हा, मोकोकचुंग जिल्हा आणि तुएनसांग जिल्हा या फक्त तीन जिल्ह्यांमध्ये विभागले गेले.","१९६३ सालूम जाहा नागालँड राज्या निर्मिती वेली ताहा तो कोहिमा जिल्हा , मोकोकचुंग जिल्हा आन तुएनसांग जिल्हा इया फक्त तीन जिल्हाहांम विभागला गिया.","१९६३ सालूम जाहा नागालँड राज्या निर्मिती वेली ताहा तो कोहिमा जिल्हो , मोकोकचुंग जिल्हो आन तुएनसांग जिल्हो इया फक्त तीन जिल्होहांम विभागला गिया."
कृषि तंत्रज्ञान,कृषी तंत्रज्ञान,6,0,6,0,-18.437,-3.0728,output/rudra-bhili-translate/generations/bhb2mar/ckp_33600_beam/bhb2mar_predictions.jsonl,765,"महात्मा फुले कृषि विद्यापीठाम विकसित वेलो सुधारीत तंत्रज्ञान, आधुनिक कृषि अवजारे, ड्रोन पीक फवारणी तंत्रज्ञान अन प्रशिक्षण तेहेकी विद्यापीठ उत्पादित निविष्ठा अन विविध प्रकाशने इया माध्यमाने शेतकर्यांपर्यंत पोचवूनु काम महात्मा फुले कृषि विद्यापीठा कृषि तंत्रज्ञान माहिती केंद्र ऑगस्ट 2001 ने काम केता.","महात्मा फुले कृषि विद्यापीठात विकसित झालेले सुधारीत तंत्रज्ञान, आधुनिक कृषि अवजारे, ड्रोन पीक फवारणी तंत्रज्ञान व प्रशिक्षण तसेच विद्यापीठ उत्पादित निविष्ठा व विविध प्रकाशने यांच्या माध्यमाने शेतकर्यांपर्यंत पोहोचवण्याचे काम महात्मा फुले कृषि विद्यापीठचे कृषि तंत्रज्ञान माहिती केंद्र ऑगस्ट २००१ पासून कार्यरत आहे.","महात्मा फुलांचा झुबका कृषि विद्यापीठात विकसित झालेले सुधारीत तंत्रज्ञान, आधुनिक कृषि अवजारे, ड्रोन पीक फवारणी तंत्रज्ञान व प्रशिक्षण तसेच विद्यापीठ उत्पादित निविष्ठा व विविध प्रकाशने यांच्या माध्यमाने शेतकर्यांपर्यंत पोहोचवण्याचे काम महात्मा फुलांचा झुबका कृषि विद्यापीठचे कृषी तंत्रज्ञान माहिती केंद्र ऑगस्ट २००१ पासून कार्यरत आहे."
गरम,गोरम,8,2,6,0,-18.352,-2.294,output/rudra-bhili-translate/generations/mar2bhb/ckp_33600_beam/mar2bhb_predictions.jsonl,617,"वायुविर्जन म्हणजे हरितगृहातील गरम हवा बाहेर काढणे व हरितगृहातील तापमान, आर्द्रता, कार्बनवायु व पिकाभोवतालची खेळती हवा नियंत्रित ठेवणे होय.","वायुविर्जन म्हणजे हरितगृहामेने गरम हवा बारे काडनु आन हरितगृहामेने तापमान, आर्द्रता, कार्बनवायु आन पिकाहा सोमकी खेळती हवा नियंत्रित थोवनु.","वायुविर्जन म्हणजे हरितगृहामेने गोरम हवा बारे काडनु आन हरितगृहामेने तोप, आर्द्रता, कार्बनवायु आन पिकाहा सोमकी खेळती हवा नियंत्रित थोवनु."
वातावरण,हवामान,6,0,6,0,-18.303,-3.0505,output/rudra-bhili-translate/generations/mar2bhb/ckp_33600_beam/mar2bhb_predictions.jsonl,17,"ढगाळ वातावरण असल्यास हळद वाळविण्यास जास्त दिवस लागतात. या काळात हळद पाऊस, दव, धुके यांमध्ये सापडणार नाही याची काळजी घ्यावी.","ढगाळ वातावरण रोहे ताहा एदो हुकवा वादार दिही लागताहा. इया काळाम एदो पाई, वाफ, तुवाराम नाय सापडे इया कालजी लेवनू.","ढगाळ हवामान रोहे ताहा एदो हुकवा वादार दिही लागताहा. इया काळाम एदो पाई, वाफ, तुवाराम नाय सापडे इया कालजी लेवनू."
मासेमारी,मासे काडनूं,6,0,6,0,-16.975,-2.8291,output/rudra-bhili-translate/generations/mar2bhb/ckp_33600_beam/mar2bhb_predictions.jsonl,400,हे सामान्यतः २० फूट x ४ फूट आकाराच्या देवदारापासून बनवलेल्या लाकडी मासेमारी बोटीतून चालवले जाते.,इ सामान्यतः २० फूट x ४ फूट आकारा देवदारूपदेख बोनला लाकडा मासेमारी बोटीमने चालवुलो जाहे.,इ सामान्यतः २० फूट x ४ फूट आकारा देवदारूपदेख बोनला लाकडा मासे काडनूं बोटीमने चालवुलो जाहे.
मळणी,मोलणी,12,2,10,0,-16.935,-1.4112,output/rudra-bhili-translate/generations/mar2bhb/ckp_33600_beam/mar2bhb_predictions.jsonl,55,नंतर खळ्यावर १-२ दिवस उन्हात वाळवावीत नंतर मळणी करावी व वाखणी करून दाणे वेगळे करावेत.,फाचे खळ्याव १-२ दिही उन्हाळाम हुकवूनू फाचे मळणी केनू आन वाखडी किन दाणे वेगळे केनू.,फाचे खळ्याव १-२ दिही उन्हाळाम हुकवूनू फाचे मोलणी केनू आन वाखडी किन गर वेगळे केनू.
मोहरी,रायटों,6,0,6,0,-15.437,-2.5729,output/rudra-bhili-translate/generations/mar2bhb/ckp_33600_beam/mar2bhb_predictions.jsonl,424,"निम्मे गोडेतेल घेवून त्यात मेथी, हळद, हिंग, मोहरी वापरून फोडणी तयार करावी आणि ही फोडणी अंगचे पाणी निथळलेल्या करवंदामध्ये मिसळावी.","निम्मे गोडेतेल लीन तियाम मेथी, हळद, हिंग, मोहरी वापरीन फोडणी तयार केनू आन इ फोडणी अंगचे पाय नितळलेल्या करवंदाम बेडी लेवनू.","निम्मे गोडेतेल लीन तियाम मेथी, ऐअदो, हिंग, रायटों वापरीन फोडणी तयार केनू आन इ फोडणी अंगचे पाय नितळलेल्या करवंदाम बेडी लेवनू."
संरक्षक,संरक्षक (preservatives),6,0,6,0,-14.97,-2.4949,output/rudra-bhili-translate/generations/bhb2mar/ckp_33600_beam/bhb2mar_predictions.jsonl,720,कोरडी(संरक्षक ओलित): कपाशी पीक फुलावय आणे बोंडे पोनु आले का पाय कमी पोडयो का आणे पाणी देवनु हारी सोय वेरि १०-१२ दिवसा अंतराम २-३ संरक्षक पीजवुनु,तुषार (संरक्षक ओलीत): कपाशीचे पीक फुलावर आणि बोंडे भरण्यावर असताना पाण्याचा ताण पडल्यास व पाणी देण्याची सोय असल्यास १०-१२ दिवसांच्या अंतराने २-३ संरक्षक ओलीत करावे.,तुषार (संरक्षक (preservatives) ओलीत): कापूसचे पीक फुलावर आणि बोंडे भरण्यावर असताना पाण्याचा ताण पडल्यास व पाणी देण्याची सोय असल्यास १०-१२ दिवसांच्या अंतराने २-३ संरक्षक (preservatives) ओलीत करावे.
पान,पाने,18,6,12,0,-14.832,-0.824,output/rudra-bhili-translate/generations/mar2bhb/ckp_33600_beam/mar2bhb_predictions.jsonl,897,"याशिवाय कालीपत्ती, मिठा पान, मघई, बनारसी, देशावरी व बांगला वर्गीय जातींची लागवड काही भागात केली जाते.","इयाशिवाय कालीपत्ती, मिठा पान, मघई, बनारसी, देशावरी व बांगला वर्गीय जातीं लागवड काही भागम केली जाहे.","इयाशिवाय कालीपत्ती, मिठा पाने, मघई, बनारसी, देशावरी व बांगला वर्गीय जातीं लागवड काही भागम केली जाहे."
थर,थर लावणे,6,0,6,0,-14.729,-2.4548,output/rudra-bhili-translate/generations/bhb2mar/ckp_33600_beam/bhb2mar_predictions.jsonl,896,५) चौथो थर वेईन तियाल सां की निपी लेवणू,५) चौथा थर होऊन त्याला शेणाने लिंपून घ्यावे.,५) चौथा थर लावणे होऊन त्याला शेणाने लिंपून घ्यावे.
फुट,भेगा,6,0,6,0,-14.605,-2.4341,output/rudra-bhili-translate/generations/bhb2mar/ckp_33600_beam/bhb2mar_predictions.jsonl,878,"तुती लागवड पध्दतः वसंतराव नाईक मराठवाडा कृषि विद्यापीठ, परभणी इहीं केअ्ला संशोधनामने एहकीं निदर्शनाम आल्लों आही की, (पट्ट) पध्दतीकी (५ x ३′) २' फुट अंतराप लागवड केअ्लाकी चाडवाह्ने भरपूर सुर्यप्रकाश आन बेन ओळीमने अंतर जाहको रेहे तियाह्ल पाल्या प्रत हारी रेहे, आन आतंरमशागत सहज केअ्तां आवेह.","तुती लागवडीची पध्दतः वसंतराव नाईक मराठवाडा कृषि विद्यापीठ, परभणी येथील संशोधनातून असे निदर्शनास आले आहे की, (पट्ट) पध्दतीने (५ x ३′) २' फुट अंतरावर लागवड केल्यास झाडांना भरपूर सुर्यप्रकाश व दोन ओळीतील अंतर जास्त असल्यामुळे पाल्याची प्रत चांगली राहते, व आतंरमशागत सहज करता येते.","तुती लागवडीची पध्दतः वसंतराव नाईक मराठवाडा कृषि विद्यापीठ, परभणी येथील संशोधनातून असे निदर्शनास आले आहे की, (पट्ट) पध्दतीने (५ x ३′) २' भेगा अंतरावर लागवड केल्यास झाडांना भरपूर सुर्यप्रकाश व दोन ओळीतील अंतर जास्त असल्यामुळे पाल्याची प्रत चांगली राहते, व आतंरमशागत सहज करता येते."
पाणी,पांय,19,10,7,2,-14.454,-0.7607,output/rudra-bhili-translate/generations/mar2bhb/ckp_33600_beam/mar2bhb_predictions.jsonl,927,ग्रॅम संजीवक प्रति १० लिटर पाणी) या प्रमाणात फवारावे.,ग्रॅम संजीवक प्रति १० लिटर पाणी) या प्रमाणाम फवारनु.,ग्राम संजीवक प्रति १० लिटर पांय) या प्रमाणाम फवारनु.
साल,साल चाड,16,0,16,0,-13.585,-0.849,output/rudra-bhili-translate/generations/mar2bhb/ckp_33600_beam/mar2bhb_predictions.jsonl,226,फळे पाण्याने स्वच्छ धुवून साल काढावी व पल्पर मशीन किंवा मिक्सरच्या सहाय्याने पल्प (रस) काढावा. हापूस आंब्यापासून पेय तयार करताना १२.५ टक्के रस घेवून पेयातील एकूण विद्राव्य घटकांचे प्रमाण १५ टक्के व आम्लता ०.२५ टक्के राखण्यासाठी त्यात योग्य प्रमाणात साखर व सायट्रीक आम्ल घेवून उर्वरीत पाणी घ्यावे लागते.,फोले पाय स्वच्छ तुवीन साल काढनू आन पल्पर मशीना किवा मिक्सर कि पल्प (रस) काढनू. हापूस आंब्यापासून पेय तयार केताना १२.५ टक्के रस लिन पेयाम एकूण विद्राव्य घटकां प्रमाण १५ टक्के आन आम्लता ०.२५ टक्के राखण्यासाठी त्याम योग्य प्रमाणात हाकर आन सायट्रीक आम्ल लिन उर्वरीत पाय लागा हे,फोले पाय स्वच्छ तुवीन साल चाड काढनू आन पल्पर मशीना किवा मिक्सर कि पल्प (रस) काढनू. हापूस आंब्यापासून पेय तयार केताना १२.५ टक्के रस लिन पेयाम एकूण विद्राव्य घटकां प्रमाण १५ टक्के आन आम्लता ०.२५ टक्के राखण्यासाठी त्याम योग्य प्रमाणात हाकर आन सायट्रीक आम्ल लिन उर्वरीत पाय लागा हे
आल,अळू,2,0,2,0,-12.68,-6.3401,output/rudra-bhili-translate/generations/bhb2mar/ckp_33600/bhb2mar_predictions.jsonl,450,2016 मे महानगरपालिका भाजपा सत्ता आल ली,"२०१६ मध्ये, महापालिकेच्या सत्ता भारतीय राष्ट्रीय काँग्रेसकडे आली.","२०१६ मध्ये, महापालिकेच्या सत्ता भारतीय राष्ट्रीय काँग्रेसकडे अळूी."
शेततळे,खेतामेने तालाव,6,0,6,0,-12.64,-2.1066,output/rudra-bhili-translate/generations/mar2bhb/ckp_33600_beam/mar2bhb_predictions.jsonl,707,धडगावमध्ये राष्ट्रीय कृषी विकास योजनेतून शेततळे किंवा ठिबक सिंचन बसवण्यासाठी ऑनलाईन अर्ज प्रक्रिया सुरू झाली आहे.,धडगावाम राष्ट्रीय कृषी विकास योजनामने शेततळे किंवा ठिबक सिंचन बाहवा खातोर ऑनलाईन अर्ज प्रक्रिया सुरू वेयीही.,धडगावाम राष्ट्रीय कृषी विकास योजनामने खेतामेने तालाव किंवा ठिबक सिंचन बाहवा खातोर ऑनलाईन अर्ज प्रक्रिया सुरू वेयीही.
नाक,नाकातील स्वॅब,6,0,6,0,-11.262,-1.877,output/rudra-bhili-translate/generations/bhb2mar/ckp_33600_beam/bhb2mar_predictions.jsonl,615,"दख्खनी मेंडा केता उच्चा आन लांब्या, बाकदार नाक लांबी बोचरी, रंगा की उजली डीलाव तपकीरी पट्टा रेणारी मेंडाहा शरीरा वाढ हारी वेहे तियाहाल वार मेडावाला इयो जाती नर मेडा वापर मेडाहा टोलाम मेडाहा पैदासी खातोर केताहा.","दख्खनी मेंढ्याकरिता उंच व रूंद, बाकदार नाकाची लांबी, मान दंडगोलाकार, रंगाने पांढरा, अंगावर तपकिरी पट्टे असलेली मेंढीच्या शरीररचनेची वाढ चांगली झाल्यामुळे बहुतेक मेंढ्यावाले या जातीच्या नराचा मेंढ्याच्या कळपात प्रजोत्पादनाकरिता वापर करतात.","दख्खनी मेंढ्याकरिता उंच व रूंद, बाकदार नाकातील स्वॅबाची लांबी, मान दंडगोलाकार, रंगाने पांढरा, अंगावर तपकिरी पट्टे असलेली मेंढीच्या शरीररचनेची वाढ चांगली झाल्यामुळे बहुतेक मेंढ्यावाले या वाणच्या नराचा मेंढ्याच्या कळपात प्रजोत्पादनाकरिता वापर करतात."
रब्बी पिके,हियाला पिके,1,0,1,0,-10.786,-10.7856,output/rudra-bhili-translate/generations/mar2bhb/ckp_18400_beam/mar2bhb_predictions.jsonl,991,जिल्ह्यांमध्ये प्रामुख्याने ७० % क्षेत्रांवर रब्बी पिके घेतली जातात.,जिल्हाम प्रामुख्याकी ७० % क्षेत्राव रब्बी पिके लेदले जातेहे.,जिल्हाम प्रामुख्याकी ७० % क्षेत्राव हियाला पिके लेदले जातेहे.
हळद,ऐअदो,11,5,6,0,-10.785,-0.9805,output/rudra-bhili-translate/generations/mar2bhb/ckp_33600_beam/mar2bhb_predictions.jsonl,424,"निम्मे गोडेतेल घेवून त्यात मेथी, हळद, हिंग, मोहरी वापरून फोडणी तयार करावी आणि ही फोडणी अंगचे पाणी निथळलेल्या करवंदामध्ये मिसळावी.","निम्मे गोडेतेल लीन तियाम मेथी, हळद, हिंग, मोहरी वापरीन फोडणी तयार केनू आन इ फोडणी अंगचे पाय नितळलेल्या करवंदाम बेडी लेवनू.","निम्मे गोडेतेल लीन तियाम मेथी, ऐअदो, हिंग, रायटों वापरीन फोडणी तयार केनू आन इ फोडणी अंगचे पाय नितळलेल्या करवंदाम बेडी लेवनू."
शेणखत,सां,3,1,2,0,-10.724,-3.5746,output/rudra-bhili-translate/generations/mar2bhb/ckp_18400_beam/mar2bhb_predictions.jsonl,644,खत व्यवथापन: जमीन नांगरून तयार केल्यानंतर सुरुवातीसच हेक्टरी १० टन चांगले कुजलेले शेणखत अथवा कंपोस्ट जमिनीमध्ये चांगले मिसळून घ्यावे.,खत व्यवस्थापन: जमीन नांगरीन तीयार केयानंतर सुरुवातील हेक्टरी १० टन हारो होडलो शेणखत नायता कंपोस्ट जमिनीम हारो बेडी लेवनू.,खत व्यवस्थापन: जमीन नांगरीन तीयार केयानंतर सुरुवातील हेक्टरी १० टन हारो होडलो सां नायता कंपोस्ट जमिनीम हारो बेडी लेवनू.
गॅस ब्रुडर,गॅस ब्रूडलर,4,0,4,0,-10.311,-2.5777,output/rudra-bhili-translate/generations/bhb2mar/ckp_33600_beam/bhb2mar_predictions.jsonl,397,व्यवस्थापण 1) पोयला बेन आठवूवडये कृत्रिम उब देईन योक दिहा पक्षी पाड़तेहे आन 4 आठवूवडे पासे मुक्त पद्धतीने पाळणा तियार ओतेहे 2) कृतिम उब दाहाटी लाईट नेते गॅस ब्रुडर वापर कोअना आन पोयला चार आठवडे भुसा गादी तियार कोईन चिड़े पालनु,व्यवस्थापन : १) पहिले दोन आठवडे कृत्रिम उब देवून एक दिवसाचे पक्षी पाळणे आणि ४ आठवड्यानंतर मुक्त पद्धतीने पाळाणी तयार करणे. २) कृत्रिम उब देण्यासाठी लाईट किंवा गॅस ब्रुडरचा वापर करावा आणि पहिले चार आठवडे भुसा गादी तयार करून पक्षी पाळावेत.,व्यवस्थापन : १) पहिले दोन आठवडे कृत्रिम उब देवून एक दिवसाचे पक्षी पाळणे आणि ४ आठवड्यानंतर मुक्त पद्धतीने पाळाणी तयार करणे. २) कृत्रिम उब देण्यासाठी लाईट किंवा गॅस ब्रूडलरचा वापर करावा आणि पहिले चार आठवडे भुसा गादी तयार करून पक्षी पाळावेत.
कुलथी,मुग,2,0,2,0,-10.297,-5.1487,output/rudra-bhili-translate/generations/mar2bhb/ckp_18400_beam/mar2bhb_predictions.jsonl,574,"हा शिजविण्याचा कालावधी कमी करण्यासाठी कुलथी (हुलगा), मटकी यासारखी कडधान्ये अगोदर पाण्यात रात्रभर भिजत ठेवतात व नंतर शिजवितात.","ओ चुडवुनु कालावधी कमी केरा खातर कुलथी (हुलगा), मटकी इयासारखी कडधान्ये पेहला पांयाम रात्रभर पिजवी थोवतेहे आन नंतर चुडवतेहे.","ओ चुडवुनु कालावधी कमी केरा खातर मुग (हुलगा), मोठ इयासारखी कडधान्ये पेहला पांयाम रात्रभर पिजवी थोवतेहे आन नंतर चुडवतेहे."
आहार,चारो,11,0,11,0,-9.797,-0.8907,output/rudra-bhili-translate/generations/mar2bhb/ckp_33600_beam/mar2bhb_predictions.jsonl,645,"या प्रकल्पामध्ये बदलत्या हवामानात देशी गायीचे प्रजनन, आहार व आरोग्य व्यवस्थापन यावर मार्गदर्शन केले जाते.","या प्रकल्पाम बदलत्या हवामानात देशी गावडीही प्रजनन, आहार व आरोग्य व्यवस्थापन याव मार्गदर्शन केतेहे.","या प्रकल्पाम बदलत्या हवामानात देशी गावडीही आवाळो, चारो व आरोग्य व्यवस्थापन याव मार्गदर्शन केतेहे."
थेंब,आवाळो,1,0,1,0,-8.509,-8.5086,output/rudra-bhili-translate/generations/mar2bhb/ckp_18400_beam/mar2bhb_predictions.jsonl,112,"१) ठिबक सिंचन: इतर पद्धतीत आपण शेत भिजवतो, ह्या पद्धतीत थेट मुळांच्या जवळ थेंब थेंब पाणी दिले जाते.","१) ठिबक सिंचन: इतर पद्धतीम आपू खेत पिजवूतेहे, ह्या पद्धतीम थेट मुलाही पाही थेंब थेंब पाय देदलो जाहे.","१) ठिबक सिंचन: इतर पद्धतीम आपू खेत पिजवूतेहे, ह्या पद्धतीम थेट मुलाही पाही आवाळो आवाळो पाय देदलो जाहे."
कीटकनाशक,किटकनाशक,6,0,6,0,-8.499,-1.4164,output/rudra-bhili-translate/generations/mar2bhb/ckp_33600_beam/mar2bhb_predictions.jsonl,786,क रोगांचे रासायनिक व्यवस्थापन : सर्वसाधारणपणे पिकांच्या रोग नियंत्रणासाठी वापरली जाणारी पध्दत म्हणजे रासायनिकांचा (बुरशीनाशक / जिवाणूनाशक / कीटकनाशक) वापर करणे.,क रोगां रासायनिक व्यवस्थापन : सर्वसाधारणपणे पिकां रोग नियंत्रणाखातोर वापरली जाणारी पध्दत म्हणजे रासायनिकां वापर केनू (बुरशीनाशक / जिवाणूनाशक / कीटकनाशक),क रोगां रासायनिक व्यवस्थापन : सर्वसाधारणपणे पिकां रोग नियंत्रणाखातोर वापरली जाणारी पध्दत म्हणजे रासायनिकां वापर केनू (बुरशीनाशक / जिवाणूनाशक / किटकनाशक)
कलम,कलम करणे,6,0,6,0,-8.276,-1.3794,output/rudra-bhili-translate/generations/bhb2mar/ckp_33600_beam/bhb2mar_predictions.jsonl,139,त्या खातोर शेतकरी उत्पादक कंपनी संकल्पना कंपनी कायदा 1956 सालाम जन्माल आलो कलम 581 ते 581 झेड टी नुसार कायदेशीर स्वरुप द्या आलो कंपनी कायदा 2013 नुसार शेतकरी उत्पादक कंपनी नोंदणी वीरिही,त्यामुळे शेतकरी उत्पादक कंपनी संकल्पना कंपनी कायदा १९५६ मध्ये जन्माला आलेल्या कलम ५८१ ते ५८१ झेड.टी. नुसार कायदेशीर स्वरूप देण्यात आलेल्या कंपनी कायदा २०१३ नुसार शेतकरी उत्पादक कंपनीची नोंदणी व्हावी.,त्यामुळे शेतकरी उत्पादक कंपनी संकल्पना कंपनी कायदा १९५६ मध्ये जन्माला आलेल्या कलम करणे ५८१ ते ५८१ झेड.टी. नुसार कायदेशीर स्वरूप देण्यात आलेल्या कंपनी कायदा २०१३ नुसार शेतकरी उत्पादक कंपनीची नोंदणी व्हावी.
सुरु,कॅसुरीना,10,0,10,0,-8.027,-0.8027,output/rudra-bhili-translate/generations/mar2bhb/ckp_33600_beam/mar2bhb_predictions.jsonl,665,झाडाचे सहाव्या किंवा सातव्या वर्षी उत्पादन देणे सुरु होते.,चाडाहा सव वा अडवी नायता सातवी वर्हा उत्पादन देवनु सुरु वेहे.,चाडाहा सव वा अडवी नायता सातवी वर्हा उत्पादन देवनु कॅसुरीना वेहे.
कापूस,कपाशी,20,3,17,0,-7.595,-0.3797,output/rudra-bhili-translate/generations/mar2bhb/ckp_33600_beam/mar2bhb_predictions.jsonl,978,"१. कापूस : व्हर्टीसीलीअम बुरशीची मर, फ्युजारिअम बुरशीची मर, काळा करपा, मूळकुजवा, खोडावरील करपा, रोग कोलमडणे, जिवाणूंचा करपा,","१. कापूस : व्हर्टीसीलीअम बुरशीही मर, फ्युजारिअम बुरशीही मर, काळा करपा, मूळकुजवा, खोडावरील करपा, रोग कोलमडणे, जिवाणूं करपा,","१. कपाशी : व्हर्टीसीलीअम बुरशीही मर, फ्युजारिअम बुरशीही मर, काळा स्फोट, मूळकुजवा, खोडावरील स्फोट, रोग कोलमडणे, जिवाणूं स्फोट,"
स्क्लेरोशिया,स्क्लेरोटीया,4,2,2,0,-7.555,-1.8887,output/rudra-bhili-translate/generations/mar2bhb/ckp_33600_beam/mar2bhb_predictions.jsonl,694,द्रावणावर तरंगणाऱ्या स्क्लेरोशिया पेशी गोळा करून जाळून टाकाव्यात. तळाशी असलेले जड बियाणे बाहेर काढून तीन वेळा स्वच्छ पाण्याने धुवुन सावलीत वाळवावे.,द्रावणनाव तोरंगूनाऱ्या स्क्लेरोशिया पेशी गोला कीईन बाली टाकनू . तोलाहेने जड बियारो बारे काडीन तीन वेळा हारा पायाके तूवीन सावलीम हुकवूनू .,द्रावणनाव तोरंगूनाऱ्या स्क्लेरोटीया पेशी गोला कीईन बाली टाकनू . तोलाहेने जड बियारो बारे काडीन तीन वेळा हारा पायाके तूवीन सावलीम हुकवूनू .
खोड,सां,6,0,6,0,-7.516,-1.2527,output/rudra-bhili-translate/generations/mar2bhb/ckp_33600_beam/mar2bhb_predictions.jsonl,469,"नुकसान : अळ्या पाने खाऊन पिकाचे नुकसान करतात. नुकत्याच अंड्यातून बाहेर आलेल्या अळ्या पानाचा हिरवा पापूद्रा खातात. त्यामुळे पानाला पांढरे चट्टे पडतात. दुसऱ्या ते तिसऱ्या अवस्थेतील अळ्या पानाला छिद्रे करतात. पानाच्या कडा खातात. अळ्या मक्याच्या पोंग्यामध्ये राहून पानाला छिद्रे करतात. त्यामुळे पोंग्यातून बाहेर आलेल्या पानावर एका रेषेत एकसमान छिद्रे दिसतात. सर्वसाधारण एका झाडावर एक किंवा दोन अळ्या राहतात, कारण त्या जवळ आल्यास एकमेकांना खातात. जुनी पाने मोठ्या प्रमाणात पर्णहीन होवून पानाच्या फक्त मध्य शिरा व झाडाचे मुख्य खोड शिल्लक राहते.","नुकसान : अळ्या पाने खायन पिकाहा नुकसान केतेहे. नुकत्याच हाकवामेने बारे आल्या अळ्या पाना हिरवा पापूद्रा खातहे. त्याखातोर पानाहाल पांढरे चट्टे पडतेहे. दुसऱ्या ते तिसऱ्या अवस्थेम अळ्या पानाहाल छिद्रे केतेहे. पाना कडा खातहे. अळ्या डोडा पोंग्याम रिन पानाहाल छिद्रे केतेहे. त्याखातोर पोंग्यामने बारे आले पानाव एका रेषीम एकसमान छिद्रे देखातेहे. सर्वसाधारण एका चाडाव एक किंवा बेन अळ्या रेत्याहा, कारण त्या आरी आल्याव एकमेकांना खात्याहा. जुने पाने मोठ्या प्रमाणाव पर्णहीन वीन पानाहा फक्त मध्य शिरा आन चाडाहा मुख्य खोड शिल्लक रेहे.","नुकसान : अळ्या पाने खायन पिकाहा नुकसान केतेहे. नुकत्याच हाकवामेने बारे आल्या अळ्या पाना हिरवा पापूद्रा खातहे. त्याखातोर पानाहाल पांढरे चट्टे पडतेहे. दुसऱ्या ते तिसऱ्या अवस्थेम अळ्या पानाहाल छिद्रे केतेहे. पाना कडा खातहे. अळ्या डोडा पोंग्याम रिन पानाहाल छिद्रे केतेहे. त्याखातोर पोंग्यामने बारे आले पानाव एका रेषीम एकसमान छिद्रे देखातेहे. सर्वसाधारण एका चाडाव एक किंवा बेन अळ्या रेत्याहा, कारण त्या आरी आल्याव एकमेकांना खात्याहा. जुने पाने मोठ्या प्रमाणाव पर्णहीन वीन पानाहा फक्त मध्य शिरा आन चाडाहा मुख्य सां शिल्लक रेहे."
आश्रय,आश्रयस्थान,6,0,6,0,-7.436,-1.2394,output/rudra-bhili-translate/generations/bhb2mar/ckp_33600_beam/bhb2mar_predictions.jsonl,977,संघटित आश्रय दात्त्या खुब गरज रेहे नव्या सुविधा आपू हरवूला एकला नेता पटेल स्थानिक रवूला टिकीं रेहे,"संघटित आश्रयदात्याची फारच गरज असल्यामुळे, नव्या सुविधांसह आपले स्वातंत्र्य, एकता आणि स्थानिक पातळीवरील स्थिरता टिकून राहणे आवश्यक आहे.","संघटित आश्रयस्थानदात्याची फारच गरज असल्यामुळे, नव्या सुविधांसह आपले स्वातंत्र्य, एकता आणि स्थानिक पातळीवरील स्थिरता टिकून राहणे आवश्यक आहे."
खा,खनिज,2,0,2,0,-7.255,-3.6273,output/rudra-bhili-translate/generations/bhb2mar/ckp_33600_beam/bhb2mar_predictions.jsonl,373,आठवड्याम एकदा नेता बेनदा मानडो खा भारे खा पेकश्या मौयनाम फकदा नेता बेन दा खा.,आठवड्यातून एकदा किंवा दोनदा अन्नासाठी पुरेसे अन्न म्हणून महिन्यामध्ये एकदा किंवा दोनदा खा.,आठवड्यातून एकदा किंवा दोनदा अन्नासाठी पुरेसे अन्न म्हणून महिन्यामध्ये एकदा किंवा दोनदा खनिज.
खोड,तण,6,0,6,0,-6.929,-1.1548,output/rudra-bhili-translate/generations/bhb2mar/ckp_33600_beam/bhb2mar_predictions.jsonl,469,"नुकसान : अळ्यो पाने खाईने पिकहा नुकसान कोअत्योह. तोवेच हाकवामाने बारे येनल्यो अळ्यो पानहा निळो पापूद्रा खातहे . त्याहाटी पानहावोय उजळा चटटा पोडताहा . दुसऱ्या ते तिसऱ्या अवस्थेमाने ओळयो पानहाल छिद्रेपोडतेहे. पानहा किणारा कडा खातहे अळ्या दोडहा पोंग्यामाय रोईन पानहाल छिद्रे पाडतेहे. त्याहाटी पोंग्यामाने बारे येनला पानाहावोय योके रेषेमाय योकसारखे छिद्रे देखातेहे. सर्वसाधारण योका जाडावोय योक नेते बेन ओळयो रोत्योह, काहाका त्यो पाही रोत्योह तोवे योकिबिजील खात्योह. जुने पाने मोठ्या प्रमाणात पर्णहीन होवून पानाच्या फक्त मध्य शिरा ऐन जाडहा मुख्य खोड शिल्लक रोहे.","नुकसान : अळ्या पाने खाऊन पिकाचे नुकसान करतात. त्याचबरोबर अंड्यातुन बाहेर आलेल्या अळ्या पानाचा हिरवा पापुद्रा खातात. त्यामुळे पानावर पांढरे चट्टे पडतात. दुसऱ्या ते तिसऱ्या अवस्थेतील अळ्या पानांना छिद्रे पाडतात. पानाच्या शिरा खातात अळ्या दोडहा पोंग्यात राहुन पानाला छिद्रे पाडतात. त्यामुळे पोंग्यातून बाहेर आलेल्या पानांवर योके रेषेमध्ये एकसारखी छिद्रे दिसतात. सर्वसाधारणपणे एका झाडावर एक किंवा दोन अळ्या असतात, कारण त्या जवळजवळ सारख्याच वेळी भक्ष करतात. प्रौढ पाने मोठ्या प्रमाणात पर्णहीन होवून पानाच्या फक्त मध्य शिरा आणि झाडाचे मुख्य खोड शिल्लक राहते.","नुकसान : अळ्या पाने खाऊन पिकाचे नुकसान करतात. त्याचबरोबर अंड्यातुन बाहेर आलेल्या अळ्या पानाचा हिरवा पापुद्रा खातात. त्यामुळे पानावर पांढरे चट्टे पडतात. दुसऱ्या ते तिसऱ्या अवस्थेतील अळ्या पानांना छिद्रे पाडतात. पानाच्या शिरा खातात अळ्या दोडहा पोंग्यात राहुन पानाला छिद्रे पाडतात. त्यामुळे पोंग्यातून बाहेर आलेल्या पानांवर योके रेषेमध्ये एकसारखी छिद्रे दिसतात. सर्वसाधारणपणे एका झाडावर एक किंवा दोन अळ्या असतात, कारण त्या जवळजवळ सारख्याच वेळी भक्ष करतात. प्रौढ पाने मोठ्या प्रमाणात पर्णहीन होवून पानाच्या फक्त मध्य शिरा आणि झाडाचे मुख्य तण शिल्लक राहते."
जनावरे,पशुधन,6,0,6,0,-6.328,-1.0547,output/rudra-bhili-translate/generations/bhb2mar/ckp_33600_beam/bhb2mar_predictions.jsonl,776,"जनावरे ठाकेज रिये, आण गेड गेडी बोंबूलूते वेरी, गेड गेडी मूतते वेरी ते गावडी आण पाडी मांजे आवीन तीयूल तूप ने टाक्यो नेत ती गाबू नेय रीइ ते ती बिहरी दाव २१ दिहू की मांजे आवे.","जनावरे स्थिरावलेली असतांना, लाळ्या-गोचीडच्या संसर्गास बळी पडल्यास, लाळ्या-गोचीडच्या लघवीस व मूत्रेस बळी पडल्यास गाय व म्हैस माजावर येण्याचा प्रयत्न करते, तेव्हा त्याला तूप लावले नाही तर ती पुढील वेळेस २१ दिवसांनी माजावर येईल.","पशुधन स्थिरावलेली असतांना, लाळ्या-गोचीडच्या संसर्गास बळी पडल्यास, लाळ्या-गोचीडच्या लघवीस व मूत्रेस बळी पडल्यास गाय व म्हैस माजावर येण्याचा प्रयत्न करते, तेव्हा त्याला तूप लावले नाही तर ती पुढील वेळेस २१ दिवसांनी माजावर येईल."
नारळ,नाराल्यें,11,6,5,0,-5.593,-0.5085,output/rudra-bhili-translate/generations/mar2bhb/ckp_33600_beam/mar2bhb_predictions.jsonl,370,"नारळ-मसाला मिश्रपिकांच्या लागवडीसाठी चांगल्या जमिनीची निवड, योग्य पाणीपुरवठा आणि अनुकूल नैसगिर्क हवामान या बाबी मुलभूत आहेत. विद्यापीठाने केलेल्या शिफारशीनुसार नारळ तसेच मिश्र पीक म्हणून मसाला पिकांची लागवड करावी.",नारळ मसाला मिश्रपिकां लागवडी खातोर हारी जमिनी निवड योग्य पांया पुरवठा आणे अनुकूल नैसगिर्क हवामान इया बाबी मुलभूत हाय.विद्यापीठाय केला शिफारस नुसार नारळ आणे मसाला पिका लागवड केरा जोजे,नाराल्यें मसाला मिश्रपिकां लागवडी खातोर हारी जमिनी निवड योग्य पांया पुरवठा आणे अनुकूल नैसगिर्क हवामान इया बाबी मुलभूत हाय.विद्यापीठाय केला शिफारस नुसार नाराल्यें आणे मसाला पिका लागवड केरा जोजे
सोप,बडीशेप,6,0,6,0,-4.985,-0.8308,output/rudra-bhili-translate/generations/bhb2mar/ckp_33600_beam/bhb2mar_predictions.jsonl,221,त्यामुळे चाडवाहा मुख्य आराखडा तयार वेरी एन. चाडावा उंची कमी वेईन हेंग्या काढनु सोप जाई एन उत्पादन वादि.,त्यामुळे झाडाचा मुख्य आराखडा तयार होईल व झाडाची उंची कमी होऊन शेंगा काढणीस सोपी होऊन उत्पादन वाढेल.,त्यामुळे झाडाचा मुख्य आराखडा तयार होईल व झाडाची उंची कमी होऊन शेंगा काढणीस बडीशेपी होऊन उत्पादन वाढेल.
शाश्वत उत्पन्न,शाश्वत उत्पादन,6,0,6,0,-4.938,-0.8229,output/rudra-bhili-translate/generations/bhb2mar/ckp_33600_beam/bhb2mar_predictions.jsonl,791,"गोडया पायाम मासे व्यवसाय प्रथीनयुक्त अन्ना गरज मीटी जाहे आन शाश्वत उत्पन्न स्त्रोत म्हणून मासे व्यवसाय ओ आपु शेतकऱ्याहाल हारो पर्यय हाय गोड्या पाया मेने मासे व्यवसाय बाराबी तलाव , जलाशय तेहे केज जीया खेतुम तळाम वो रहो बोय पाय टिकी रोहे एन्डा ठिकानाव खेती केरूला हारो रेहे","गोड्या पाण्यातील मत्स्यव्यवसाय प्रथिनयुक्त अन्नाची गरज भागवतो आणि शाश्वत उत्पन्न स्त्रोत म्हणून मत्स्यव्यवसाय हा आपल्या शेतकऱ्यांसाठी उत्तम पर्याय आहे. गोड्या पाण्यातील मत्स्यव्यवसायासाठी बारमाही तलाव, जलाशय तसेच ज्या ठिकाणी पावसाळ्यात तळ्यात पाणी टिकून राहते अशा ठिकाणी शेती करणे योग्य ठरते.","गोड्या पाण्यातील मत्स्यव्यवसाय प्रथिनयुक्त अन्नाची गरज भागवतो आणि शाश्वत उत्पादन स्त्रोत म्हणून मत्स्यव्यवसाय हा आपल्या शेतकऱ्यांसाठी उत्तम पर्याय आहे. गोड्या पाण्यातील मत्स्यव्यवसायासाठी बारमाही तलाव, जलाशय तसेच ज्या ठिकाणी पावसाळ्यात तळ्यात पाणी टिकून राहते अशा ठिकाणी शेती करणे योग्य ठरते."
बुरशीजन्य रोग,अँथ्रॅकनोज,1,0,1,0,-4.797,-4.7967,output/rudra-bhili-translate/generations/mar2bhb/ckp_18400/mar2bhb_predictions.jsonl,796,भात पिकाच्या पुनर्लागवडीनंतर १५ दिवसांनी शेतात ट्रायकोडर्मा आणि शेणखताचे मिश्रण वापरल्यास बुरशीजन्य रोग टळतात.,हाली रोप फासी ठाइन १५ दिहाकी शेताम ट्रायकोडर्मा आन शेणखता मिश्रण वापरूनु बुरशीजन्य रोग नाहा लागते.,हाली रोप फासी ठाइन १५ दिहाकी शेताम ट्रायकोडर्मा आन शेणखता मिश्रण वापरूनु अँथ्रॅकनोज नाहा लागते.
उडीद,उरद,6,2,4,0,-4.789,-0.7981,output/rudra-bhili-translate/generations/mar2bhb/ckp_33600_beam/mar2bhb_predictions.jsonl,191,८) मूग व उडीद पिकांची पेरणी अजिबात करु नये.,८) मूग आन उडीद पिकां पेरणी अजिबात करु नाय.,८) मुगड्या आन उरद पिकां ओनू अजिबात करु नाय.
फळमाशी,फळमाखा,6,0,6,0,-4.525,-0.7541,output/rudra-bhili-translate/generations/mar2bhb/ckp_33600_beam/mar2bhb_predictions.jsonl,969,फळमाशी : क्ल्यु-ल्युर कामगंध सापळे एकरी 5 या प्रमाणात वापरावे.,फळमाशी : क्ल्यु-ल्युर कामगंध सापळे एकरी 5 या प्रमाणाम वापरुनू,फळमाखा : क्ल्यु-ल्युर कामगंध सापळा एकरी 5 या प्रमाणाम वापरुनू
शेवगा,हेगवो,1,0,1,0,-4.21,-4.2102,output/rudra-bhili-translate/generations/mar2bhb/ckp_18400_beam/mar2bhb_predictions.jsonl,442,"पानवेलीस सावली आणि आधारासाठी शेवरी, शेवगा किंवा हदगा या वनस्पतींची लागवड आखणीझाल्यानंतर जून किंवा जुलै महिन्यात पहिल्या आठवड्यात करावी.","पानवेलीस सावली आन आधार खातोर शेवरी, शेवगा किंवा हदगा या वनस्पतीं लागवड आखणीझाल्यानंतर जून किंवा जुलै महिन्यात पहिल्या आठवड्यात केनू.","पानवेलीस सावली आन आधार खातोर शेवरी, हेगवो किंवा हदगा या वनस्पतीं लागवड आखणीझाल्यानंतर जून किंवा जुलै महिन्यात पहिल्या आठवड्यात केनू."
कलिंगड,टरबूज,5,0,5,0,-4.158,-0.8316,output/rudra-bhili-translate/generations/mar2bhb/ckp_33600_beam/mar2bhb_predictions.jsonl,272,कलिंगड फळे तयार झाल्याची लक्षणे खालीलप्रमाणे -,कलिंगड फल तयार वी जाय तिया लक्षणे निचे देदले हाय -,टरबूज फल तयार वी जाय तिया लक्षणे निचे देदले हाय -
मत्स्य व्यवसाय,मासे पालनू धंदो,6,0,6,0,-3.71,-0.6183,output/rudra-bhili-translate/generations/mar2bhb/ckp_33600_beam/mar2bhb_predictions.jsonl,791,"गोड्या पाण्यातील मत्स्य व्यवसाय : प्रथिनयुक्त अन्नाची गरज भागविणारा व शाश्वत उत्पन्नाचा स्त्रोत म्हणून मत्स्य व्यवसाय हा एक चांगला पर्याय आहे. गोड्या पाण्यातील मत्स्य व्यवसाय बारमाही तलाव, जलाशय तसेच ज्या शेत तळ्यांमध्ये वर्षभर पाणी टिकून राहते अशा ठिकाणी करणे सहज शक्य आहे.","गोड्या पायाम मत्स्य व्यवसाय : प्रथिनयुक्त अन्ना गरज भागविणारा ऐन शाश्वत उत्पन्नाचा स्त्रोत म्हणून मत्स्य व्यवसाय हा एक हारो पर्याय हाय. गोड्या पायाम मत्स्य व्यवसाय बारमाही तलाव, जलाशय तसेच ज्या शेत तळ्यांमध्ये वर्षभर पाय टिकीन रेहे ऐहंडा ठिकाणी केनु सहज शक्य हाय.","गोड्या पायाम मासे पालनू धंदो : प्रथिनयुक्त अन्ना गरज भागविणारा ऐन शाश्वत उत्पन्नाचा स्त्रोत म्हणून मासे पालनू धंदो हा एक हारो पर्याय हाय. गोड्या पायाम मासे पालनू धंदो बारमाही तलाव, जलाशय तसेच ज्या खेतो तळ्यांमध्ये वर्षभर पाय टिकीन रेहे ऐहंडा ठिकाणी केनु सहज शक्य हाय."
शेत,खेतो,6,0,6,0,-3.71,-0.6183,output/rudra-bhili-translate/generations/mar2bhb/ckp_33600_beam/mar2bhb_predictions.jsonl,791,"गोड्या पाण्यातील मत्स्य व्यवसाय : प्रथिनयुक्त अन्नाची गरज भागविणारा व शाश्वत उत्पन्नाचा स्त्रोत म्हणून मत्स्य व्यवसाय हा एक चांगला पर्याय आहे. गोड्या पाण्यातील मत्स्य व्यवसाय बारमाही तलाव, जलाशय तसेच ज्या शेत तळ्यांमध्ये वर्षभर पाणी टिकून राहते अशा ठिकाणी करणे सहज शक्य आहे.","गोड्या पायाम मत्स्य व्यवसाय : प्रथिनयुक्त अन्ना गरज भागविणारा ऐन शाश्वत उत्पन्नाचा स्त्रोत म्हणून मत्स्य व्यवसाय हा एक हारो पर्याय हाय. गोड्या पायाम मत्स्य व्यवसाय बारमाही तलाव, जलाशय तसेच ज्या शेत तळ्यांमध्ये वर्षभर पाय टिकीन रेहे ऐहंडा ठिकाणी केनु सहज शक्य हाय.","गोड्या पायाम मासे पालनू धंदो : प्रथिनयुक्त अन्ना गरज भागविणारा ऐन शाश्वत उत्पन्नाचा स्त्रोत म्हणून मासे पालनू धंदो हा एक हारो पर्याय हाय. गोड्या पायाम मासे पालनू धंदो बारमाही तलाव, जलाशय तसेच ज्या खेतो तळ्यांमध्ये वर्षभर पाय टिकीन रेहे ऐहंडा ठिकाणी केनु सहज शक्य हाय."
वैशिष्ट्य,वैशिष्ट्य मोजणी,6,0,6,0,-2.901,-0.4836,output/rudra-bhili-translate/generations/bhb2mar/ckp_33600_beam/bhb2mar_predictions.jsonl,37,"विजयनगर स्थापत्यकलेचो एक पैलू, जो ह्या महान शहराचो सार्वदेशिकत्व दाखवतो, तो हांव इस्लामी वैशिष्ट्य असलेल्या बरेच दीर्घकालिक वास्तूंचो अस्तित्व आय।","विजयनगर स्थापत्यकलेचे एक पैलू, जे ह्या महान शहराचे सार्वदेशिकत्व दर्शवते, ते म्हणजे इस्लामी वैशिष्ट्य असलेल्या बरेच दीर्घकालिक वास्तूंचे अस्तित्व.","विजयनगर स्थापत्यकलेचे एक पैलू, जे ह्या महान शहराचे सार्वदेशिकत्व दर्शवते, ते म्हणजे इस्लामी वैशिष्ट्य मोजणी असलेल्या बरेच दीर्घकालिक वास्तूंचे अस्तित्व."
फायदे,फायदो,2,0,2,0,-2.425,-1.2126,output/rudra-bhili-translate/generations/mar2bhb/ckp_18400_beam/mar2bhb_predictions.jsonl,591,एकतर्फी उतार असलेल्या शेतात उताराला आडवी पेरणी केल्यास खालील फायदे होतात.,एकतर्फी उतार रेहल्या खेताम उताराल आडवी पेरणी केयीता निचे फायदे वेताहा.,एकतर्फी उतार रेहल्या खेताम उताराल आडवी ओनू केयीता निचे फायदो वेताहा.
मुग,कुलथी,4,0,4,0,-2.35,-0.5874,output/rudra-bhili-translate/generations/bhb2mar/ckp_33600/bhb2mar_predictions.jsonl,191,मुग आन उडी़द इया पिकाहाल पेऊनु नाय,मुगा आणि उडीदा या पिकांची आंतरपिक म्हणून पेरणी करू नये.,कुलथीा आणि उडीदा या पिकांची आंतरपिक म्हणून पेरणी करू नये.
विषाणू निर्देशांक,विषाणू अनुक्रमण,6,0,6,0,-1.964,-0.3273,output/rudra-bhili-translate/generations/mar2bhb/ckp_33600_beam/mar2bhb_predictions.jsonl,458,"ब) उती संवर्धित रोपे : जातीवंत वाणांची,विषाणू निर्देशांक तपासलेली निरोगी रोपे खात्रीशीर उत्पादकांकडून खरेदी करावीत.","ब) उती संवर्धित रोपे : जातीवंत वाणांहा,विषाणू निर्देशांक तपासलेली निरोगी रोपे खात्रीशीर उत्पादकांवने खरेदी केनु.","ब) उती संवर्धित रोपे : जातीवंत वाणांहा,विषाणू अनुक्रमण तपासलेली निरोगी रोपे खात्रीशीर उत्पादकांवने खरेदी केनु."
पान,पानवेल,6,0,6,0,-1.858,-0.3096,output/rudra-bhili-translate/generations/bhb2mar/ckp_33600_beam/bhb2mar_predictions.jsonl,303,१२) पान खाणारी ओली व्यवस्थापनाकेता ५ टक्के निंबोळी अर्का वापर कोनु.,१२) पान खाणारी अळी व्यवस्थापनासाठी ५ टक्के निंबोळी अर्काचा वापर करावा.,१२) पानवेल खाणारी अळी व्यवस्थापनासाठी ५ टक्के निंबोळी अर्काचा वापर करावा.
तुव्या,तूर,1,0,1,0,-1.629,-1.6287,output/rudra-bhili-translate/generations/bhb2mar/ckp_19000/bhb2mar_predictions.jsonl,686,३) कोपाशा ओल्याहां सादाकिन कोमी किन एक नेता बेन ओलिहांम तुव्या लागवूनु.,३) कपाशीच्या ओळींची नियमितपणे विरळणी करुन एक किंवा दोन ओळींत तुव्यांची लागवड करावी.,३) कपाशीच्या ओळींची नियमितपणे विरळणी करुन एक किंवा दोन ओळींत तूरंची लागवड करावी.
मूग,मुगड्या,16,6,10,0,-1.449,-0.0906,output/rudra-bhili-translate/generations/mar2bhb/ckp_33600_beam/mar2bhb_predictions.jsonl,980,मोंगा म्हणजेच मूग पिकाचे उत्पादन वाढवण्यासाठी राष्ट्रीय अन्न सुरक्षा अभियानातून शेतकऱ्यांना जिप्समचे वाटप केले जात आहे.,मोंगा म्हणजेच मूग पिका उत्पादन वादवुनू केता राष्ट्रीय अन्न सुरक्षा अभियानामने शेतकऱ्यांन जिप्समु वाटप केएतेहे.,मोंगा म्हणजेच मुगड्या पिका उत्पादन वादवुनू केता राष्ट्रीय अन्न सुरक्षा अभियानामने शेतकऱ्यांन जिप्समु वाटप केएतेहे.
बियाणे प्रक्रिया,बियारा प्रक्रिया,4,0,4,0,-1.398,-0.3495,output/rudra-bhili-translate/generations/mar2bhb/ckp_33600_beam/mar2bhb_predictions.jsonl,40,त्यामुळे भेसळ होण्याची शक्यता टाळता येईल. काढणी व मळणी झाल्यानंतर बियाणे प्रक्रिया होईपर्यंत व प्रक्रिया झाल्यानंतर विक्रीपर्यंत साठविले जाते.,त्यामुळे भेसळ वेती नाह . काढणी व मळणी झाल्यानंतर बियाणे प्रक्रिया वे ताव व प्रक्रिया झाल्यानंतर विक्रीपर्यंत साठविले जाते.,त्यामुळे भेसळ वेती नाह . काढणी व मोलणी झाल्यानंतर बियारा प्रक्रिया वे ताव व प्रक्रिया झाल्यानंतर विक्रीपर्यंत साठविले जाते.
गाई,बोईल-गावडें,6,0,6,0,-1.161,-0.1934,output/rudra-bhili-translate/generations/mar2bhb/ckp_33600_beam/mar2bhb_predictions.jsonl,68,"प्रशिक्षणे व प्रदर्शने : या केंद्रामार्फत शेतकरी, गोपालक देशी गाई संवर्धनाकडे वळण्यासाठी 18 ऑफलाईन व 61 ऑनलाईन प्रशिक्षणे घेण्यात आली असून त्याद्वारे हजारो शेतकरी, गोपालक प्रशिक्षित झाले आहेत.","प्रशिक्षणे व प्रदर्शने : या केंद्रामार्फत शेतकरी, गोपालक देशी गाई संवर्धनाकडे वळण्यासाठी 18 ऑफलाईन व 61 ऑनलाईन प्रशिक्षणे घेण्यात आली असून त्याद्वारे हजारो शेतकरी, गोपालक प्रशिक्षित झाले आहेत.","प्रशिक्षणे व प्रदर्शने : या केंद्रामार्फत खेडूत, गोपालक देशी बोईल-गावडें संवर्धनाकडे वळण्यासाठी 18 ऑफलाईन व 61 ऑनलाईन प्रशिक्षणे घेण्यात आली असून त्याद्वारे हजारो खेडूत, गोपालक प्रशिक्षित झाले आहेत."
खवा,मावा,6,0,6,0,-1.018,-0.1696,output/rudra-bhili-translate/generations/mar2bhb/ckp_33600_beam/mar2bhb_predictions.jsonl,629,"दुग्धजन्य पदार्थ निर्मितीमध्ये मोठी मागणी असलेला पदार्थ म्हणजे खवा होय. देशात एकुण दूध उत्पादनापैकी ७ टक्के दूध हे खवा उत्पादनासाठी वापरले जाते खव्यापासुन विविध प्रकाराच्या मिठाई तयार केल्या जातात. दूध तापवून त्यापासून धनपदार्थ तयार करण्याच्या पध्दतीला खवा बनवणे असे म्हणतात. दुधातील जलांशाचे बाष्पीकरण करून आटवलेला पदार्थ म्हणजे खवा होय. भारतीय मिठाईच्या विविध प्रकारापैकी पेढे, बर्फी, कलाकंद, गुलाबजामुन असे पदार्थ खव्यापासून तयार केले जातात. सर्वसाधारणपणे खवा हा गायी-म्हशींच्या दुधापासुन तयार केला जातो.","दुग्धजन्य पदार्थ निर्मितीम मोडी मागणी रेहलो पदार्थ म्हणजे खवा हाय. देशाम एकुण दूध उत्पादनामने ७ टक्के दूध इ खवा उत्पादनाखातोर वापरुतेहे खव्यापासुन बिजा बिजा प्रकारा मिठाई तियार केल्या जातहया. दुध तापविन तियापासून धनपदार्थ तियार केनू पध्दतील खवा बनवूनू एहकी आखतेहे. दुदामेने जलांशा बाष्पीकरण केनू आटवलेला पदार्थ म्हणजे खवा हाय . भारतीय मिठाईच्या विविध प्रकारापैकी पेढे, बर्फी, कलाकंद, गुलाबजामुन एहेडे पदार्थ खवापासून तियार केले जातेहे . सर्वसाधारणपणे खवा ओ गाय-मोहडी दुधाकी तियार केतेहे","दुग्धजन्य पदार्थ निर्मितीम मोडी मागणी रेहलो पदार्थ म्हणजे मावा हाय. देशाम एकुण दूद उत्पादनामने ७ टक्के दूद इ मावा उत्पादनाखातोर वापरुतेहे खव्यापासुन बिजा बिजा प्रकारा मिठाई तियार केल्या जातहया. दुध तापविन तियापासून धनपदार्थ तियार केनू पध्दतील मावा बनवूनू एहकी आखतेहे. दुदामेने जलांशा वाफ वेनू केनू आटवलेला पदार्थ म्हणजे मावा हाय . भारतीय मिठाईच्या विविध प्रकारापैकी पेढे, बर्फी, कलाकंद, गुलाबजामुन एहेडे पदार्थ मावापासून तियार केले जातेहे . सर्वसाधारणपणे मावा ओ गाय-मोहडी दुधाकी तियार केतेहे"
बाष्पीकरण,वाफ वेनू,6,0,6,0,-1.018,-0.1696,output/rudra-bhili-translate/generations/mar2bhb/ckp_33600_beam/mar2bhb_predictions.jsonl,629,"दुग्धजन्य पदार्थ निर्मितीमध्ये मोठी मागणी असलेला पदार्थ म्हणजे खवा होय. देशात एकुण दूध उत्पादनापैकी ७ टक्के दूध हे खवा उत्पादनासाठी वापरले जाते खव्यापासुन विविध प्रकाराच्या मिठाई तयार केल्या जातात. दूध तापवून त्यापासून धनपदार्थ तयार करण्याच्या पध्दतीला खवा बनवणे असे म्हणतात. दुधातील जलांशाचे बाष्पीकरण करून आटवलेला पदार्थ म्हणजे खवा होय. भारतीय मिठाईच्या विविध प्रकारापैकी पेढे, बर्फी, कलाकंद, गुलाबजामुन असे पदार्थ खव्यापासून तयार केले जातात. सर्वसाधारणपणे खवा हा गायी-म्हशींच्या दुधापासुन तयार केला जातो.","दुग्धजन्य पदार्थ निर्मितीम मोडी मागणी रेहलो पदार्थ म्हणजे खवा हाय. देशाम एकुण दूध उत्पादनामने ७ टक्के दूध इ खवा उत्पादनाखातोर वापरुतेहे खव्यापासुन बिजा बिजा प्रकारा मिठाई तियार केल्या जातहया. दुध तापविन तियापासून धनपदार्थ तियार केनू पध्दतील खवा बनवूनू एहकी आखतेहे. दुदामेने जलांशा बाष्पीकरण केनू आटवलेला पदार्थ म्हणजे खवा हाय . भारतीय मिठाईच्या विविध प्रकारापैकी पेढे, बर्फी, कलाकंद, गुलाबजामुन एहेडे पदार्थ खवापासून तियार केले जातेहे . सर्वसाधारणपणे खवा ओ गाय-मोहडी दुधाकी तियार केतेहे","दुग्धजन्य पदार्थ निर्मितीम मोडी मागणी रेहलो पदार्थ म्हणजे मावा हाय. देशाम एकुण दूद उत्पादनामने ७ टक्के दूद इ मावा उत्पादनाखातोर वापरुतेहे खव्यापासुन बिजा बिजा प्रकारा मिठाई तियार केल्या जातहया. दुध तापविन तियापासून धनपदार्थ तियार केनू पध्दतील मावा बनवूनू एहकी आखतेहे. दुदामेने जलांशा वाफ वेनू केनू आटवलेला पदार्थ म्हणजे मावा हाय . भारतीय मिठाईच्या विविध प्रकारापैकी पेढे, बर्फी, कलाकंद, गुलाबजामुन एहेडे पदार्थ मावापासून तियार केले जातेहे . सर्वसाधारणपणे मावा ओ गाय-मोहडी दुधाकी तियार केतेहे"
चर खोदणे,खड्डा,1,0,1,0,-0.949,-0.9494,output/rudra-bhili-translate/generations/mar2bhb/ckp_18400_beam/mar2bhb_predictions.jsonl,570,"२. यांत्रिक पध्दती विविध यंत्र किंवा उपकरणे आणि मानवी शक्तीचा वापर करून किडींना मारणे किंवा किडींना खाद्यापर्यंत पोहचू न देणे, याला यांत्रिक पध्दती म्हणतात. उदा. हाताने किडी जमा करणे, कीडग्रस्त भाग नष्ट करणे, जाळीने किडी पकडणे, प्रकाश सापळे, कामगंध सापळे, धान्य चाळणे, चिकट सापळे, खोडाभोवती चिकट पदार्थ किंवा पत्रा लावणे, शेताभोवती चर खोदणे, फळांना झाकणे, धूर करणे, आग निर्माण करणारे यंत्र, पक्षांना हाकलण्यासाठीचे यंत्र.","२. यांत्रिक पध्दती विविध यंत्र किंवा उपकरणे आणे मानवी शक्ती वापर कीन किडींन मारनू किंवा किडींन खाद्यापर्यंत पोहचू न देवनु, इयाल यांत्रिक पध्दती आखतेहे. उदा. हाताकी किडी जमा केनू, कीडग्रस्त भाग नष्ट केनू, जाळी की किडी तेनू, प्रकाश सापळे, कामगंध सापळे, धान्य चाळनू, चिकट सापळे, खोडाभोवती चिकट पदार्थ किंवा पत्रा लागवूनू, शेताभोवती चर खोदणे, फळांना झाकणे, धूर केनू, आग निर्माण केनारे यंत्र, पक्षांन हाकलूनु यंत्र.","२. यांत्रिक पध्दती विविध यंत्र किंवा उपकरणे आणे मानवी शक्ती वापर कीन किडे मारुलोंन मारनू किंवा किडे मारुलोंन खाद्यापर्यंत पोहचू न देवनु, इयाल यांत्रिक पध्दती आखतेहे. उदा. हाताकी किडे मारुलो जमा केनू, कीडग्रस्त भाग नष्ट केनू, जाळी की किडे मारुलो तेनू, उजवाडं सापळा, कामगंध सापळा, धान्य चाळनू, चिकट सापळा, खोडाभोवती चिकट पदार्थ किंवा पत्रा लागवूनू, शेताभोवती खड्डा, फळांना झाकणे, धूर केनू, आग निर्माण केनारे यंत्र, पक्षांन हाकलूनु यंत्र."
प्रजनन,आवाळो,6,0,6,0,-0.931,-0.1552,output/rudra-bhili-translate/generations/mar2bhb/ckp_33600_beam/mar2bhb_predictions.jsonl,645,"या प्रकल्पामध्ये बदलत्या हवामानात देशी गायीचे प्रजनन, आहार व आरोग्य व्यवस्थापन यावर मार्गदर्शन केले जाते.","या प्रकल्पाम बदलत्या हवामानात देशी गावडीही प्रजनन, आहार व आरोग्य व्यवस्थापन याव मार्गदर्शन केतेहे.","या प्रकल्पाम बदलत्या हवामानात देशी गावडीही आवाळो, चारो व आरोग्य व्यवस्थापन याव मार्गदर्शन केतेहे."
कुज,रोट,1,0,1,0,-0.913,-0.9134,output/rudra-bhili-translate/generations/mar2bhb/ckp_18400_beam/mar2bhb_predictions.jsonl,202,"इ आंब्याच्या हापूस जातीच्या फळांची काढणी लवकर करण्यासाठी, वजन वाढवण्यासाठी आणि साका, देठ कुज आणि फळावर पडणारे डाग कमी करण्यासाठी काढणीपूर्व फळ अंड्याच्या आकाराचे झाल्यावर बाहेरून तपकिरी व आतून काळ्या रंगाच्या २८ x२० सें.मी. कागदी पिशवीचे आवरण घालण्याची व ५० दिवसानंतर काढण्याची शिफारस करण्यात आली आहे.","इ आंबा हापूस जाती फळां काढणी माहार केरा खातोर, वजन वादवा खातोर आणे साका, देट कुज आणे फळाव पडणारे डाग कमी केरा खातोर काढणीपूर्व फळ हाकवा आकारा विन बारेने तपकिरी व माजमे काळ्या रंगा २८ x२० सें.मी. कागदी पिशवी आवरण केनू व ५० दिवसानंतर काढणी शिफारस केली हाय","इ आंबा हापूस जाती फळां काढणी माहार केरा खातोर, वजन वादवा खातोर आणे साका, देट रोट आणे फळाव पडणारे डाग कमी केरा खातोर काढणीपूर्व फळ हाकवा आकारा विन बारेने तपकिरी व माजमे काळ्या रंगा २८ x२० सें.मी. कागदी पिशवी आवरण केनू व ५० दिवसानंतर काढणी शिफारस केली हाय"
पूर,खाड़ी,6,0,6,0,-0.897,-0.1495,output/rudra-bhili-translate/generations/mar2bhb/ckp_33600_beam/mar2bhb_predictions.jsonl,420,नदीच्या बदलत्या स्वरूपामुळे नदीच्या भविष्यातील गतिमार्गाचा अंदाज पुलावरील पूर रोखण्यासाठी वरच्या भागातील अभियांत्रिकीच्या नियोजनात महत्त्वपूर्ण आहे.,खाडी बदलत्या स्वरूपा खाडी भविष्याम गतिमार्गा अंदाज पुलावने पूर रोखण्यासाठी उचेने भागाम अभियांत्रिकी नियोजनाम महत्त्वपूर्ण हाय.,खाडी बदलत्या स्वरूपा खाडी भविष्याम गतिमार्गा अंदाज पुलावने खाड़ी रोखण्यासाठी उचेने भागाम अभियांत्रिकी नियोजनाम महत्त्वपूर्ण हाय.
बटाटा,वाटाणा,2,0,2,0,-0.889,-0.4444,output/rudra-bhili-translate/generations/bhb2mar/ckp_19000_beam/bhb2mar_predictions.jsonl,430,"माल्टोडेक्सट्रीच वापर किन बीटा कॅरोटिनू कणाप आवरण केयाकी , बटाटा स्टार्च आन जिलेटीन पेक्षा उत्तम आवरण क्षमता की (७५%) आन कमी खर्चाम ६० दिही लोगी बीटा कॅरोटीन तापमानुल टिकवी थोवा खातूर माल्टोडेक्सट्रीनच्य सुक्ष्मावरणा शिफारस केता आवेहे.","माल्टोडेक्सट्रीचचा वापर करून बीटा कॅरोटिनच्या कणांवर आवरण केल्यामुळे, बटाटा स्टार्च व जिलेटीनपेक्षा उत्तम आवरण क्षमता (७५%) आणि कमी खर्चामुळे ६० दिवसापर्यंत बीटा कॅरोटिन तापमानाला टिकवून ठेवण्यासाठी माल्टोडेक्सट्रीनच्या सुक्ष्मवरणाची शिफारस करण्यात येत आहे.","माल्टोडेक्सट्रीचचा वापर करून बीटा कॅरोटिनच्या कणांवर आवरण केल्यामुळे, वाटाणा स्टार्च व जिलेटीनपेक्षा उत्तम आवरण क्षमता (७५%) आणि कमी खर्चामुळे ६० दिवसापर्यंत बीटा कॅरोटिन तापमानाला टिकवून ठेवण्यासाठी माल्टोडेक्सट्रीनच्या सुक्ष्मवरणाची शिफारस करण्यात येत आहे."
कोरडे,कोअडो,1,0,1,0,-0.69,-0.6899,output/rudra-bhili-translate/generations/mar2bhb/ckp_18400_beam/mar2bhb_predictions.jsonl,806,"गाभण शेळ्या शेवटच्या महिन्यात वेगळ्या ठेवून रोज २५०-३०० ग्रॅम प्रथिनेयुक्त खुराक, हिरव्या चाऱ्यासोबत द्यावा, शेळ्यांचे गोठे ओलसर, दमट असू नयेत. ते कोरडे व हवेशीर असावेत. प्रत्येक शेळीस गोठ्यात १० चौ व मोकळी २० चौ.","गाभण बोकड्या शेवट्या मोयनाम वेगळा थोवीन रोज २५०-३०० ग्रॅम प्रथिनेयुक्त खुराक, निलो चारो आरी देवणू, बोकडीही ओखडो ओलसर, दमट नाय जोजे ते कोरडे व हवेशीर जोजे. प्रत्येक बोकडील ओखडाम १० चौ व मोकळी २० चौ.","गाभण बोकड्या शेवट्या मोयनाम वेगळा थोवीन रोज २५०-३०० ग्राम प्रथिनेयुक्त खुराक, निलो चारो आरी देवणू, बोकडीही ओखडो ओलसर, दमट नाय जोजे ते कोअडो व हवेशीर जोजे. प्रत्येक बोकडील ओखडाम १० चौ व मोकळी २० चौ."
गहू,गोव,15,9,6,0,-0.666,-0.0444,output/rudra-bhili-translate/generations/mar2bhb/ckp_33600_beam/mar2bhb_predictions.jsonl,892,"महाराष्ट- ातील गव्हाचे कमी उत्पादन येण्याची कारणे म्हणजे कोरडवाहू गव्हाची लागवड, गहू लागवडीसाठी हलक्या जमिनीचा वापर, पाणीपुरवठा पीक अवस्थेनुसार न करणे, सुधारित वाणांचा वापर न करणे, पीक वाढीच्या अवस्थेत तापमानात वारंवार होणारे बदल, पीक संरक्षणाचा अभाव, मशागत तंत्रज्ञानाचा अवलंब न करणे आणि गव्हाची उशिरा पेरणी करणे ही आहेत.","महाराष्ट्राम गहू कमी उत्पादन आवुला कारणे म्हणजे कोरडवाहू गहू लागवड, गहू लागवडी खातोर ओलक्या जमिनी वापर, पायपुरवठा पीक अवस्थेनुसार न केनु, सुधारित वाणांचा वापर न केनु, पीक वाढी अवस्थेत तापमानाम घेडी घेडी वेणारे बदल, पीक संरक्षणाचा अभाव, मशागत तंत्रज्ञानाचा अवलंब न केनु आण गहू उशिरा पेरणी केनु ई हाय","महाराष्ट्राम गोव कमी उत्पादन आवुला कारणे म्हणजे कोरडवाहू गोव लागवड, गोव लागवडी खातोर ओलक्या जमिनी वापर, पायपुरवठा पीक अवस्थेनुसार न केनु, सुधारित वाणांचा वापर न केनु, पीक वाढी अवस्थेत तापमानाम घेडी घेडी वेणारे बदल, पीक संरक्षणाचा अभाव, खेडनूं तंत्रज्ञानाचा अवलंब न केनु आण गोव उशिरा ओनू केनु ई हाय"
शेण,सां,1,0,1,0,-0.665,-0.6651,output/rudra-bhili-translate/generations/mar2bhb/ckp_18400_beam/mar2bhb_predictions.jsonl,238,2. गाईचे शेण : ९० ते १०० किलो.,2. गावडी शेण : ९० ते १०० किलो.,2. गावडी सां : ९० ते १०० किलो.
पाळीव प्राणी,पालतू,2,0,2,0,-0.632,-0.3159,output/rudra-bhili-translate/generations/mar2bhb/ckp_18400_beam/mar2bhb_predictions.jsonl,268,तुमच्याकडे पाळीव प्राणी असल्यास तुम्हाला एकदा किंवा वारंवार पाळीव प्राणी शुल्क भरावे लागेल.,तुम्हावे पाळीव प्राणी वेरी तर तुम्हांन एकदां नेता पासी पाळीव प्राणी पोयसा पोरा पोडी.,तुम्हावे पालतू वेरी तर तुम्हांन एकदां नेता पासी पालतू पोयसा पोरा पोडी.
मीठ,खारों,7,4,3,0,-0.325,-0.0465,output/rudra-bhili-translate/generations/mar2bhb/ckp_33600_beam/mar2bhb_predictions.jsonl,809,"गाभण शेळ्यांचा आहार: गाभण काळात चांगली वैरण मिळणे महत्त्वाचे आहे. या काळातील शेवटच्या ६ ते ८ आठवड्यात चांगल्या वैरणीबरोबरच ४०० ते ५०० ग्रॅम आंबोण देणे महत्त्वाचे आहे. याशिवाय वर सांगितल्याप्रमाणे कॅल्शियम, फॉस्रफस, मीठ असलेले मिश्रण चाटण्यास ठेवल्यास फायदा होतो.","गाबी बोकडी चारा: गाबी काळाम हारो चारो मिलणे महत्त्वाचे हाय. या काळाम शेवटच्या ६ ते ८ आठवडाम हारो चारा आरी ४०० ते ५०० ग्रॅम आंबोण देणे महत्त्वाचे हाय. याशिवाय उचे आखल्याप्रमाणे कॅल्शियम, फॉस्रफस, मीठ असलेले मिश्रण चाटण्यास थोविन फायदो वेहे.","गाबी बोकडी चारा: गाबी काळाम हारो चारो मिलणे महत्त्वाचे हाय. या काळाम शेवटच्या ६ ते ८ आठवडाम हारो चारा आरी ४०० ते ५०० ग्राम आंबोण देणे महत्त्वाचे हाय. याशिवाय उचे आखल्याप्रमाणे कॅल्सीयम, फॉस्रफस, खारों असलेले मिश्रण चाटण्यास थोविन फायदो वेहे."
संकरीत,संकरित,18,5,6,7,-0.175,-0.0097,output/rudra-bhili-translate/generations/mar2bhb/ckp_33600_beam/mar2bhb_predictions.jsonl,691,"पेरणीची पध्दत : सरत्याने किंवा टोकून, ओळीतील अंतर ४५ (सरळ वाणांकरीता) से.मी. किंवा ६० से.मी. (संकरीत वाणांकरीता) व झाडातील अंतर ३० से. मी. ठेवावे.","ओनू पध्दत : सरत्याने किंवा टोकून, ओळीमाने अंतर ४५ (सरळ वाणांकरीता) से.मी. नेता ६० से.मी. (संकरीत वाणांकरीता) व चाडामेने अंतर ३० से. मी. थोवनु.","ओनू पध्दत : सरत्याने किंवा टोकून, ओळीमाने अंतर ४५ (सरळ वाणांकरीता) से.मी. नेता ६० से.मी. (संकरित वाणांकरीता) व चाडामेने अंतर ३० से. मी. थोवनु."
चहा,चाय,6,3,3,0,-0.024,-0.0041,output/rudra-bhili-translate/generations/mar2bhb/ckp_33600/mar2bhb_predictions.jsonl,500,"आज लोकांमध्ये प्रदुषित अन्न पदार्थांविषयी जागरूकता निर्माण होऊ लागली आहे. त्यामुळे आपल्या देशात निर्यात बाजारपेठेबरोबरच सेंद्रीय शेती मालाला स्थानिक बाजारपेठ उपलब्ध होत आहे. आंतरराष्ट्रीय बाजारपेठेचा विचार केल्यास बासमती भात, गहू, कापूस, सोयाबीन, चहा, कॉफी, मसाल्याचे पदार्थ इत्यादी पिकांच्या सेंद्रीय उत्पादनास प्रचंड मागणी आहे. आपला देश या सेंद्रीय मालाची निर्यात मोठ्या प्रमाणात करत आहे. तथापि, आपल्या महाराष्ट्रातील विशेषतः कोकणातील शेतकÚयांनी स्थानिक बाजारपेठेचा विचार करून जर सेंद्रीय शेती केली तर त्यांना निश्चितच फायदा होवू शकतो.","आज लोकांम प्रदुषित अन्न पदार्थांविषयी जागरूकता निर्माण वेरा लागीही. त्यामुळे आपु देशा निर्यात बाजारपेठेआरी सेंद्रीय खेती मालाल स्थानिक बाजारपेठ उपलब्ध वेहे. आंतरराष्ट्रीय बाजारपेठा विचार केयोता बासमती भात, गहू, कापूस, सोयाबीन, चहा, कॉफी, मसाला पदार्थ इत्यादी पिकांहा सेंद्रीय उत्पादनाल प्रचंड मागणी हाय. आपू देशाम या सेंद्रीय माला निर्यात मोठ्या प्रमाणाम केतेहे. तेहेकीच, आपु महाराष्ट्रात स्थानिक केता कोकणाम शेतकऱ्यांय स्थानिक बाजारपेठा विचार कीन जर सेंद्रीय खेती केयी तर त्यांन निश्चितच फायदो वेहे.","आज लोकांम प्रदुषित अन्न पदार्थांविषयी जागरूकता निर्माण वेरा लागीही. त्यामुळे आपु देशा मोकलावनू बाजारपेठेआरी सेंद्रीय खेती मालाल स्थानिक बाजारपेठ उपलब्ध वेहे. आंतरराष्ट्रीय बाजारपेठा विचार केयोता बासमती भात, गोव, कपाशी, सोयाबीन, चाय, कॉफी, मसाला पदार्थ इत्यादी पिकांहा सेंद्रीय उत्पादनाल प्रचंड मागणी हाय. आपू देशाम या सेंद्रीय माला मोकलावनू मोठ्या प्रमाणाम केतेहे. तेहेकीच, आपु महाराष्ट्रात स्थानिक केता कोकणाम शेतकऱ्यांय स्थानिक बाजारपेठा विचार कीन जर सेंद्रीय खेती केयी तर त्यांन निश्चितच फायदो वेहे."
ओवा,ओजमां,6,6,0,0,0.113,0.0189,output/rudra-bhili-translate/generations/mar2bhb/ckp_18400/mar2bhb_predictions.jsonl,354,उत्पादन : ओवा पिकापासून व्यवस्थापनात हेक्टरी १२ ते १४ क्विंटल उत्पन्न मिळू शकते.,उत्पादन : ओवा पिकापासून व्यवस्थापनाम हेक्टरी १२ ते १४ क्विंटल उत्पन्न मिली शकेहे.,उत्पादन : ओजमां पिकापासून व्यवस्थापनाम हेक्टरी १२ ते १४ क्विंटल उत्पन्न मिली शकेहे.
खाड,चर,2,2,0,0,0.178,0.089,output/rudra-bhili-translate/generations/bhb2mar/ckp_33000/bhb2mar_predictions.jsonl,369,ए खाड गादिलाम खाड आही. ए खाड कडलूरमा वराती आवे हे आना बांगलु उपसागरू खाडीम वरायुल पेहला श्वेता खाडील मिले हे.,ही नदी गादिलामध्ये नदीत रूपांतरित होते; ही नदी कडलूरमध्ये उगम पावते आणि बाणगंगा उपसागराच्या खाड्यात बहण्यापूर्वी श्वेत नदीत विलीन होते.,ही नदी गादिलामध्ये नदीत रूपांतरित होते; ही नदी कडलूरमध्ये उगम पावते आणि बाणगंगा उपसागराच्या चर्यात बहण्यापूर्वी श्वेत नदीत विलीन होते.
माशी,माखी,3,2,0,1,0.4,0.1333,output/rudra-bhili-translate/generations/mar2bhb/ckp_18400/mar2bhb_predictions.jsonl,709,"अशा प्रकारच्या वाळवणीमुळे सुकविलेल्या माशांवर मुंग्या, किडे, माशी इत्यादी आढळून येत नाही.","एहकी प्रकारा उखविन उखवुला मासाहाव मुंग्या, किडे, माशी इत्यादी देखात्या नाहा.","एहकी प्रकारा उखविन उखवुला मासाहाव मुंग्या, किडे, माखी इत्यादी देखात्या नाहा."
ज्वारी,जुवा,2,2,0,0,0.484,0.2419,output/rudra-bhili-translate/generations/mar2bhb/ckp_33400_beam/mar2bhb_predictions.jsonl,318,"४) ज्वारी- गहू या पीक पध्दतीच्या १५ वर्षांच्या अभ्यासानंतर असे दिसून आले की, दोन्ही पिकांच्या जास्तीत जास्त उत्पादनाकरिता नत्र, स्फुरद व पालाश यांची संपूर्ण मात्रा रासायनिक खतातून द्यावी.","ज्वारी- गहू या पीक पध्दतीच्या १५ वर्षां अभ्यास किन तोवे एहेकी देखाय आलो की, बेनी पिकांमने जास्तीम जास्त उत्पादनाकेता नत्र, स्फुरद व पालाश यांहा संपूर्ण मात्रा रासायनिक खतामेने देवनु","जुवा- गोव या पीक पध्दतीच्या १५ वर्षां अभ्यास किन तोवे एहेकी देखाय आलो की, बेनी पिकांमने जास्तीम जास्त उत्पादनाकेता नत्र, स्फुरद व पालाश यांहा संपूर्ण मात्रा रासायनिक खतामेने देवनु"
घट्ट,ज्याडे शि ग्ये,3,3,0,0,0.504,0.1679,output/rudra-bhili-translate/generations/mar2bhb/ckp_18400_beam/mar2bhb_predictions.jsonl,770,जसजसे पाण्याचे बाष्पीभवन होत जाईल तसतसे दुध घट्ट होत जाते हा घट्टपणा चंदनाच्या लेपाप्रमाणे (पेस्ट) सारखा होईपर्यंत आटविण्याची प्रक्रिया चालु ठेवावी.,जसजसे पाया बाष्पीभवन वेतो जाई तसतसे दुध घट्ट वेहे ओ घट्टपणा चंदनाच्या लेपाप्रमाणे (पेस्ट) सारखा होईपर्यंत आटविण्याची प्रक्रिया चालु ठेवूलो,जसजसे पाया वाफ नुकसान वेतो जाई तसतसे दुध ज्याडे शि ग्ये वेहे ओ ज्याडे शि ग्येपणा चंदनाच्या लेपाप्रमाणे (खाऊलो) सारखा होईपर्यंत आटविण्याची प्रक्रिया चालु ठेवूलो
पेस्ट,खाऊलो,3,3,0,0,0.504,0.1679,output/rudra-bhili-translate/generations/mar2bhb/ckp_18400_beam/mar2bhb_predictions.jsonl,770,जसजसे पाण्याचे बाष्पीभवन होत जाईल तसतसे दुध घट्ट होत जाते हा घट्टपणा चंदनाच्या लेपाप्रमाणे (पेस्ट) सारखा होईपर्यंत आटविण्याची प्रक्रिया चालु ठेवावी.,जसजसे पाया बाष्पीभवन वेतो जाई तसतसे दुध घट्ट वेहे ओ घट्टपणा चंदनाच्या लेपाप्रमाणे (पेस्ट) सारखा होईपर्यंत आटविण्याची प्रक्रिया चालु ठेवूलो,जसजसे पाया वाफ नुकसान वेतो जाई तसतसे दुध ज्याडे शि ग्ये वेहे ओ ज्याडे शि ग्येपणा चंदनाच्या लेपाप्रमाणे (खाऊलो) सारखा होईपर्यंत आटविण्याची प्रक्रिया चालु ठेवूलो
डोडा,मका,1,1,0,0,0.879,0.8794,output/rudra-bhili-translate/generations/bhb2mar/ckp_19000_beam/bhb2mar_predictions.jsonl,261,या पिकाखातर जमिनी निवड आन पेले खेडणू वखरणू एहेकी डोडा प्रमाणेच केनु,या पिकासाठी जमिनीची निवड व पूर्वमशागत डोडा पिकाप्रमाणेच करावी.,या पिकासाठी जमिनीची निवड व पूर्वमशागत मका पिकाप्रमाणेच करावी.
कृत्रिम रेतन,टुप थोवनू,6,6,0,0,0.892,0.1486,output/rudra-bhili-translate/generations/mar2bhb/ckp_18400/mar2bhb_predictions.jsonl,135,माजावर आल्यानंतर १२ ते २४ तासांच्या कालावधीत तिला कृत्रिम रेतन करून घेतल्यास (भरविल्यास) गाभण राहण्याचे प्रमाण अधिक असते.,मांजे आलेका फासे १२ ते २४ तासां कालावधीम तियील कृत्रिम रेतन कीन लेदो (भरविल्यास) गाभण रेवनु प्रमाण वाद रेहे.,मांजे आलेका फासे १२ ते २४ तासां कालावधीम तियील टुप थोवनू कीन लेदो (भरविल्यास) गाभण रेवनु प्रमाण वाद रेहे.
चाना,हरभरा,1,1,0,0,0.913,0.9132,output/rudra-bhili-translate/generations/bhb2mar/ckp_33000_beam/bhb2mar_predictions.jsonl,604,पुलो १२-२४ तास पायाम पीजववी थोविन फासे निर्जंतुक केराहाटी ८०-८५ अंश से. तापमानाम पायाम २० मिनिटे थोविन आगला लागवाहाटी वापरुतहे. लाकडा नैता बांबू इटाव चौकटीव ४-६ जुडके (साधारण २० सें.मी. व्यासा) सारखे थोवणू. इयाव काठा बाजू के १०-१२ सें.मी. माज आजू बाजू ल रांगोली पध्दतीनके चाना नैता तुवी कुट टाकनू. इयावबुरशी बीयारों जागे जागे अंतराव ओअतेहे. फासो पोयलो जुडक्या थोराव विरूध्द बाजूनके बिजो थोर देइन पासी डाली कुट आन बुरशी बीयारो पोअनू ३६-४० जुडक्याहा टीग तयार व्हेहे.,पुलांना १२-२४ तास पाण्यात भिजवून नंतर निर्जंतुक करण्यासाठी ८०-८५ अंश से. तापमानाच्या पाण्यात २० मिनिटे ठेवून पुढे लागवडीसाठी वापरतात. लाकडाच्या किंवा बांबूच्या विटांच्या चौकटीवर ४-६ तुकडे (साधारण २० सें.मी. व्यासाचे) समान अंतरावर ठेवावेत. यावर काठाच्या बाजूने १०-१२ सें.मी. अंतरावर दोन्ही बाजूंनी हिरवीगार चाना किंवा तुरीचे कुट टाकावे. यावर बुरशीच्या बीजाणू हळूहळू अंतरावर पेरले जातात. नंतर प्रथम तुकड्याच्या तळाला विरुद्ध बाजूने दुसरा थर देऊन नंतर डाली कुट आणि बुरशीचे बीदारुन ३६-४० तुकड्यांचे टीग तयार होतात.,पुलांना १२-२४ तास पाण्यात भिजवून नंतर निर्जंतुक करण्यासाठी ८०-८५ अंश से. तापमानाच्या पाण्यात २० मिनिटे ठेवून पुढे लागवडीसाठी वापरतात. लाकडाच्या किंवा बांबूच्या विटांच्या चौकटीवर ४-६ तुकडे (साधारण २० सें.मी. व्यासाचे) समान अंतरावर ठेवावेत. यावर काठाच्या बाजूने १०-१२ सें.मी. अंतरावर दोन्ही बाजूंनी हिरवीगार हरभरा किंवा तुरीचे कुट टाकावे. यावर बुरशीच्या बीजाणू हळूहळू अंतरावर पेरले जातात. नंतर प्रथम तुकड्याच्या तळाला विरुद्ध बाजूने दुसरा थर देऊन नंतर डाली कुट आणि बुरशीचे बीदारुन ३६-४० तुकड्यांचे टीग तयार होतात.
खतांचा वापर,खत वापर,2,2,0,0,0.966,0.483,output/rudra-bhili-translate/generations/mar2bhb/ckp_18400/mar2bhb_predictions.jsonl,57,"६) ठिबक सिंचनातुन खतांचा वापर : ठिबक सिंचनातून पाण्यात विरघळणारी खते व मुलद्रव्ये योग्य त्या प्रमाणात,","ठिबक सिंचनाकी खतांचा वापर : ठिबक सिंचनाकी पायाम मिलणारी खते व मुलद्रव्ये योग्य त्या प्रमाणात,","ठिबक सिंचनाकी खत वापर : ठिबक सिंचनाकी पायाम मिलणारी खते व मुलद्रव्ये योग्य त्या प्रमाणात,"
सुर्यफुल,हुरजा फुल,4,4,0,0,0.991,0.2478,output/rudra-bhili-translate/generations/mar2bhb/ckp_18400/mar2bhb_predictions.jsonl,994,"फळे व भाजीपाला उत्पादनात भारत दुसऱ्या क्रमांकावर असून, दूध, तिळ, तांदुळ, कापुस, ऊस, गहु, दाळी, सुर्यफुल आणि मांस आदीच्या उत्पादनात जगात अग्रेसर आहे. उत्पादीत फळे व भाजीपाला यांचे अपुऱ्या साठवण व प्रक्रिये अभावी २०-२५ टक्के मालाची नासाडी होते, त्यामुळे प्रचंड मोठ्या प्रमाणावर कच्चा माल वाया जातो व त्याचे मूल्य ४० हजार कोटी आहे. आपल्या देशात सर्वसाधारणपणे ५ - ६ टक्के मालावर प्रक्रिया केली जाते.","फळे व भाजीपाला उत्पादनाम भारत दुसऱ्या क्रमांकावर असून, दूध, तिळ, तांदुळ, कापुस, ऊस, गहु, दाळी, सुर्यफुल आणि मांस आदीच्या उत्पादनात जगात अग्रेसर आहे. उत्पादीत फळे व भाजीपाला यांचे अपुऱ्या साठवण व प्रक्रिये अभावी २०-२५ टक्के मालाची नासाडी होते, त्यामुळे प्रचंड मोठ्या प्रमाणावर कच्चा माल वाया जाहे व त्याचे मूल्य ४० हजार कोटी आहे. आपल्या देशाम सर्वसाधारणपणे ५ - ६ टक्के मालावर प्रक्रिया केली जाहे.","फळे व भाजीपाला उत्पादनाम भारत दुसऱ्या क्रमांकावर असून, दूद, तिळ, तांदुळ, कापुस, हेडी, गहु, दाळी, हुरजा फुल आणि मांस आदीच्या उत्पादनात जगात अग्रेसर आहे. उत्पादीत फळे व भाजीपाला यांचे अपुऱ्या साठवण व प्रक्रिये अभावी २०-२५ टक्के मालाची नासाडी होते, त्यामुळे प्रचंड मोठ्या प्रमाणावर कच्चा माल वाया जाहे व त्याचे मूल्य ४० हजार कोटी आहे. आपल्या देशाम सर्वसाधारणपणे ५ - ६ टक्के मालावर प्रक्रिया केली जाहे."
धरणे,वाडणू,2,2,0,0,1.015,0.5074,output/rudra-bhili-translate/generations/mar2bhb/ckp_18400/mar2bhb_predictions.jsonl,66,"नदीच्या पाणलोट क्षेत्रात असलेल्या गावांनी मातीची धरणे बांधली, ज्यात सर्वात मोठे धरण हे २४४ मी लांब आणि ७ मी रुंद आहे.","खाडी पाणलोट क्षेत्राम रेणाऱ्या गावांनी माती धरणे बांधले, ज्याम आखहासे मोठ धरण हे २४४ मी लांब आन ७ मी रुंद हाय.","खाडी पाणलोट क्षेत्राम रेणाऱ्या गावांनी माती वाडणू बांधले, ज्याम आखहासे मोठ धरण हे २४४ मी लांब आन ७ मी रुंद हाय."
टोमॅटो,टमाटे,1,1,0,0,1.033,1.0325,output/rudra-bhili-translate/generations/mar2bhb/ckp_18400/mar2bhb_predictions.jsonl,658,टोमॅटो पिकात फळ पोखरणारी अळी नियंत्रणासाठी कामगंध सापळे लावून फवारणीचे वेळापत्रक ठरवावे.,टोमॅटो पिकाम फळ पोखरुणारी अळी नियंत्रणाखातोर कामगंध सापळे लागवीन फवारणी वेळापत्रक ठरवुनू.,टमाटे पिकाम फळ पोखरुणारी अळी नियंत्रणाखातोर कामगंध सापळा लागवीन फवारणी वेळापत्रक ठरवुनू.
गाय,गावडी,1,1,0,0,1.071,1.0705,output/rudra-bhili-translate/generations/mar2bhb/ckp_18400_beam/mar2bhb_predictions.jsonl,207,५) कोमट पाण्याने कास धुतल्यानंतर गाय / म्हैस पान्हा सोडण्यास सुरवात करते.,५) कोमट पायाकी कास तुविन गाय / मोहडी पान्हा सोडणू सुरवात केहे.,५) कोमट पायाकी कास तुविन गावडी / मोहडी पान्हा सोडणू सुरवात केहे.
अवशेष,सोडहे,8,5,0,3,1.129,0.1411,output/rudra-bhili-translate/generations/mar2bhb/ckp_18400/mar2bhb_predictions.jsonl,638,अराविदू राजवंशाच्या उत्तराधिकाऱ्यांनी या प्रदेशावर राज्य केले परंतु १६१४ मध्ये साम्राज्य कोसळले आणि विजापूर सल्तनत आणि इतरांबरोबर सुरू असलेल्या युद्धांमुळे १६४६ मध्ये अंतिम अवशेष संपुष्टात आले.,अराविदू राजवंशा उत्तराधिकाऱ्यांय इया प्रदेशाव राज्य केलो पेन १६१४ म साम्राज्य कोसळलो आणे विजापूर सल्तनत आणे इतरां आरी सुरू रेहल्या युद्धांकी १६४६ म अंतिम अवशेष संपुष्टात आलो.,अराविदू राजवंशा उत्तराधिकाऱ्यांय इया प्रदेशाव राज्य केलो पेन १६१४ म साम्राज्य कोसळलो आणे विजापूर सल्तनत आणे इतरां आरी सुरू रेहल्या युद्धांकी १६४६ म अंतिम सोडहे संपुष्टात आलो.
मूळ,मुळ,9,7,2,0,1.227,0.1364,output/rudra-bhili-translate/generations/mar2bhb/ckp_18400_beam/mar2bhb_predictions.jsonl,444,"केवळ पुतळ्याची बैठक ब्रिटीश म्युझियममध्ये संरक्षित आहे, मूळ मूर्ती, जी घोळदार कपड्यांसहित आहे आणि ज्यावर लोरियन तंगई बुद्धापेक्षा अधिक उठावचित्रे आहेत, ती मात्र गायब झाली आहे.","फक्त पुतळ्याची बैठक ब्रिटीश म्युझियममध्ये संरक्षित हाय, मूळ मूर्ती, जी घोळदार कपड्यांसहित हाय आण ज्यावर लोरियन तंगई बुद्धापेक्षा अधिक उठावचित्रे हाय, ती मात्र गायब वी गेहली हाय.","फक्त पुतळ्याची बैठक ब्रिटीश म्युझियममध्ये संरक्षित हाय, मुळ मूर्ती, जी घोळदार कपड्यांसहित हाय आण ज्यावर लोरियन तंगई बुद्धापेक्षा अधिक उठावचित्रे हाय, ती मात्र गायब वी गेहली हाय."
सुपारी,होपारी,6,6,0,0,1.742,0.2903,output/rudra-bhili-translate/generations/mar2bhb/ckp_18400/mar2bhb_predictions.jsonl,199,"६. विविध पिकांकरिता वेगवेगळ्या खोलीचे नमुने घ्यावेत. उदा. हंगामी पिके (भात, नागली, भुईमूग इ.): २० ते २५ सेंमी.; बागायती पिके (ऊस, केळी इ.): ३० ते ४० सें.मी.; फळबाग पिके (उदा. आंबा, काजू, नारळ, सुपारी इ.): ६० सें.मी.","६. जुदा जुदा पिकां खातोर जुदा जुदा खोली नमुने लेवनु . उदा. हंगामी पिके (भात, नागली, भुईमूग इ.): २० ते २५ सेंमी.; बागायती पिके (ऊस, केळी इ.): ३० ते ४० सें.मी.; फळबाग पिके (उदा. आंबा, काजू, नारळ, सुपारी इ.): ६० सें.मी.","६. जुदा जुदा पिकां खातोर जुदा जुदा खोली नमुने लेवनु . उदा. हंगामी पिके (भात, नागली, हेंग्या इ.): २० ते २५ सेंमी.; बागायती पिके (हेडी, केले इ.): ३० ते ४० सें.मी.; फळबाग पिके (उदा. आंबा, काजू, नाराल्यें, होपारी इ.): ६० सें.मी."
माती,कादु,4,4,0,0,2.423,0.6057,output/rudra-bhili-translate/generations/mar2bhb/ckp_18400_beam/mar2bhb_predictions.jsonl,48,२) माती प्रक्रिया - जमिनीमार्फत होणाऱ्या रोगजन्य बुरशीच्या नियंत्रणासाठी ५ किलो ट्रायकोडर्मा भुकटी ५०० किलो चांगल्या कुजलेल्या शेणखतात मिश्रण करून एक हेक्टर क्षेत्रात पसरवून मातीत मिसळावी व शक्य असल्यास पाणी द्यावे.,२) माती प्रक्रिया - जमिनीमार्फत वेणाऱ्या रोगजन्य बुरशी नियंत्रणाखातोर ५ किलो ट्रायकोडर्मा भुकटी ५०० किलो हारो होडलो शेणखताम बेडीन एक हेक्टर क्षेत्राम पसरविन मातीम बेडीन अन शक्य असल्यास पाय देवनू.,२) कादु प्रक्रिया - जमिनीमार्फत वेणाऱ्या रोगजन्य बुरशी नियंत्रणाखातोर ५ किलो ट्रायकोडर्मा भुकटी ५०० किलो हारो होडलो शेणखताम बेडीन एक हेक्टर क्षेत्राम पसरविन कादुम बेडीन अन शक्य असल्यास पाय देवनू.
हरभरा,चाना,6,6,0,0,2.494,0.4157,output/rudra-bhili-translate/generations/mar2bhb/ckp_18400/mar2bhb_predictions.jsonl,604,पेंड्या १२-२४ तास पाण्यात भिजत ठेऊन नंतर निर्जंतुक करण्यासाठी ८०-८५ अंश से. तापमानाच्या पाण्यात साधारण २० मिनिटे ठेऊन पुढे लागवडीसाठी वापरतात. लाकडी किंवा बांबूच्या विटावर आधारित चौकटीवर ४-६ जुडके (साधारण २० सें.मी. व्यासाचे) समांतर ठेवतात. यावर काठाचे बाजूने १०-१२ सें.मी. आत सभोवताली रांगोळी पध्दतीने हरभरा किंवा तुरीचे पीठ टाकतात. यावर बुरशीचे बी थोड्या थोड्या अंतरावर पेरतात. परत प्रथम जुडक्याचे थरावर विरूध्द बाजूने दुसरा थर देऊन पुन्हा दाळीचे पीठ आणि बुरशीचे बी पेरून ३६-४० जुडक्याचा ढीग तयार होतो.,पेंड्या १२-२४ तास पायाम पिजविन थोविन नंतर निर्जंतुक केरा खातर ८०-८५ अंश से. तापमाना पायाम साधारण २० मिनिटे थोविन आगाडी लागवडीखातर वापरूतेहे. लाकडा नेता बांबू विटाव आधारित चौकटीव ४-६ जुडके (साधारण २० सें.मी. व्यासाचे) समांतर थोवतेहे. याव काठा बाजूकी १०-१२ सें.मी. आत सभोवताली रांगोळी पध्दतीकी हरभरा नेता तुरी पीठ टाकतेहे. याव बुरशी बी थोडा थोडा अंतराव पेरतेहे. परत पेहेला जुडक्या थरावे विरुद्ध बाजूकी दुसरो थर दिन फाची दाळी पीठ आन बुरशी बी पेरिन ३६-४० जुडक्या ढीग तयार वेहे.,पेंड्या १२-२४ तास पायाम पिजविन थोविन नंतर निर्जंतुक केरा खातर ८०-८५ अंश से. तापमाना पायाम साधारण २० मिनिटे थोविन आगाडी लागवडीखातर वापरूतेहे. लाकडा नेता बांबू विटाव आधारित चौकटीव ४-६ जुडके (साधारण २० सें.मी. व्यासाचे) समांतर थोवतेहे. याव काठा बाजूकी १०-१२ सें.मी. आत सभोवताली रांगोळी पध्दतीकी चाना नेता तुरी पीठ टाकतेहे. याव बुरशी बी थोडा थोडा अंतराव पेरतेहे. परत पेहेला जुडक्या थरावे विरुद्ध बाजूकी दुसरो थर दिन फाची दाळी पीठ आन बुरशी बी पेरिन ३६-४० जुडक्या ढीग तयार वेहे.
सेंद्रिय शेती,सेंद्रिय खेती,1,1,0,0,2.509,2.5095,output/rudra-bhili-translate/generations/mar2bhb/ckp_18400_beam/mar2bhb_predictions.jsonl,827,१४. सेंद्रिय शेती संकल्पना व मूलभूत बाबी,१४. सेंद्रिय शेती संकल्पना ऐन मूलभूत बाबी,१४. सेंद्रिय खेती संकल्पना ऐन मूलभूत बाबी
शेती,खेती,6,5,1,0,2.56,0.4267,output/rudra-bhili-translate/generations/mar2bhb/ckp_18400/mar2bhb_predictions.jsonl,500,"आज लोकांमध्ये प्रदुषित अन्न पदार्थांविषयी जागरूकता निर्माण होऊ लागली आहे. त्यामुळे आपल्या देशात निर्यात बाजारपेठेबरोबरच सेंद्रीय शेती मालाला स्थानिक बाजारपेठ उपलब्ध होत आहे. आंतरराष्ट्रीय बाजारपेठेचा विचार केल्यास बासमती भात, गहू, कापूस, सोयाबीन, चहा, कॉफी, मसाल्याचे पदार्थ इत्यादी पिकांच्या सेंद्रीय उत्पादनास प्रचंड मागणी आहे. आपला देश या सेंद्रीय मालाची निर्यात मोठ्या प्रमाणात करत आहे. तथापि, आपल्या महाराष्ट्रातील विशेषतः कोकणातील शेतकÚयांनी स्थानिक बाजारपेठेचा विचार करून जर सेंद्रीय शेती केली तर त्यांना निश्चितच फायदा होवू शकतो.","आज लोकांहाम प्रदुषित अन्न पदार्थांविषयी जागरूकता निर्माण वेहे. त्याकेता आपु देशाम निर्यात बाजारपेठेआरी सेंद्रीय शेती मालाल स्थानिक बाजारपेठ उपलब्ध वेहे. आंतरराष्ट्रीय बाजारपेठा विचार केयोता बासमती भात, गहू, कापूस, सोयाबीन, चहा, कॉफी, मसाल्याचे पदार्थ इत्यादी पिकांहा सेंद्रीय उत्पादनाल प्रचंड मागणी हाय. आपु देशाम इया सेंद्रीय माला निर्यात मोठ्या प्रमाणाम केतेहे. तेहकीच, आपु महाराष्ट्रातील विशेषतः कोकणातील शेतकऱ्यांय स्थानिक बाजारपेठा विचार कीन जर सेंद्रीय शेती केयी तर त्यांन निश्चितच फायदो वी शकेहे.","आज लोकांहाम प्रदुषित अन्न पदार्थांविषयी जागरूकता निर्माण वेहे. त्याकेता आपु देशाम मोकलावनू बाजारपेठेआरी सेंद्रीय खेती मालाल स्थानिक बाजारपेठ उपलब्ध वेहे. आंतरराष्ट्रीय बाजारपेठा विचार केयोता बासमती भात, गोव, कपाशी, सोयाबीन, चाय, कॉफी, मसाल्याचे पदार्थ इत्यादी पिकांहा सेंद्रीय उत्पादनाल प्रचंड मागणी हाय. आपु देशाम इया सेंद्रीय माला मोकलावनू मोठ्या प्रमाणाम केतेहे. तेहकीच, आपु महाराष्ट्रातील विशेषतः कोकणातील शेतकऱ्यांय स्थानिक बाजारपेठा विचार कीन जर सेंद्रीय खेती केयी तर त्यांन निश्चितच फायदो वी शकेहे."
ओळीतील अंतर,ओल्यामेने अंतर,2,2,0,0,3.985,1.9926,output/rudra-bhili-translate/generations/mar2bhb/ckp_18400/mar2bhb_predictions.jsonl,691,"पेरणीची पध्दत : सरत्याने किंवा टोकून, ओळीतील अंतर ४५ (सरळ वाणांकरीता) से.मी. किंवा ६० से.मी. (संकरीत वाणांकरीता) व झाडातील अंतर ३० से. मी. ठेवावे.","पेरणी पध्दत : सरत्याने किंवा टोकून, ओळीतील अंतर ४५ (सरळ वाणांकरीता) से.मी. किंवा ६० से.मी. (संकरीत वाणांकरीता) व झाडातील अंतर ३० से. मी. थोवनु.","पेरणी पध्दत : सरत्याने किंवा टोकून, ओल्यामेने अंतर ४५ (सरळ वाणांकरीता) से.मी. किंवा ६० से.मी. (संकरित वाणांकरीता) व चाडांहा अंतर ३० से. मी. थोवनु."
झाडातील अंतर,चाडांहा अंतर,2,2,0,0,3.985,1.9926,output/rudra-bhili-translate/generations/mar2bhb/ckp_18400/mar2bhb_predictions.jsonl,691,"पेरणीची पध्दत : सरत्याने किंवा टोकून, ओळीतील अंतर ४५ (सरळ वाणांकरीता) से.मी. किंवा ६० से.मी. (संकरीत वाणांकरीता) व झाडातील अंतर ३० से. मी. ठेवावे.","पेरणी पध्दत : सरत्याने किंवा टोकून, ओळीतील अंतर ४५ (सरळ वाणांकरीता) से.मी. किंवा ६० से.मी. (संकरीत वाणांकरीता) व झाडातील अंतर ३० से. मी. थोवनु.","पेरणी पध्दत : सरत्याने किंवा टोकून, ओल्यामेने अंतर ४५ (सरळ वाणांकरीता) से.मी. किंवा ६० से.मी. (संकरित वाणांकरीता) व चाडांहा अंतर ३० से. मी. थोवनु."
पीक कालावधी,पिकांहा कालावधी,6,6,0,0,4.247,0.7078,output/rudra-bhili-translate/generations/mar2bhb/ckp_18400/mar2bhb_predictions.jsonl,459,पीक कालावधी : 85 ते 130 दिवस काढणी व मळणी पीक पक्व होताच पिकाची काढणी करावी.,पीक कालावधी : 85 ते 130 दिवस काडनू आन मोलनू पीक पक्व वेताच पिक काडनू.,पिकांहा कालावधी : 85 ते 130 दिवस काडनू आन मोलनू पीक पक्व वेताच पिक काडनू.
बाष्पीभवन,वाफ नुकसान,11,8,3,0,4.341,0.3946,output/rudra-bhili-translate/generations/mar2bhb/ckp_33600_beam/mar2bhb_predictions.jsonl,374,तथापि ऑक्टोबर महिन्यात तापमान वाढल्यास तसेच जानेवारीनंतर तापमान वाढल्यास शेततळ्यातील पाण्याचे बाष्पीभवन होते व मोठ्या प्रमाणात पाण्याचा ऱ्हास होतो.,तथापि ऑक्टोबर महिन्याम तापमान वाद्यो तेहेकीच जानेवारीनंतर तापमान वाद्यो खेततळामने पाया बाष्पीभवन वेहे एन मोड्या प्रमाणाम पाया ऱ्हास वेहे,तथापि ऑक्टोबर महिन्याम तोप वाद्यो तेहेकीच जानेवारीनंतर तोप वाद्यो खेततळामने पाया वाफ नुकसान वेहे एन मोड्या प्रमाणाम पाया ऱ्हास वेहे
विद्राव्य खत,पाण्याम पिगलूनारो खत,6,6,0,0,4.529,0.7548,output/rudra-bhili-translate/generations/mar2bhb/ckp_18400/mar2bhb_predictions.jsonl,464,"8. सर्गिक वायुविजन पॉलीहाऊसमध्ये लाल कोबी पिकाचे (ऑगस्ट पुर्नलागवड) अधिक उत्पादन, पाणी वापर क्षमता व आर्थिक फायदा मिळविण्यासाठी दररोज ठिबक सिंचनातून पीक बाष्पपर्णोत्सर्जनाच्या ९० टक्के पाणी व १२५ टक्के शिफारशीत विद्राव्य खत मात्रा पुर्नलागवडीच्या १० दिवसांनी (१००:५०:५० कि./हे. नत्र स्फुरदः पालाश) ५० वेळा दिवसाआड देण्याची शिफारस आहे.","8. सर्गिक वायुविजन पॉलीहाऊसमे लाल कोबी पिका (ऑगस्ट पुर्नलागवड) अधिक उत्पादन, पाणी वापर क्षमता व आर्थिक फायदो मिलवाखातोर रोज ठिबक सिंचनामेने पीक बाष्पपर्णोत्सर्जना ९० टक्के पाणी व १२५ टक्के शिफारशीम विद्राव्य खत मात्रा पुर्नलागवडी १० दिहाकी (१००:५०:५० कि./हे. नत्र स्फुरदः पालाश) ५० वेळा दिहाआड देवनु शिफारस हाय.","8. सर्गिक वायुविजन पॉलीहाऊसमे लाल कोबी पिका (ऑगस्ट पुर्नलागवड) अधिक उत्पादन, पांय वापर क्षमता व आर्थिक फायदो मिलवाखातोर रोज ठिबक सिंचनामेने पीक बाष्पपर्णोत्सर्जना ९० टक्के पांय व १२५ टक्के शिफारशीम पाण्याम पिगलूनारो खत मात्रा पुर्नलागवडी १० दिहाकी (१००:५०:५० कि./हे. नत्र स्फुरदः पालाश) ५० वेळा दिहाआड देवनु शिफारस हाय."
खेडूत,शेतकरी,4,4,0,0,7.266,1.8164,output/rudra-bhili-translate/generations/bhb2mar/ckp_33000/bhb2mar_predictions.jsonl,587,आखा खेडूतू ने म्हणजे खेडूत मित्राने झिंक सल्फेट प्रति लिटर २१ ग्रॅम इया प्रमाणूम वापरा .,सर्व शेतकऱ्यांनी म्हणजे खेडूत मित्रांनी झिंक सल्फेट प्रति लिटर २१ ग्रॅम या प्रमाणात वापरावे.,सर्व शेतकऱ्यांनी म्हणजे शेतकरी मित्रांनी झिंक सल्फेट प्रति लिटर २१ ग्रॅम या प्रमाणात वापरावे.
पांढरी माशी,उजली माखी,2,2,0,0,7.465,3.7323,output/rudra-bhili-translate/generations/mar2bhb/ckp_18400/mar2bhb_predictions.jsonl,751,"फुलकिडे, मावा व पांढरी माशी : पिले आणि प्रौढ पानातील रस शोषून घेतात त्यामुळे पाने वाकडी होतात.","फुलकिडे, मावा व पांढरी माशी : पिलले आन प्रौढ पानामेने रस चुही लेतेहे तिया खातोर पाने वाकडे वी जातेहे.","फुलकिडे, मावा व उजली माखी : पिलले आन प्रौढ पानामेने रस चुही लेतेहे तिया खातोर पाने वाकडे वी जातेहे."
वाण,जाती,2,2,0,0,8.109,4.0546,output/rudra-bhili-translate/generations/mar2bhb/ckp_18400_beam/mar2bhb_predictions.jsonl,138,"सुधारित वाण : पीक डोना, डोमिंगो, मास्टर, गोडिना, कीरो, स्टार इ.","सुधारित वाण : पीक डोना, डोमिंगो, मास्टर, गोडिना, कीरो, स्टार इ. हाय.","सुधारित जाती : पीक डोना, डोमिंगो, मास्टर, गोडिना, कीरो, स्टार इ. हाय."
चिकणमाती,चिकनी कादु,4,4,0,0,8.831,2.2078,output/rudra-bhili-translate/generations/mar2bhb/ckp_18400/mar2bhb_predictions.jsonl,101,"खोऱ्यातील वेगवेगळ्या प्रकारच्या मातीमध्ये सामान्यतः चिकणमाती, लहान खडकांचे तुकडे, वाळू आणि वालुकामय माती असतात.","खोऱ्यामने वेगवेगळ्या प्रकारा कादुम सामान्य चिकणमाती, हाना खडका तुकडे, रेअटा आण रेअटा सारको कादु रेहे.","खोऱ्यामने वेगवेगळ्या प्रकारा कादुम सामान्य चिकनी कादु, हाना खडका तुकडे, रेअटा आण रेअटा सारको कादु रेहे."
मशागत,खेडनूं,12,6,6,0,9.137,0.7614,output/rudra-bhili-translate/generations/mar2bhb/ckp_33600_beam/mar2bhb_predictions.jsonl,892,"महाराष्ट- ातील गव्हाचे कमी उत्पादन येण्याची कारणे म्हणजे कोरडवाहू गव्हाची लागवड, गहू लागवडीसाठी हलक्या जमिनीचा वापर, पाणीपुरवठा पीक अवस्थेनुसार न करणे, सुधारित वाणांचा वापर न करणे, पीक वाढीच्या अवस्थेत तापमानात वारंवार होणारे बदल, पीक संरक्षणाचा अभाव, मशागत तंत्रज्ञानाचा अवलंब न करणे आणि गव्हाची उशिरा पेरणी करणे ही आहेत.","महाराष्ट्राम गहू कमी उत्पादन आवुला कारणे म्हणजे कोरडवाहू गहू लागवड, गहू लागवडी खातोर ओलक्या जमिनी वापर, पायपुरवठा पीक अवस्थेनुसार न केनु, सुधारित वाणांचा वापर न केनु, पीक वाढी अवस्थेत तापमानाम घेडी घेडी वेणारे बदल, पीक संरक्षणाचा अभाव, मशागत तंत्रज्ञानाचा अवलंब न केनु आण गहू उशिरा पेरणी केनु ई हाय","महाराष्ट्राम गोव कमी उत्पादन आवुला कारणे म्हणजे कोरडवाहू गोव लागवड, गोव लागवडी खातोर ओलक्या जमिनी वापर, पायपुरवठा पीक अवस्थेनुसार न केनु, सुधारित वाणांचा वापर न केनु, पीक वाढी अवस्थेत तापमानाम घेडी घेडी वेणारे बदल, पीक संरक्षणाचा अभाव, खेडनूं तंत्रज्ञानाचा अवलंब न केनु आण गोव उशिरा ओनू केनु ई हाय"
स्फुरद विरघळविणारे जिवाणू,स्फुरद विद्राव्य केनारा जिवाणू,4,4,0,0,10.175,2.5436,output/rudra-bhili-translate/generations/mar2bhb/ckp_18400_beam/mar2bhb_predictions.jsonl,616,"स्फुरद विरघळविणारे जिवाणू खत वापरण्याची पध्दती : स्फुरद विरघळविणाऱ्या जिवाणू खताचा बियाण्यावर, रोपाच्या मुळावर अंतरक्षीकरण पध्दतीने वापर करतात किंवा शेणखतात मिसळून जमिनीत पेरतात. नत्र स्थिर करणारे जिवाणू खत व स्फुरद विरघळविणारे जिवाणू खत एकत्र मिसळून बियाण्यावर किंवा रोपाच्या मुळावर अंतरक्षीकरण पध्दतीने लावता येतात. त्याचप्रमाणे शेणखतात एकत्र मिसळून जमिनीत पेरता येतात.","स्फुरद विरघळविणारे जिवाणू खत वापरुनु पध्दती : स्फुरद विरघळविणाऱ्या जिवाणू खता बियाराप, रोपा मुलाप अंतरक्षीकरण पध्दतीकी वापर केतेहे नेता शेणखताम बेडीन जमिनीम पोतेहे. नत्र स्थिर केणारे जिवाणू खत आन स्फुरद विरघळविणारे जिवाणू खत बेडीन बियाराप किंवा रोपा मुलाप अंतरक्षीकरण पध्दतीकी लागवूता आवेहे. तेहकीज शेणखताम बेडीन जमिनीम पोता आवेहे.","स्फुरद विद्राव्य केनारा जिवाणू खत वापरुनु पध्दती : स्फुरद विरघळविणाऱ्या जिवाणू खता बियाराप, रोपा मुलाप अंतरक्षीकरण पध्दतीकी वापर केतेहे नेता शेणखताम बेडीन जमिनीम पोतेहे. नत्र स्थिर केणारे जिवाणू खत आन स्फुरद विद्राव्य केनारा जिवाणू खत बेडीन बियाराप किंवा रोपा मुलाप अंतरक्षीकरण पध्दतीकी लागवूता आवेहे. तेहकीज शेणखताम बेडीन जमिनीम पोता आवेहे."
हिरवा चारा,निलो चारो,2,2,0,0,11.333,5.6667,output/rudra-bhili-translate/generations/mar2bhb/ckp_18400/mar2bhb_predictions.jsonl,906,शेळ्यांच्या उत्तम वाढीसाठी त्यांना दिवसाला किमान २ ते ३ किलो सुका आणि हिरवा चारा द्या.,बोकडीही हारी वाद वेरा जोजे तिहाल तीहीन दीहूमें 2 ते 3 किलो हुकालो आन हिरवा चारा देवूलो,बोकडीही हारी वाद वेरा जोजे तिहाल तीहीन दीहूमें 2 ते 3 किलो हुकालो आन निलो चारो देवूलो
वस्तु,व्यापार करण्यासाठी वापरली जाणारी मूलभूत वस्तू किंवा उत्पादन,3,3,0,0,12.383,4.1277,output/rudra-bhili-translate/generations/bhb2mar/ckp_19000/bhb2mar_predictions.jsonl,201,मोजरी गोठीवे खाजगी जाहिरात केनारा आरदा दलाल पोयसाहां गोठीवालाहांल तियाहां गिराईकाहांवेने मोजरी आन ते वेचताहा तिया वस्तु दलाली एहेंकी बेनीवेल नफो रहे.,मजुरीबाबत स्वावलंबी जाहिरातदारांकडे दलालीच्या व्यवहारांबाबत मध्यस्थांना त्यांच्या ग्राहकांकडून मजुरी आणि ते विकत असलेल्या वस्तुची दलाली असे दोन्ही बाजूंनी नफा असतो.,मजुरीबाबत स्वावलंबी जाहिरातदारांकडे दलालीच्या व्यवहारांबाबत मध्यस्थांना त्यांच्या ग्राहकांकडून मजुरी आणि ते विकत असलेल्या व्यापार करण्यासाठी वापरली जाणारी मूलभूत वस्तू किंवा उत्पादनची दलाली असे दोन्ही बाजूंनी नफा असतो.
पीक उत्पादन,पिकांहा उत्पन्न,6,6,0,0,14.248,2.3747,output/rudra-bhili-translate/generations/mar2bhb/ckp_18400/mar2bhb_predictions.jsonl,395,अखिल भारतीय समन्वयित संशोधन प्रकल्पांतर्गत हळद पीक उत्पादन पध्दतीचा अभ्यास केला गेला.,अखिल भारतीय समन्वयीत संशोधन प्रकल्पांतर्गत ऐदा पीक उत्पादन पध्दती अभ्यास केयोहो.,अखिल भारतीय समन्वयीत संशोधन प्रकल्पांतर्गत ऐदा पिकांहा उत्पन्न पध्दती अभ्यास केयोहो.
गूळ,गुल,6,6,0,0,14.469,2.4115,output/rudra-bhili-translate/generations/mar2bhb/ckp_18400/mar2bhb_predictions.jsonl,330,"खारवट, चोपण, चुनखडीयुक्त जमिनीतील उसापासून दर्जेदार गूळ होत नसल्याने अशा जमिनीतील ऊस-गूळ आणि काकवी तयार करण्यासाठी वापरू नये.","खारवट, चोपण, चुनखडीयुक्त जमिनीमने हेडी दर्जेदार गूळ नाहा वेतो तियाल एहंडी जमिनीमने ऊस-गूळ आण काकवी तियार केरा खातोर वापरूना नाय.","खारवट, चोपण, चुनखडीयुक्त जमिनीमने हेडी दर्जेदार गुल नाहा वेतो तियाल एहंडी जमिनीमने ऊस-गुल आण काकवी तियार केरा खातोर वापरूना नाय."
सापळा,सापळे,2,2,0,0,17.853,8.9263,output/rudra-bhili-translate/generations/bhb2mar/ckp_19000/bhb2mar_predictions.jsonl,969,फळमाशी : क्ल्यु-ल्युर कामगंध सापळा एकराम 5 या प्रमाणाम वापुरुनु,फळमाशी : क्ल्यु-ल्युर कामगंध सापळा एकरी 5 या प्रमाणात वापरावा.,फळमाशी : क्ल्यु-ल्युर कामगंध सापळे एकरी 5 या प्रमाणात वापरावा.
कंपोस्ट खड्डा,कंपोस्ट खड्डो,6,6,0,0,24.671,4.1118,output/rudra-bhili-translate/generations/mar2bhb/ckp_18400/mar2bhb_predictions.jsonl,70,"३. कंपोस्ट खड्डा शक्यतो उंच जागी असावा. खड्ड्याची खोली तीन फूट, रुंदी सहा फूट आणि लांबी आवश्यकतेनुसार ठेवावी.","३. कंपोस्ट खड्डा शक्यतो उचो जागाव रा जोजे. खड्ड्या खोली तीन फूट, रुंदी सहा फूट आणि लांबी गरजेनुसार थोवनू.","३. कंपोस्ट खड्डो शक्यतो उचो जागाव रा जोजे. खड्ड्या खोली तीन फूट, रुंदी सहा फूट आणि लांबी गरजेनुसार थोवनू."
ग्राम,ग्रॅम,6,6,0,0,35.317,5.8861,output/rudra-bhili-translate/generations/bhb2mar/ckp_19000/bhb2mar_predictions.jsonl,703,दुय्यम संसर्ग टाळाखातर 2 ग्राम स्टेप्टोसायकलिंग + 25 ग्राम कॉपर एक्झिक्लोराईड + 10 लिटर पांय या प्रमाने लिन फवारणी केनू.,दुय्यम संसर्ग टाळण्यासाठी 2 ग्राम स्टेप्टोसायकलिंग + 25 ग्राम कॉपर एक्झिक्लोराईड + 10 लिटर पाणी या प्रमाणात घेऊन फवारणी करावी.,दुय्यम संसर्ग टाळण्यासाठी 2 ग्रॅम स्टेप्टोसायकलिंग + 25 ग्रॅम कॉपर एक्झिक्लोराईड + 10 लिटर पाणी या प्रमाणात घेऊन फवारणी करावी.
ऊस,हेडी,23,23,0,0,41.579,1.8078,output/rudra-bhili-translate/generations/mar2bhb/ckp_18400/mar2bhb_predictions.jsonl,199,"६. विविध पिकांकरिता वेगवेगळ्या खोलीचे नमुने घ्यावेत. उदा. हंगामी पिके (भात, नागली, भुईमूग इ.): २० ते २५ सेंमी.; बागायती पिके (ऊस, केळी इ.): ३० ते ४० सें.मी.; फळबाग पिके (उदा. आंबा, काजू, नारळ, सुपारी इ.): ६० सें.मी.","६. जुदा जुदा पिकां खातोर जुदा जुदा खोली नमुने लेवनु . उदा. हंगामी पिके (भात, नागली, भुईमूग इ.): २० ते २५ सेंमी.; बागायती पिके (ऊस, केळी इ.): ३० ते ४० सें.मी.; फळबाग पिके (उदा. आंबा, काजू, नारळ, सुपारी इ.): ६० सें.मी.","६. जुदा जुदा पिकां खातोर जुदा जुदा खोली नमुने लेवनु . उदा. हंगामी पिके (भात, नागली, हेंग्या इ.): २० ते २५ सेंमी.; बागायती पिके (हेडी, केले इ.): ३० ते ४० सें.मी.; फळबाग पिके (उदा. आंबा, काजू, नाराल्यें, होपारी इ.): ६० सें.मी."
भेंडी,पेंडे,12,12,0,0,50.641,4.2201,output/rudra-bhili-translate/generations/mar2bhb/ckp_18400/mar2bhb_predictions.jsonl,431,धडगावमध्ये सेंद्रिय शेती करताना पेंडी किंवा भेंडी पिकावर दशपर्णी अर्काचा वापर कीड नियंत्रणासाठी करा.,धडगावाम सेंद्रिय खेती केएतेताहा पेंडी किंवा भेंडी पिकाव दशपर्णी अर्का वापर कीड नियंत्रणाखातोर केएजा.,धडगावाम सेंद्रिय खेती केएतेताहा पेंडी किंवा पेंडे पिकाव दशपर्णी अर्का वापर किड नियंत्रणाखातोर केएजा.
संकरित वाण,हायबीड जाती,4,4,0,0,67.975,16.9936,output/rudra-bhili-translate/generations/mar2bhb/ckp_18400_beam/mar2bhb_predictions.jsonl,539,एरंडीचे सुधारित व संकरित वाण :,ओडदा सुधारित व संकरित वाण :,ओडदा सुधारित व हायबीड जाती :
