dp_id	english	marathi	devhali_bhili	src_datapoint_id
3727275d0d7c401fa1ae7e9a3807f2f4	pest management	कीड व्यवस्थापन	किड व्यवस्थापन	21e70ec9fe58456baf053feed87351ad
1dfe5f882d6944acafe6072b967114ce	pest	कीड	किड	eecf5ac898be46d9acb8a74f324de26f
ea95acfb17824bf9b12ea603b1b67115	pest forecasting	कीड अंदाज	किडहा अंदाज	8c12a90dbc594ecdbb91acf43ad6d89a
879bc6bad5b14b1caa2b8a6429fde791	panicle	ओम्बी किंवा कणीस	पॅनिकल	871470f43a44495ba7e1b8ef2fad37f4
eb5a55e720bd447e93e8fa8d046e5739	peepal	पिंपळ	पिपलो	14a1fe4768ff4f56bd472044dcf0140f
f417b35579ff4b56a9c2965b39cbc2ca	pathogen	रोगजनक	रोगकारक	eaeecdbe257a4557834efdea37b6b9e5
820bba71993e4a29a15027f5a5a9f77d	paddy transplanter	भात रोपांतरण यंत्र	हाल लागवड यंत्र	c10e14dc53f8484887cec859ca415092
cf68a860cd8d4b23a15c54f122ef9268	percolation tank	पाझर तलाव	पांय मुरनू टाकी	4d83d40b3f8d4e19a94261ed75908cd2
f1e8c38977a24be4a4b87c6a3c62d409	pest pheromone trap	कामगंध सापळा	किड किटक नाश केनारो सापळा	e1f28ca4a9344a56b257929c32bf6b99
bfded66f6668405382cb76b9f66feaea	periwinkle	सदाफुली	पेरीविंकल	0c0ae7abb3f1475caaa22b90cc1de741
5d5e5b1181f644ee9bfdea84456f665b	palas	पळस	पालोहो /खाकरो	822e84306c8f400ca709e8498e077cb6
f9277e228d544ca0a7fedb55df480f7c	panicle emergence	कणसाचे बाहेर येणे	फुले	f5193229945d425095b9d37cdf4b5565
1c14a6cee15e4fd6b4e44e7d2476dd46	pest control	कीड नियंत्रण	किड नियंत्रण	7bd472f099e04b76951c3263896cd60d
925b0491ef204912a1baecc66b126e76	perennial crop	बहुवर्षीय पीक	बारमाही पीक	37565cdc6366426c8620a89c85fe93dd
25d294b1b28e406182fb58b701d2e7d1	pasture	कुरण क्षेत्र	चारो	69785e52afbd407aab473e484991c22b
dcd90e2d3f2a47e4886a188bfd577698	pear	नाशपाती	नाशपाती	3e642fb131214ac5971c53441e0a18e3
b8ba3c9df54d4061ac7cdef4bff4d335	pest monitoring	कीड निरीक्षण	किडहा निरीक्षण	126e37f37a69478a9498ea79be1e6f52
3ec2f3c44f52422ba28f1f250076865d	pest incidence	कीड प्रादुर्भाव	किडींही प्रादुर्भाव	cfc7f13957774f8683c9b0eec83a78a2
e930cb9209334c989c4e827abe614b26	pest and disease forecasting	कीड आणि रोग पूर्वानुमान	किड आन रोग अंदाज	6affc5ea624047f9bf07697cd55a809f
434ba918293a4551b221cdb11549f8e9	pea	वाटणा	ओटाना	4ee38e519c3c42ed82b533530531a7e2
aff08ed19ebf4ee789289da02e76421f	pest damage assessment	कीटक नुकसान मूल्यांकन	किडी नुकसान मूल्यांकन	231dcc2de9aa4c3b9f6bddd74b51c3b8
c78bef45e52a4e53b0e04ee5f14e3c34	parboiling	अर्धशिजवणे (धान्य)	पांयाम उकडनूं	0de87d4b48e24a4eb73e2930c22b3b0f
ee08bb0b13af4db3a02733547cce1621	papaya	पपई	पोपुयो	bb69352b3a904c958e442812c457d1d8
cf3c4b3aad3b41888a0d7fba1fa54403	panicle formation	पॅनीकल तयार होणे	लवंग्या	44ba416e834f410ab1b403916855e9ee
12219fee6e7c4f6a95b5552a0a899677	perishables	नाशवंत वस्तू	खराब वेनारो	0739d5f8660a49488946a36d9b855818
38bb4ed875aa4b65b3c3609f42683499	pest and disease management	कीड आणि रोग व्यवस्थापन	किड आन रोग व्यवस्थापन	2072e455aab74f7fbdf300f9a3c339d0
ce36257a9be641209f88f60bb3c1d65a	paddy nursery	भात रोपवाटिका	भात रोपवाटिका	0f18bd54db174bb09d3ee702b2f2d860
eadfef686f424fd6821bacec1d899866	pak choi	पांढरी कोबी	पाक चोई	ba854ca6e80945649ac792841fb0778f
f2a0c594a1cf4a76aedd6ecc89eba5a1	percolation	पाझरण	पांय मुरनूं	7461cb43dda14a4e96c20ad05d913d97
b1e7f763ae3549dfa8e33811955989f6	papaya ring spot	पपईवरील वलयाकार ठिपका रोग	पोपुयावेने गोल ठिपके	9ac64de5a6e2435d9978ca6434737b26
6d31e14b9d6f482f9a315f41e0710fa8	perennial weed	बहुवर्षायू तण	बारमाही खोड	3c1219c5b68a4ef5b0f2ea8e121c203d
80682b4b788b4139807551ffebecd122	pest life cycle	कीटक जीवनचक्र	किडींही जीवनक्रम	e2f3d0cd566d4745a83035606dd337fe
8877b2c632194a29b68f0c00a2bafd2f	perennial crops	बारमाही पिके	बारमाही पिके	9b38b0d7e4af47b1878675203c47dfd0
e45762b2744e40a4a1bd243bd3855011	neem seed kernel extract	कडुलिंबाच्या बियांचा अर्क	निंबोळी बियाणे अर्क	f82fa935c7a84cf7a10da529fb024ebb
7537d6d9839a4bd3b7d88b6576029288	nipping	शेंडा खुडणे	टिपणी	18926abba12b4d8688c280438d08d418
20764639662b41c2a5d329dcac53d3c8	net return	निव्वळ उत्पन्न	निव्वळ उत्पन्न	40615877574c4a35bb419a279af6b449
28d70c8bc33241e6b8f84057d8ffb276	no-till practices	बिगर मशागत पध्दती	बिना खेडा खेती	1e71b8101d1f4608b46465bb820fc8a2
a1c3243e96c4452d9dbd38a54cd3c09a	nirgudi	निरगुडी	निरगुडी	a48df5c19a95468d9407da0fc07c1b17
eee17440bef84dbcbf98650a756c8f83	nursery	रोपवाटिका	रोपवाटिका	08087967c4c54d0085ae70ed1810431c
a1cc1a3c805040cca498383d68c8fee7	nitrogen application	नत्र वापर	नत्र देवनु	278d8d5b15a84aad8d20d02766c1d969
166119607cd04c81bb333c0ba8cca120	neem	कडूलिंब	निंबवो	28748870d84841da99280c494564fad7
b5b0671bd3324684aff86d800b7844a9	necrosis	पेशींचा मृत्यू	पेशी मर	a82c974a858346a79d9070dd6a00aa52
487b7a326d8f46869bf34534233816da	phytoplasma	फायटोप्लाझ्मा (सूक्ष्मजीव)	फायटोप्लाज्मा	54f0b96efc1644f99ce7aacace04767b
cd572a9530d642b4bf02684699771b1e	phosphorus	स्फुरद	स्फुरद	e73aa877581a40fcad5a846db49db62e
33bcb18eb9e64f1994cceb4433eeaa05	neem extract	निंबोळी अर्क	निंबोळी अर्क	5544135ccd834941b73db68199c7e544
d9f42003ae914f05841b0873404e8994	pesticide application	कीटकनाशकांचा वापर	किटकनाशक वापर	27903f1cdbd6439dabf97216bdd7ee3d
156a69e6b15a4085a19978c4b5a12b58	phosphate solubilizing bacteria	स्फुरद विरघळवणारे जीवाणू	स्फुरद विद्राव्य केनारा जिवाणू	89137caa3d00484e95e7a1ca1fbb5354
ca5dd981ae444df6982183839c7ee6cb	pesticide sprayers	कीटकनाशक फवारणी यंत्र	किटकनाशक फवारणी यंत्र	9e1b4395ca864307be494da02d79b0f0
7aefb6a6be3e4494895ea09bc9b398b9	phosphorus fertilizers	फॉस्फोरसयुक्त खते	स्फुरदयुक्त खते	effe77a423034c30aef4b0a85211e40f
5535346143954fd7a0242c9fa35acc36	milling machine	दळण यंत्र	मिलिंग मशीन	f43194a74bed437d8e5168fa7023134f
816fea0f8025469982b0efc266a12c62	pheromone traps	फेरोमोन सापळे	गंध सापळा	f0cd172fcd26447ea97303fe7ce6a40f
4e7fee4f56dc462e94d39e490e1f0d3e	phosphorus uptake	फॉस्फरस शोषण	स्फुरद ग्रहण	a8c28952b0e54049b693120e28c5b96b
b1589d6f1a9b445aabf1f2958062d7c3	phosphate solubilizer	स्फुरद विरघळवणारा	फॉस्फेट विद्राव्य	9c8eeabfeffd42fc9fd412b38d15923e
105a90d516cd4ea0b1a1ce7bd0e3f7ea	mixed cropping	मिश्र पीक पद्धती	मिश्र पीक	ee5afbfd8c7144ec951c232a71ede032
56a905fb35c247d6bed922d390f080b7	mixed cropping	मिश्र पीक	मिश्र पीक	f0876a9a96654f0ba30968a5da7a7e88
0190b0ec3dbe46d8a467f8ee10182ca9	milk stage	दूध अवस्था	दुदा अवस्था	f7d913e1c4ca48da8cbbb77cf15e8090
c0175a6e140a4336b1b9a33d4ce16d72	milking machine	दुध काढणी यंत्र	दूद काडुलो मशीन	c79304c5448b4e8cbedef6d4e78069f2
04b0f57d242c49af81ce0bb4240b3507	mixed farming	मिश्र शेती	मिश्र खेती	22227f86f11448b0bef6c79e67855d59
30553162842e4d24965550bb0854168b	pest scouting	कीड सर्वेक्षण	किडहा शोध	0088e09bd5a0454d970d361fb74f9137
39cad4c672f64a209e71ac5dc2c3df4e	pest trap	कीटक सापळा	किडहां सापळा	5ec221e03df74ca38c0e6155631d9634
fa119dea3b9b4397affdb0c149fd5db0	photoperiod	प्रकाश कालावधी	प्रकाशकाल	b321d9add51d4667b56eed818c209760
17d9c551c61848fa965d1af8100a66f9	phosphorus fertilizer	फॉस्फरस खत	स्फुरद खत	3bf26943b5b142199fe786ab0b0a4fb0
e16cce7e3b16439f8359880015fdf290	nitrogen fertilizer	नायट्रोजन खत	नत्र खत	c07805277a6e4dcdbe83e81124530804
7004ad8eeb90445c8b1baf8fdb8f65d7	neem cake	कडुलिंबाचा पेंढ	निंबोळी केक	73f3ad6c8126471b9ee0c4156ec7c83c
4ae2b82500914913b942724557219760	phosphorus solubilizing bacteria	स्फुरद विरघळविणारे जिवाणू	स्फुरद विद्राव्य केनारा जिवाणू	4bb67b8dc0764cebb02f7255ac050dce
d66a85ca71bb4a508bc0c1870ed992bb	milling	दळणे	मिलिंग	3b83865440e341679eaa9678a712c84f
305acd8a2c4c4048873709219ddec1ae	phosphorus leaching	स्फुरद वाहून जाणे	स्फुरद निस्सरणी	489dc0aaaabb4ddc8ac08207cf4f5183
8ccdf7a00945463a8cdde5e010fd33d5	nursery raising	रोपवाटिका तयार करणे	रोपवाटीका तयार केनू	1b984f0801084c12bd1006992e7c5076
2904a21691ac49edb5ae5fe5389b6f87	noni	नोनी	आलाडों	9754c2ad985f48b5a028b14b29d864a1
94514f1300f14ec1a3947168f9c80eb7	nutmeg	जायफळ	जायफळ	a0b5b055011242dda16c23b2189c2c27
d813b2c18e804a039d99b503edf14c51	non-perishables	टिकाऊ वस्तू	नॉन पेरिशेबल्स	923c2ca858b246a381f8e6ca7baa1614
780ae9ec2ec64f63a9e467c0a2943d86	natural farming	नैसर्गिक शेती	नैसर्गिक खेती	5a7ecb18f9a144ea949b65fbd50e2562
c51b7d9b7e444b9e84a675c40b2c1c7c	no-till seeder	बिन नांगरणीचे बी पेरणी यंत्र	बिना खेडूलो ओय	1e147478308e47d39d72ee68e1f9b4d4
9a731d7b7a3c4fcc87a09128936d7e27	nodulating bacteria	मातीतील जीवाणूंचा एक गट ज्यामुळे मुळांमध्ये गाठी तयार होतात	गाठी बनवणारा जिवाणू	245d28c1cd7f4cc38e4d081bd9c25f90
6066361f1b844681bee583468a05812a	nutrient leaching	पोषणतत्व वाहून जाणे	खूब पोषक तत्त्वे	3869b60e23614d3f89c616a443fab4c7
137a8a5ae4a84698bc584953194e8ed4	nigella	काळे जिरे	नायजेला	9db59fd087d74ef18a7b7a7d54c99862
855f7ba65cf542808113d541f015ea36	neem oil	कडुलिंबाचे तेल	निंबोळी तेल	0c94e9e3afa34a518d5fe668911f2b96
0199aa336c1d446e9ae0af2b432fd1de	nitrogen	नत्र	नत्र	f00ac353edd242f2a0a54db61b21588e
1240923ccaef4d04b4a9e69f99a0c0f1	plant breeding	वनस्पती प्रजनन	वनस्पती पैदास	6a1612a2c9544fc8bdf2a86cd0d31454
0d961506a0ef4e3288c2e1026b5f4804	monsoon	पावसाळा	वोहरात	72659e0e25f940649f420330e12049de
64067e2151b145cdb6431e732e9a6223	nabard	राष्ट्रीय कृषी आणि ग्रामीण विकास बँक	नाबार्ड	47b4dde869ce42a689906754150a826f
97a5ef479f8b4d6abc35b81ab7bf14ec	monoculture	एकपीक पद्धती	एकूच पीक	cddb7ba7eba74466b1f571ab8771fde1
2a2fe365c51441ee9c1e09df62d6a84c	pig farming	वराह पालन	डुकरा पालन	7fd6cc5851db44ed96d1e5db903c532a
62a859069cab49d9be5743939c49ba19	pineapple	अननस	अननस	cd8dd316601c466682012a45eace20ea
54afbc7bb4d54a3f9e01b7877d0e3df2	mono cropping	एकल पीक लागवड पद्धती	मोनो पिक	2b7459ff51914a65a08e18ce4a6004af
c4e8701f99224aada0e5a9238d8f0cac	muskmelon leaf spot	खरबुज पानावरील ठिपके	खरबूज पानावरनी टिपके	2d390478d3c1494f94aad71c1bdbec28
0b753d2afe9b4d3bb079c1e4fdd14bc2	mustard seed	मोहरी बियाणे	मोहरी बियारो	3c480ded0a5e4dd2a4cf90f6a331fc11
2aa7ec1383d444a59205c690d533c657	mungbean	मुग	मूग	6b7def695cb14555ad75f6683292f7a3
abf3196e8d1f420ab20f0971b90e2ef0	pigeon pea	तूर	तुव्या	7b06021a39be46d0b8d4f879a934438b
5b77924e020443e586b89bc65bba0fe7	muskmelon	खरबूज	खरबूज	d86f6deb1cef4bb393b3b24512f1fe4d
e4c8972fb9f2485a8c8f3fc83cd42d3f	msp policy	किमान आधारभूत किंमत धोरण	एम.एस.पी. धोरण	374deac8ee1e47d89dfba706d4745fab
ec34ce08e09b4c438014922870255408	moth bean	मटकी	मोठ	340b18b461e54a2c9220bba97057a7da
2b65667f796b43e282be76c07e6daa70	moringa	शेवगा	हेगवो	38c7df4154a247389b3fa0e571418c9c
7c0c19faedf643cab777eb0b4a51ed90	mulberry	तुती	तुती	7a254bb0e18b400993ed26dca79b80c8
9c0645bc7ebb4fa7b966abeae34317f2	mound layering	दाब कलम	टेकाडों	f0304771bca141958d0a64d89df86b3b
2d772dc4b4c945b29046bb1237204d0c	mosami	मोसंबी	मोसंम्बी	4d79698ffb714a91aaf87b1e369cd4a9
4936e95ca9d84dcfa06aecd9ee364c29	pink bollworm	गुलाबी बोंड अळी	गुलाबी बोंड अळी	4a2344a43f844c77bb382751d5bcaacb
bb0b7ebe7470435ba55703442231268c	monocropping	एकल पीक पद्धती	एक पीक लेवणू	8df1c59c496e4323a0ec83d6568aa61c
4c9e49cb81124a498046701d1752900a	mulberry plantation	तुती लागवड	तुती लागवड	b2368548af174071836ff8c4e0c05d5f
36926013f2de490ea6440d5efb3e3c48	mycotoxin	बुरशीजन्य विष	मायकोटॉक्सिन	c173767a42564656a7ddae30bdcbc3a3
d33fad0c499a4a78bd1f388e9c69275b	pit planting	खड्डे करून लागवड	खाडो लागवड	73a8fe6c06b2484b98543ee96e027e0d
313613c022b34952981f94d1d2b684cb	mop (muriate of potash)	एमओपी (म्युरिएट ऑफ पोटॅश)	म्युरेट ऑफ पोटॅश	09b455fb14554cd3be81bf27292af74f
7e39a904a02d4e9d8ac9c6fcbe773e5c	land ownership	जमीन मालकी	जमिनी मालकी	7f27e51352cf4dd999d48ebe9b666103
cd0ebc033ca44f5888f8dddc43978c6f	leaf curl	चुरडामुरउा	पाने वाकडी जाहे	fb48069abed2472889940e9435757426
e04795ced4904c3ba780cb2ac22bcbb8	leaf miner	पाने खान करणारी अळी	पानामेंने ओली /नाग अळी	1b7a28ceab35451c8f3af64253a722d4
4387ab16fac443fc82f4ea8c4c49c967	land fragmentation	जमिनीचे विभाजन	जमिनी विभाजन	1166bb0ef61f4381b153bf4997ace35d
74833bf2f1e34e8b8b31294360346ac4	leaf chlorosis	पाने पिवळी पडणे	पानांहां पिवलो पिवलो वेनूं	1f1336a2832f4412a9af34a83d221d9f
43bcb4d3167547758d98ae4b37de820a	land leveling	जमीन समतलीकरण	जमिनी सपाटीकरण	90020a154f4943da9aad34699b8ac19b
496ab93603cc44d28b61c2da7a4d145c	layer	अंडी देणारी कोंबडी	थर	d330f477597e4a52906134d4597dff2f
b9495f734df74960938b6299a91419ff	leaf eating caterpillar	पाने खाणारी अळी	पाने खाणारी ओली	3bb6fd863f8a4fbea69c8d58a8ab4919
9539134051cd48f08f803e62ad0489fc	leafhopper	तुडतुडा	पानापेने टिडो	a64f87a53f8f43f2b34dc98c73869702
1fbbdedd64d948398c504537f6387f18	leaf curl virus	चुरडा मुरडा	चुरडा मुरडा /बोकड्यो	c484742fe41f4a3bb605ce43cecfd169
386ca34619ad4e369729561e6c7851d1	leaf spot disease	पानांवरील ठिपक्यांचा रोग	पानावेने टिपके रोग	265c0a537d9c4ecbbe4b03fe776fe819
0c2b5d9b079c4e22a5fe7ba0395be132	leaf rolling	पान गुंडाळणे	पाने गुंडाळनु	09e9dae80383462d9049e4458dbb827d
e83cbfdb7b8e4a8cab6ab68a53831694	leaf curl	पाने मुरडणे	पाने वाकडी जाहे	321ed017ae8847c29ee7ca3703c188ef
26e4145a8c6a4488a817fa5a5e690323	leaf miners	नाग अळी	पानामेने किडे	c4ff8798305541d99e9b17e8f029ba23
0a78e845b91f49c99d5578fc875f0536	landless labourer	भूमिहीन मजूर	जमीन विहीन मजूर	0e4fb0dbc1ab469c89b49764b59f6cbd
fcd4aff3797a49d1a850045b41653fad	lemon grass	गवती चहा	लेमन ग्रास	14f7f88b0a6242fe80ad55546ba326f3
ba0ad1ad984e4731b6330b60cb75c23b	pack house	पॅक हाउस	पॅक हाऊस	b0fd6709c4bc4f80b9b574a6bcb8d2d4
51072143155d4b9aa9f3323509fb2448	leaf spot	पानावरील ठिपके	पानावेने टिपके	09c70d437c6e4081b09efe1cd9c75675
d0fd342d805a464a9c8fed89d1abe414	ladyfinger	भेंडी	पेंडे	0b1c07262b07464894e628b485ebdd34
a9d1440baf4c4dd18c5f0e7cff390e04	leaf sheath	पानाचा घेर	पानाहा आवरण	a9fb83b12ccc4636a834bbd0413ce905
f884f95166b84b78b8c2f8bd2a3770c5	land leasing	जमीन भाडेपट्टी	जमीन भाडेपट्टा	38fbc1aebebf4b86b838ccab974e50e7
d0a7daaefb67459aade961cf2bef1060	land grading	जमीन सपाटीकरण	जमिनी प्रतवारी	fda5427d7484452994a0ad43fb89c580
b611b02ede88476c8065863b32756605	layering	थर लावणे	थर	d491a852f6474ca580264d3464b18971
41261aa8902f4ff6b3c078ce3425b971	land levelling	जमीन समतल करणे	जमीन समपातळी केनू	0cdc200beda5433e8653275235c44f7a
bf39997290e14cb0b469da528c06fefb	leaf curl (chilli)	मिरचीचा पाने मुरडा रोग	पाने वाकडीत	295c7e7739424d288cb8195456fa3497
1c97734f34034d89a3004d69479d0b14	land holding	जमीन धारण	जमीन थोवनूं	52d508ceda804970aedd41d6bebb8f50
ef4d8d0f3e7e42408a13060795070631	leaf-eating beetles	पाने खाणारे भुंगेरे	पाने खाणारे भुंगेरे	05e5363a280646239d26ab5b9a3ed796
f19679a59c98419a84366658965afe0f	land record	जमीन अभिलेख	जमिनी नोंद	6436cf35bb77491ebf0f1aef6781f1cb
da24307bfbe24f3e96b2ef36dec0e5d9	land preparation cost	जमीन तयार करण्याचा खर्च	जमीन तयार केनू खर्च	cccc9f9b2f774780b352551aae1567cf
9d6f2617b40d44a9a15e5b11c1b8bb42	leaf hopper	पानांवरील तुडतुडे	पानाहावने तुडतुडे	d68bf8d88d874c83b2a015ca89c4d73a
16d3846b1c75450dbca5aee48133e9b1	land preparation	जमीन तयार करणे	जमीन तयार केनू	3c46912ffa8c45259d1aa6055cc1d3c9
27f768becb004c7d992c1b1b93c6b821	leaf hopper	लीफ हॉपर	पानाहावने तुडतुडे	f125740e749840c6ac53034f6ca178a2
bf632826c0794baf84418dbac79fc4de	leguminous crops	शेंगायुक्त पीक	हेंगीवर्गीय पिके	3cbe61a0da784afe9e90d7d7c5b48b9c
f0e5f20d597d48a8a8ae0b711b2532c0	leaf curl virus	पानांचा बोकडा रोग	चुरडा मुरडा /बोकड्यो	639fabbb03614b9b93ef3c1aa3bffc0d
e378dac6b49a4f129b5e95de5cd47225	leaf spot pathogen	लिफ स्पॉट रोगकारक	पानावेने टिपके रोगकारक	405818266467476cb646cee6b68617d4
30354819f28f44448a00bf65c220ac95	leaf folder	पान गुंडाळणारी अळी	पानांहां गुंडाळी	a905c8c1460c4739b54330da332cfea2
064587efab914edcb187a88ab1f65967	labour shortage	मजूर टंचाई	मोजऱ्याहा कमी	a79622cadf6441eeb67346a6a441b9ed
4dfc3c738a8c42749e9e738c5ccf5bf2	large cardamon	काळी इलाईची	मोडी वेलची	9eba90a7878e40e7bcc5c55e950ba9d5
6122f9c5d28d45bab4dabd46c33df06c	large farmer	मोठा शेतकरी	मोडा शेतकरी	a45ee8c2a27a4040a254c6079222580b
2f5b81c0b27649a6b6806ad6b33dbc4f	land use	जमिनीचा वापर	जमिनी वापर	5764738034544cbcbcf398b5304c1003
fa5d81286a6a4c0e916c77cb19f2724b	land reclamation	जमीन सुधारणा	जमीन सुधारणा	5c2c53a037c44e43a079c7ee85ecfd87
5dade62763b341199fb98fe9921714b1	leaf roller	पाने गुंडाळणारी अळी	पानाहांवेने गुंडाळनारी ओली	da3b50c694384c99b00671b4fe57e39c
91e4025913ee44e9a50f701304889737	leaf spot	पानांवरील ठिपके	पानावेने टिपके	bf0d9377cff0405ba0f66e5b579bced6
aaa6fb7bd18b493e815eeb6fa3419f5e	lakh	लाख	लाख	e64d130765bd4d5f8f730431971e591b
8287ea54e0d74bea9b3ac00f2818de80	leafy vegetable	पालेभाज्या	पाने भाजी	b71cb9da168d4bd19b640e1849d0f795
f1dabe3689fc4433a7855013d49f843a	land fragmentation	जमिनीचे तुकडे करणे	जमिनी विभाजन	8ab99dc164024e2eb3e1ee40c4777a75
eed9f5bb2a234712934fa0cb4e8a0a31	hybrid vigour	हायब्रीड जोम	हायब्रीड विगर	3dda0f4bd783443fb4d34e1f61ff2a91
0b4174bf3d6849c4a6a84be79a5e970e	indian banyan tree	वड	वोड	8067ca3da93e4367a3b1e83c20f6b6a6
29826d52907a4c979752db88c64c2e77	indian gooseberry	आवळा	आवला	28117b4849de41d598ea334ac9cba962
3ff5b72ba19f417cac98d2e5f81eb486	mildew	बुरशी	बुरशी	0b90abc30502466783cd8ddc03ad1656
ae63dcf7a4c74afda555b7c1e2943997	humidity	आर्द्रता	आर्द्रता	422b05079e074ad18c80ed45ffbbaaad
9d20f2abc9e449c2a87c091eec0d1127	husk	भुसा	सोत	e1c0ee7dc383465cb6bf134d89e6fb7b
6f42aa14a5c844ceb482edf078068ffc	indian basil	तुळस	भारताम तुळस	9aa319482ad14bb591d4af758399e7eb
dc7561787d2846ceb0bd6dae2078224c	hybrid variety	संकरित वाण	हायबीड जाती	f3a449ec6fac4769b510c2fc81c7a1d5
e0398c0e483046959a34fdb46a2fff4a	hybrid crops	संकरीत पिके	हायबीड पिक	724e15c879074a52aa07bdd5fd938c30
a4f401086bb8414abf45b1aca73076b0	hybrid seed	संकरित बियाणे	हायब्रीड बियारो	1000b1df64084d199ac01327e4c8c643
a36345ae7d894eeaa9fb21503d47fbd9	inter-row spacing	ओळीतील अंतर	ओल्यामेने अंतर	4738218c906e4f5487691ba6215de974
0f69d2cf43b64da88a7b29acf555110a	indian mustard	मोहरी	भारतीय राई	3daee928fed54c1896319f57f7a3b1b0
24c2a3b79fc44e6e91dbc35bf8002a12	intercropping	आंतरपीक	आंतरपीक	81d2a42979e14431907c22b2dfd9c861
1a2374872fcf4700a60e3874d21452af	indigo	नीळ	नील	f9fc0c678d6e4794b3dde11f1cdf9a98
64157568f011473c9f141da23a6c0fa1	indian spinach	पालक	भारतीय पालक	00f981895c444eb28ac0ea6fdb0e9373
544a730df5884151be6c73efdfdca28f	indian jujube	बोर	बोरू	c25495b82f2f45b4914fea806fcc4889
df15551909004b0c952b5637bb5e354e	insecticides	कीटकनाशके	किड़े मानू दावो	327679ba0f8a442581e1689f9f562bda
9199f149035647ec969795432223bc2c	insecticide application	कीटकनाशक फवारणी	किटकनाशक वापर	efa2fa99ec1e43fa956b3239227ce43e
c555833df2ea4d9490d9ae9819769dcb	insecticide	कीटकनाशक	किडे मानू दावो	ce28984be516408494b587f2b6f5bb68
8a73ce47b0704a099b62ee9dde8b2f94	infiltration	झिरपणे	घुसखोरी	540fa64c8b014f52a648d5a9daff176a
de9669375b44417e86208699996c07c5	indigenous variety	स्थानिक वाण	देशी जात	9db08adc6ae24f7bac4ca334de628093
b7a6a5c2d2934b24bfc3372133e022f2	intercultivation	आंतर मशागत	आंतरमशागत	26c777599c004fa2a9e491080342838b
0ec6ff8414d5454da3cc65bde631ead3	inflorescence abortion	फुलगळ	फुले पोडतेहे	da1d66fe790142999681369005ad3f1e
8cdc2e424cd048caa0d73c999362ccf6	inter-tillage operation	आंतर नांगरणी प्रक्रिया	आंतरमशागत	449f21de6740415ea55768a88a13aa39
8f34ba80b3f643c98a65457fd638c93b	indian gooseberry aphid	आवळा मावा	आवला मोदरी	751ae4775da84087a36f13ecf9dfd26d
30aebf37cddf4ff4940aa057f1d33896	insect	कीटक	किडे	a751465d17354c12812f4308969a94a0
8739d8e1b2634dae80515fee9bf4b675	kodo	कोद्रा	कोडो	2c0c3c6eafcd40c19b613d2742f8fd36
541d71ff7f8c4469ab69ad544c24eca2	kisan credit card	किसान क्रेडिट कार्ड	किसान क्रेडिट कार्ड	2652da64b88343ddb8578d163305752b
24f3eb5577444c388e1ca24277bd9870	jasmine	चमेली	चमेली	89109a4dbaf648c7ace8c4fe3c0657d3
e5e39f04be0c407f8ce1b3b82721dfc1	kharif crop	खरीप पीक	वोहराती पीक	2eeea830192640ea8553cd9d01e0d3b5
aac34df0ddd941ebbc4f09aba5a204c2	kharif cropping season	खरीप हंगाम	खरीप पीक हंगाम	7a9c1c01c2d94c26996ca54b1994dc34
cff0de2ec37242cf94484e26348a8993	jeevamrut	जीवामृत	जीवमृत	eb622e8ab4184cdb8c103d5942ebec79
b88d468ea1624b06877a5d723c341906	krishi vigyan kendra (kvk)	कृषी विज्ञान केंद्र (केव्हीके)	कृषि विज्ञान केंद्र	b1315522376e4364853c1a3512e80762
828b0db6107a478cbda2477480031d44	kernel	दाणे	गर	52dc8f10c6d04f83bc90351c272f3f29
9302c0b48df74097b355eef27bacedda	jute	ताग	होण	99254f64cde74b3e968e6bf01f38f029
a7862d42756e4124ac366843869f78da	ivy gourd	तोंडली	कोलो	c59cca61099242339f2f494bd1425c40
3c3588c0789641d8962772724d7e1f7a	kharif planning	खरीप नियोजन	खरीप नियोजन	50332f03ed014e4a804d36f02572053a
30721fcf59ae496b96606ca1b6c77fd5	knapsack sprayer	पाठीवरचा फवारा	पिशवी फवारणी यंत्र	2424b7447444413c83eabe98fea044eb
14cedff2d8834c86a94734e28179053d	jassid	तुडतुडे	जासीड	4b3e258551fa4ee38b65d78e9ea7dfd5
81f2226f968044a7851f059d3bb924c2	jassids	तुडतुड्या	जासिड	4348f88b2f9543a69d09f69a2eb456e6
9490b0db2ec14e259c13376af274c0fd	kodo millet	कोडो	कोदरा	0fe66cc59c2b4a1f9f00af8788e52a53
7085713c36c14478afeb823cbe02ccac	knapsack sprayer	पाठीवरील फवारणी यंत्र	पिशवी फवारणी यंत्र	75121e3b05f14b05b070a6463b1b27cc
df1dd3391b2e4c9fb2b0f63220116191	jowar	ज्वारी	जुवां	a5bb1449f8f64449963c11870cf4b262
7d5dd241afb74e9290af0df368bc54f0	jatropha	करंज	ओअंडो	7d401365584b46d69087d3be12d023d1
5c0c10cb796a4e4eab209ab63fef2ecf	irrigation water	सिंचन पाणी	सिंचन पांय	844b4fa37f4146e385d95768fddea93a
8b64d8146b644876883ecfaf06f01646	juvenile stage	किशोरावस्था	बाल अवस्था	36844c947c7d4828bbe1127b98c4a029
3bb4d9e326454974927dee546fa38318	iron	लोह	लोह	4578859ab6b649fb9f852dccc098cffa
323c86fe42c54f08a08262efc38cf13b	kitchen garden	परसबाग	वाडामने खेती	cb20848e2a2c4bb7938e6ec7137f168c
9ec4cfb29a644c4d91c4f31d77ea27e4	kharif crops	खरीप पिके	वोहराती पिके	3a36d3f278f44ec3aaca6612f8df7d1d
af7cb09bd2e54de7a3bad39166d5fa87	jackfruit	फणस	फणस	030fb4c0cebb49ce947d90183402eea4
0cb3f4a70c3f494e817f86b715b19e15	kisan credit card (kcc)	किसान क्रेडिट कार्ड (केसीसी)	किसान क्रेडिट कार्ड	8d5ad806f69d468a94f4a94ec140df98
70c1bb89c27c4e6982f304edc6ce9ac8	krishi vigyan kendra	कृषी विज्ञान केंद्र	कृषि विज्ञान केंद्र	f0f513ea5a3149eeb1cf93d2b0267692
fe919f1334e04649af1fb73f9181451d	grain mill	धान्य गिरणी	धान्य गिरणी	3be669ec9539467c8c185a06a99df9b3
afe3f0f335f1428182c345e80be0ff69	gliricidia	गिरिपुष्प	गिरीपुष्प / उंदिर मा-यों	53ee0ff4d038427ba7562d38f1bd2db8
ac4263fdb2724baab16733dd81c2e238	gilky	घोसाळे	गिल्की	cb7cdb0e86704d56a65dce61a84c3fff
e59273fdafb0410cb7905700ac9db5a8	grain milling	धान्य दळणे	धान्य मिल	d4a32aaee0fc44a98ad25a1f573e4fb5
351e4ca684524f6e9088483c190648bb	grain	धान्य	धान्य	8dc9460a04b44616803a37a0c129f234
29ca821450b24291a9da918dc31dea79	gerbera	जरबेरा	जरबेरा	f17333c763cc470b9fbedb0e83ab202d
d639ba2361e848518958e46338e7145d	grain filling	दाणे भरणे	धान्या पोयना	fb4d2bbd2b294b9081262cf62649b2ec
e772f19ff01e4dfe889ac5fc8c95c30f	godown	गोदाम	गोदाम	7eebd0a06eb440c187f80dfb25035c06
a3452723ad0d467392b1c433ebf8e4e8	grain drying	धान्य सुकवणे	धान्य हुकवूनु	1adc28b01716499c92e7e5ffdaf2b1ab
639a95f34552417b80580878c02ceb09	kvk (krishi vigyan kendra)	केव्हीके (कृषी विज्ञान केंद्र)	कृषि विज्ञान केंद्र	a5c7a0e14dfe4a6fa385d667caab7cb5
cf0f07d5faf5459da35e7440938303f3	giloy	गीलोय	गिलोय	112944ce2a81472bb16ff3c6413bd32a
946000d47ee44414a063842b039c8fe4	grain bags	धान्याच्या पोत्या	धान्या पोता	c551f46d417340b8997737738370b7e7
3b083ca3265b436bbbf8a92e98513f56	lablab bean	वाल	लाबलब बी	405753ec16c44783a3fbb6acfb837829
56d90d73c472488ab5e1dc63b8eb5e10	ginger	आले	आले	fe0b0e918e3e415292337962839e9113
f94ff3ae6a30407eaa3a17a325434e5e	grain borer	धान्य कुरतडणारा कीटक	धान्यामेने भुंगा	7527454556c34ff399cd9123ecb814a5
38169b1f98734e7c8caf57104a25843c	grasshopper	टोळ	टिडो	2a8d26e0fd004bd8a3bdcfff1b397936
6729b9499ca04588af71b47529d5e68a	green fodder	हिरवा चारा	निलो चारो	a4d389c0af814c439f5879151c0be826
c2e981d18f7c4356864fb399ff9a535f	granary	धान्य कोठार	धान्य कोठो	8ee7af46faa9496b88e1bc47ed11168c
8337e9ebd144400082ca24ba2bce6563	grapes	द्राक्ष	द्राक्षे	8f4f292d211f44c9ae6d784154edae4e
68cc3e4433f94080a65702e21259e346	grapes	द्राक्षे	द्राक्षे	77d6411414924cc7988bcd4ce0bcc718
b27c1dcd957e4ec08e437e4b3520bda3	groundnut	भुईमूग	हेंग्या	44f5dd18869c47ee82010c4f3d32f3a5
4c9a8963bd284a60802c2e6fe65f5019	groundnut	भुईमुग	हेंग्या	6ec099fe924c44238126bd3ab9e64a08
84730cc4a1b442188ad5affaa69d71b1	grassy weed	गवत तण	गवताळ खोड	8c28cc2c5771442f982647068d7cd30f
0779acb794e34ac6a46a64c16cab1536	little millet	सांवा	हाना बाजरो	8c037e70726b48599b2b8a76478f1cad
f53dfd5f89a646158498083706d2f64a	light soil	हलकी माती	ओलकी जमीन	fe83e2d86e794e9f8d2aa35dc03c62da
4215a45ab52f48929487652f0748a95d	little millet	सावा	हाना बाजरो	07802520861d400ba3c713164c11da47
ca79da79630847fa82854d4acab00e98	line sowing	ओळीने पेरणी	ओली पद्धत	8494d0a51d1444eb83d5b6d14ea6c911
1c432a6332be434c9a464e4a04938b11	litter	कचरा	कचरा	808cd6f8ccc641dc98734d0538da1fd6
f78a3ecb6e1d430c9f007361fa4b0c28	lentil	मसूर	डाळी	de1e8312764549eab26d753307a30079
ea4aa0f897f14683b44290841c8aa9f2	lime	चुना	चुना	f050553528a649e19c26fe123c884ecf
5150f06fcd6745c08c2b4bfe3ead44fc	light	प्रकाश	उजवाडं	c8109520696c40f7a9aa831d77b579c9
f6dd80e30e9640f78ca23491a8427423	livestock disease	पशुधन रोग	जनावराहा रोग	4e0701f691d8472891b6104682643556
e2355f9ee5ee4629990813c42a5ddefa	livestock	पशुधन	जनावरे	b046d7b21de2473fba52b556d224433d
809f3b96288c469eb64da91f6a76c2db	lotus	कमळ	कमल	9def69065b554117b161cf4eb24a2fd2
c15fae3716324e35b5bb21ed8107bab8	loan for farmers	शेतकऱ्यांसाठी कर्ज	शेतकऱ्यांहा केता कर्ज	fe657e98c6414c9bb3c31924712bb33d
2379c97750094b39be05e667c9c4ec9e	livestock feed	पशुधन खाद्य	जनावराहां चारो	e98fb5005290482fa36dc10276c780f0
53635ee75d48485b8fe5ae848e183383	crop forecasting	पीक अंदाज	पिकांहा अंदाज	6ea0217d9aa047f48c5dec523b9e4e38
ac7aa46ce10440e4aa524e8a2f9da302	crop failure	पीक नुकसान	पीक नुकसान	44603ba504704fe6a26508a4bf527b71
8a4fd4bf4f754c0c9982bb7cf6f2fa5a	crop cutting experiment	पीक कापणी प्रयोग	पीक कातरुलो प्रयोग	bd95c77f24544542aedcfa40af891b30
b06c3863d4444f888e747b501cab398a	crop harvesting	पीक काढणी	पीक काडनूं	3ebf8b632c3f4fa99c4ae09a7c097edb
c352f9931bbb45259d110a59be2d155f	crop flowering	पिक फुलोरा	पिक फुलो	01fb4e9212ce49a988d1e4a04654d8cb
278987cf0d364c999c67ef3c07df5556	crop damage	पीक हानी	पिकां नुकसान	6764f2d6afe245b7b3d8f4885c14b056
7757a2bd2bd24e9b9f90b84f52a14694	crop diseases	पीक रोग	पिकांहा रोग	24dbc71c2b464aae9a3b35501c81c79f
478a687cab5f4e5d85c91601857f33eb	farm pond	शेततळे	खेतामेने तालाव	f64ece9cd4c84765b296d62b4cf73bb7
934efa7a8d2a454a8e54a94eab4bcafb	harrow	वखर	ओल	074504f659404ef7be32c669282a627d
bf9a7503809a438ea848c3a49334795c	hand hoe	खुरपे	आथों	394bf3db3f7e42db96f0fb1b63d7d273
a2a9c571328f47e8a1c769e4cdfa978d	farm to fork	शेतापासून ताटापर्यंत	खेतामेने ताहा ताहा	86b7cb690953423e8c31036fd168422b
13fe16e057154956b207e5049136d5a3	harvest losses	कापणीदरम्यान नुकसान	कापणी नुकसान	bc826796f91440178f54e24f6c582827
2167a2475a934fc0afa68c1f717b6351	farmer helpline	शेतकरी मदत केंद्र	शेतकरी मदत केंद्र	462b45200f354e1586be96fed8a92627
234f5a5d97f242338bbcf244835e56dc	hailstorm damage	गारपिटीमुळे नुकसान	गारपीट नुकसान	066bc1aa7d794f94a97028fd946fb30c
657ce6407d5e4564810662f83a8da408	harvest forecasting	कापणीचा अंदाज	कापणी अंदाज	83402f7d721f4049ab3c2b960d31ec25
b547f22797804d8e85b3a2ddc1b31cfa	farming	शेती करणे	खेती	30eebe242e8d42b2a1d28149dcbdddfa
6c9c7e38623a4890a024a6f1e0d3d1f2	guggul	गुग्गुळ	गुग्गुल	4ce140560fd241f3b272189baf8225c5
d29d63f664a0455f8262c0ea4399fdc4	hand hoeing	हाताने कुदळणे	आथाकी कुलपो	cb0f47e3ae4d47f2870475ae7cd7fb78
251246c43c12484291119911f818af2e	farmer suicides	शेतकरी आत्महत्या	शेतकरी आत्महत्या	e7f3b9e7c51b48a99311d98b2b3456fb
6edc0cccea8843b8af7db57b2e588ecd	farm labor	शेतमजूर	खेती मजूर	ac52f208cae0408c9e2dc1ebb9b95230
92c91ef4d8ee4a6cb0867dc1d64f12c2	harvest timing	कापणीची वेळ	कापणी येळ	34ea1611ee03473ab99f9186ee37b50a
bf4256f5ce2b472b9e8198d253dce393	harvesting loss	कापणी नुकसान	कापणी नुकसान	35287dc08dd74296bdcaf138090fe550
28824e4415324838bf284fe268ae46f6	farmer field school	शेतकरी शेती शाळा	शेतकरी क्षेत्र शाळा	b9fe82f170fd479ea11948a90a2c1bc3
d5d79ca83ec949ee88ccad39c08efba9	farmer	शेतकरी	खेडूत	7117724347cc4fce9dd3bef19c32a93f
bf6e9898703b4abab1cfc0f760a1765c	guava	पेरू	जांबुरखे	61f364aa9a87459a9b7d19f0f8f0411a
5d744dccd2654eee91fd47fa7879d0e7	hairy caterpillar	केसाळ अळी	लोमश ओली	af847b9b7d5842e4b3f36e884bd45bf4
0aee5fae44c54e6ea40ae3130867d23c	farmer producer company (fpc)	शेतकरी उत्पादक कंपनी (एफपीसी)	खेडूत उत्पादक फॅक्टरी	3ab21090c46e422daaa2d772b08e7e63
a267c1b72a9c4baeba6c7f93fcbe10c9	harvest window	कापणीची योग्य वेळ	कापणी वेल	72477e5c3c7e4b37914bbab1a0c13d77
39340bb35f8e444e890666af568eb77c	hand weeding	निंदन	आथाकी नेदनूं	718bd2c39a674560a130e44a4446296b
6b028a8b2811469e89a4d6cbd87a0f32	farm yard manure (fym)	शेणखत	साण्यखत	cc750b7056c14c47a730721519506599
fb0725df19a241a489cc8d872b2afb8a	hail damage	गारपीट नुकसान	गारपीट नुकसान	8f012092dd4f431193ed44baf8ee6112
152bec54eba04b56a17e1150ca59ec67	farmer producer company	शेतकरी उत्पादक कंपनी	खेडूताहा उत्पादन फॅक्टरी	3b2015dba6754744899a700ef85bc3b9
d9fee4efa9c74733aed960813ce9ab42	harrowing	वखरणी	खोडकाडनूं	e191610de52d445b95180c305ccd4a47
f5a9ee0e018840f38f330939fc8e8703	farm loan	शेती कर्ज	खेती कर्ज	0669b0cab5a94aa390eddc86ad7c4a1c
e764963124794762a290188912e8c71d	gypsum	जिप्सम	जिप्सम	c69a42efbe5f44c1bc0acc3153ab738a
9735cfbcc35e46da8a2fb5438ce93def	gulmohar	गुलमोहर	गुलमोहोर	7dcb10b7ac83495f913341fd43ef27b3
ab64c6e7397e4482a0f18b58fec3206a	farmer cooperative	शेतकरी सहकारी संस्था	खेडूत सहकारी	b6c19bf5f1c64d19b232f5f573d03eb6
cebed3c4134e4ea3b45cbf763f18162c	farm soil health	शेत मृदा आरोग्य	खेती जमिनी आरोग्य	9e2d86d2f4fe4bd9b206fa81c7f69a12
232737afe49741c0832dbbdb3fbbf7c8	farm pond	शेत तलाव	खेतामेने तालाव	2ed0633217554db2b6bc567082dad3c5
fc5811f0319b4858b5c5689d919d6b1d	harsingar	पारिजातक	हरसिंगर	500b0a9df89a47dda618192b0c4069f7
11d2a1ef247b4a6f9a77231266f88073	harvest	कापणी	काढणी	8c2713eec273414ba09dc4257c56c86b
39b81b373bc94c0da2b07aab96b0f685	fertilizer application	खत वापर	खत वापर	765fcf9fbab542088356fa6b5ce4c183
0cfdaf6485d34dc29a4cf0d366dd882c	fertilizer application	खत देणे	खत वापर	7c3f30f9ba904355ba6984680f0e4dd5
90729e94c8f54c9c89b6f0ca6ec87a24	heena	मेंदी	मेहदी	d83a0442e0dc450db446b744ae197bb4
dae88c16c94f4f7a8c8f565b496a6341	fertilizer mixing tank	खत मिश्रण टाकी	खत मिलवूनू टाकी	e67dba05a4d443539b469b36cc6a2f46
3e25393ba8c748a4b60a65d2c4f88f84	fertilizer broadcast	खत फेकणे	खत टाकनू	69bf6af319fe484d8d13d161d4d2226e
32e3a9aa637c40ff8579c52e387f013c	herbicide	तणनाशक	खोड मारूलो दावो	b2a9dc4dc1644b059ab669db99130a60
346c94e2fccf43afa1c6ab128028050f	harvesting machine	कापणी यंत्र	कापणी यंत्र	3dc9f181db864dd79fa428f243b0b9d3
61b4f2eb68c44bc6b6b51a2e602feb5f	fertilizer application timing	खत वापरण्याची वेळ	खत देवनु येळ	f7c34a7cc8244f07bd59d9e2d96ea858
c5de548531354d0a80daa68546d8640c	head bugs and caterpillars	कणसावरील ढेकणे व अळया	डोक्यावने किडे आन ओली	8e7ed1a8054a4a38b1dedd6de7bea3b9
f27f5554642245aca99a19a85c0f615a	fenugreek	मेथी	मेथी	aa8c940443e44bbaab7ec66343f2130e
22b11fc0948c49129b06450790055e65	harvesting techniques	कापणी तंत्र	काडनू तंत्र	1e350bdba6db46b899ee0d82c0c88490
dd442595a87c4982845c2c8735f16ce7	fenugreek seed	मेथी बियाणे	मेथी बियारो	1a6afb726edf4ef59e8f0088f3791ace
35390f8bec6f4e55a818ed73a8fa787a	feed and fodder	खाद्य आणि चारा	खावनु आन चारो	a81c073fcc5144e4a601bc3eaf8c1d45
b05a2b5f665944a28e0eb9581ec3014b	fertilizer	खत	खत	7490799810dc4c0986d88b2eee74aa61
ed52ff42b4ce48deba880c4894fc8ad7	flower initiation	फूल येण्याची सुरुवात	फुलांहा सुरुवात	1b6edb1fe5844046849e68870b56ba43
966e6400d298450bacc733f10c3b7bff	field mapping	शेत नकाशा	खेताहा नकाशो	4906ab11fa004eb89730a15dbe3a7366
4390d412d23b4650929faf731880a0a5	field pea	वाटाणा	खेतामेने वाटाणा	7e807789c0d948859a57158826983d7a
ceb7dc2b1f0c450b81e044dd60b50c52	field crop	शेत पीक	खेती पिक	8e74aaba16a04235aa1c11b155b91c92
4bb22cbd9606491290b02bc4456c5eb2	fertilizer types	खत प्रकार	खता प्रकार	6ebe1039f80b41a2a81bc143d377c1ec
76dc4b9cf64e44e787bf78675e96c092	field	शेत	खेतो	da36a3171494420e9c88c4e475165da0
9bcf3d17cfd749ad9529486efbd14116	flour mill	पिठाची गिरणी	नोटा मिल	9b5b9e4f5e5945ec98596859d0fb126c
d3abd791dba844998767fe1ab4ad4ee4	fodder crop	चारा पीक	चारा पिक	26ce6c6dedbf4b7ea933350f779ec02d
d6b5ce1a94404844bc59058ff8868e93	floriculture	फुलशेती	फुलांहा खेती	916ce9ec74874e9ba21e2eadbedde484
ccf77111abe743b5877cefe7e607e984	flat bed method	सपाट गादी वाफा पद्धत	सपाट वाफा पद्धत	cf0d5001ec16496cbc0b3991ea55f076
1f9758ad3afc4282a738f90eae210839	flood irrigation	पटपाणी	पाटाम पाई देवनू	5169b70523f145cd88ac4ebddccfc1d1
053700e1fa4347fa8c760186481a4c9f	fodder	चारा	चारों	577b6726436d4ecdbcd3f10a3ec44a56
dbb7830841794fb093078835bec479d6	fig	अंजीर	अंजीर	af0953e98f08486babbbed1d98c6630f
1549c1165aa0453e8b0c6f0dabb4666e	finger millet	नाचणी	नागली	9a28c98e6b674e3e886461f716019050
6e5945f622f74500881f1987fb88fd7d	fodder chopper	चारा कुट्टी यंत्र	चारा कातरुलो मशीन	ac049604bc7345478edb9df55bab03b0
4dc47a9b58684d82bc540da702466931	floret	पुष्पक	फुल	579ad5249392443595ea49d7fefd685d
3e12a605837a458382214e3824e0b576	flood	पूर	खाड़ी	268b49af259a4bda8b24252323eb5ec1
0dea68040fd84643874915e866e2a217	fungicides	बुरशीनाशके	बुरशीनाशक	37df77885ecf4e16b967835c48bb2b8e
1b242baf4ad14f42a97c678b992acbbc	garlic aphid	लसूण मावा कीटक	लसणी मावा	edb61e7530e046c7b79856a3efa54fbc
496fb4c9901e48b9a18f6af198762355	forage crops	चारा पिके	चारा पिक	f780eaee3f5244b5952d313c5ab65090
312dfd9f1dc14134a38424154ba3047b	fungicide	बुरशीनाशक	बुरशीनाशक	90f7551d83ae4d72a3700da96dba4a5f
6c272e226811469695e406320dc32408	forage crops	चारापिक	चारा पिक	5b5649df164a466fb40bfd3e95ba8498
162371b3e011494da989daf2148f4054	fruit borer	फळ पोखरणारी अळी	फळ पोखरूनारी ओली	0790c38beffa47549dae84b5dc863c58
b94baac13d88423a907c59d8fbab8f66	furrow irrigation	सरी सिंचन	वरंबा सिंचन	74a0e5f988fe462396633faaa5f629ea
de32c79f8fed4b47a69d5178c037649b	desilting of canals	कालव्याचा गाळ काढणे	कालवा गाळ काढनूं	1fea7ab4ba8d48949e7c4b33570c2589
c6683ccc8e204bb19cd15419224e5e9d	dap (diammonium phosphate)	डीएपी (डायमोनियम फॉस्फेट)	डाय अमोनियम फॉस्फेट	ed3f8d1b7a32402f928ad256e85cb058
0b54c8b7851349b4a6851f8fd40d76e8	defoliation	पाने गळून पडणे	पाने गळ	c5f185ec9daf43c684d32c493f964783
9577635f30a448dca0778d2bb4f4d842	desi cow urine	देशी गायीचे मूत्र	देसी गावडी मुत	42a1bc893651478a99799d079875668b
56a3d14da4cd483fbb58c3ee04de911d	direct seeded rice	भाताची थेट पेरणी	हारो धान	2c73c9712183481abf0550af9d62bef6
b2f7fa1c9fdf4178a24433a016bc0be1	dew point	दवबिंदू	तुषारबिंदू	9c760d246d1f4352a7dddcdb2dd288d4
7821a8669f0a4a7c9171a86f889a208d	dibbling	टोकण पद्धत	डिब्लिंग	10b1fab54b26404d86c199c798cb9ec4
1708f2673a3d4640ab802ac3a3b21e08	disease incidence	रोग प्रादुर्भाव	रोग प्रादुर्भाव	59f3a9d77bab44cb8b7c8fc111f0d454
22f83e8fd5f7403b810389b36dd3fee5	dhaincha	ढैंचा	टांन्ड्रोहों	4064c50ba513474d9fddc905d85d5039
ceb6eb0ee8e34dd39185ad38820ffc95	desapping	रस शोषण करणे	रस काडनूं	8d725096d8ce41ae9dd3dafb64ee77b6
51a54db5546648aba16c68a2e71cb390	double cropping	दुबार पीक पद्धती	बेनदा पीक लेवणू	56c0c7ed6fee4ec296804ed38de2e1cf
f62392aff9a94d7e803eb00736a40111	disease	रोग	रोग	a20d3cc02d4e46a880f7d748bb03c727
73f882569ddd43d5b3fd41a56f1c0eb6	disease management	रोग व्यवस्थापन	रोग व्यवस्थापन	265b110d3d7448d8ac98ce55e824534e
ff061b1f522540f685f1b82f57ada4a0	de-weeding	तण काढणे	खोड काढणी	6aba8f13cd76401bae7b965e3988e7a0
9ab1ae0e57304d94a90a9c16c92d1238	disease surveillance	रोग सर्वेक्षण	रोगु निरीक्षण	205e01d760cd481e8b38c5e691010f21
616a18dd52b24b1b83e4ed1b02748fae	double cropping system	दुहेरी पीक पद्धत	बेन पिकी पद्धत	0d8e93e376f14528b08acf4264ae93f6
73323c44395f4c549bee6b7f747c35fc	deep ploughing	खोल नांगरणी	खोल नांगरणी	35c06c3661804bb09f32740b4250d587
cabbba0e33c64df288a0a8ff639d83e9	downey mildew of sugarcane disease	केवडा रोग	हेडी रोग डाउनी मिल्डी	32853fa76d0d4741be3bf5a59a7189d6
b4090c290a074e49ba1e4359c6670cf9	domestication	पाळीव बनवणे	पाळनु	85e816a6d37a45e691449ef9f14c0a67
9be0323c1f894ad1a62b258187051649	downy mildew	डाऊनी मिल्ड्यू	डाउनी मिल्ड्यू	0e70021a289149d487f5f5e37d787226
91891d0ecf07450083ea50ceec9c170b	desapping	रस काढणे	रस काडनूं	862e9795c763482eb803feb59b80d316
331d50259cb74d4ab6b167e15d0baeca	date palm	खजूर	खोजर्यो	37f1c1eb8ea449869ff803226387c625
ab28d4339aab4f1dac19becf3c28ac37	desilting	गाळ काढणे	गाळ काढनूं	30c12d0a84f64dfc83b600c20a8995d3
c3f3e1bdaf35482ba453d5ffa42ac9a2	downy mildew	केवडा	डाउनी मिल्ड्यू	c4ad947ac71f4eac9799661f90339209
d03d784cac934e5b899809c180daf1e6	earth bunding	मातीचा बांध	कादु बांधणी	a608294e7e8844f7a333278506103489
ae10bae3ce5648f19e6956f3e03070b7	earhead emergence	ओंबी बाहेर येणे	इअरहेड उदभव	0e6b9980c4114c17bc78f7f007681e7f
d53f1e84ddf6469c9b85339ae7717b08	dragon fruit	ड्रॅगन फ्रूट	ड्रॅगन फ्रूट	04a211bd2ad74340827609cb3b0fe75b
ae29447ed2984be8aacea0f0e6ccb65a	earthworm compost	गांडूळ खत	हेवाया खत	84006f2894eb42e2adb4134417057de2
e0d2aadb3b7b445ca4cd24af2fe04351	ear head maturity	शेंगांची परिपक्वता	लोंबी पिकनू	6e412fa6219a4f56adde43422d02f7a6
76cf38d17ad241719d71b3fdbc4f1e1a	dryland horticulture	कोरडवाहू फळबाग	कोरडवाहू बागकाम	2bd70d9d95734b86911a7d61b6abbb68
43bdf909fd854f07a794ec201ed18d43	earthing up	रोपाभोवतीची माती ढकलुन रोपाला आधार देणे	कादु उचे केनू	4f44794331f64848af773974e6173c58
fe634016afab4eeca2e0be6e6b8f758c	drought	दुष्काळ	काल	fb278d674d0e4c3abfccd4683d03563c
eac595a445aa461fbf27f7f938bb21ff	dryland agriculture	कोरडवाहू शेती	कोरडवाहू खेती	44659597cd594da4adfa024322f71989
9a3702cf6a46401687750815cf87bf28	early maturing variety	लवकर पक्व होणारे वाण	माहरी पाकणारी जात	71a4215cf34a4a3ebac2334dba40b300
9f36e249f1e8470fa5654b5afac16638	drip line clogging	ठिबक संच बंद होणे	ठिबक नली बंद	6d17978375894e169e87c5d5fe516e9d
e4abf0cd66f34a5895003c2103a8a053	drip irrigation	ठिबक सिंचन	ठिबक सिंचन	1a5191d6629c4bd39e99201996a8db13
68d52a39c1c642a3bcd22d1a25a4ee0c	dragon fruit	ड्रैगन फ्रूट	ड्रॅगन फ्रूट	5843f54b8651453d84f1f8de3be849ad
39cdc98f00c5406abb0e540699251fcb	drying	वाळवणे	हुकवूनूं	b22ff9bef52a4842b1fc8ac2e7c2da8f
bf5eb0638b45466cb10c93561a577e32	dusting powder	फवारणी पावडर	धुळ दावो	9c0f2ee58375445bbdbd0168418a101b
2ad2296c7fd04cdd996be2a0fb04787e	dry fodder	सुका चारा	हुकालो चारो	509a0e8d78e14eaaa71b46e03f7d0dbf
d2f96901d0ff4389a50472e3c0469ddd	earthworm farming	गांडूळ शेती	गांडूळ खेती	0af7f6222b0c45a2b795b7c57c777f10
81a401b6d6934c748a02d3e7dc7f01ca	esfand	हरमळ / जंगली रुई	एस्फांद	33bbf92a9ee74daeb9c7ce26481c3316
aefb61f36d774f05a4a360b5b7180ab6	embryo	भ्रूण	गर्भ	d7409364086f47e78b68174e6d6ba251
4a16c74537a9489eb1b6d8701118a574	cracking in soil	मातीतील भेगा	कादु फुटी जाहे	f4c0ed985d2542daa08ae9f83cde50c4
69aa164d514746c19ad3f2ff996de524	coriander seed	कोथिंबीर बियाणे	खोतबुरा बियारो	4153c87c2ca14bb3b8dd1276f4d19a5c
4d0b86c5da294c42bccd857432efd646	cotton bollworm	कपाशी बोंड अळी	कोपास्यावने बोंड ओलो	c95f3e73fcdb40e5a8c589936f16a9bd
97454f3864b545b79751c59042b48203	emergence percentage	उगवण शक्ती टक्केवारी	उगवणू टक्केवारी	5c8823269c114502addb1165af403d6f
846eeca3ee1b409bb88890ee0d468ecc	cow dung	शेण	सां	ef383f63abcb4b3993b7e513fba2c6ad
66f1674a934a402d8144733e1d8c30d4	crop breeding	पीक सुधारणा	पिकांहा पैदास	ee77d62be1814f74b5a36243525dc10b
bc5e09498ccc402093734d4e22f881c4	elephant foot yam	सुरण	आथी पाग	8df5b164de2a4b5c9fb5b02c998c54ad
35f2b290657341f78e914fa5b9792e1b	enam	ईनाम	ई-नाम	ed3b9003a3514390ba56b49c60d4718f
40b66e175f8f4bbdaf33972c54857615	enhanced soil fertility	मातीची सुपीकता वाढविणे	सुधारीत मृद सुपीकता	9f43b26c658b4fd8b40f4178afdf564c
7ddb45605dc54348b9a9d8ca97def0ac	corm	कंद	कोर्म	b02666692b964a91b26f6fd96556f0bb
b124643e5f3b4219b2e92fbd603cad95	entomopathogenic fungi	कीटकनाशी बुरशी	किडहा रोगुवाला बुरशी	caa40820bce74eb4894c0500b4ee350b
b17ab63a17574ff7b50446645f0cec09	entomopathogenic fungus	कीटकनाशक बुरशी	किडहा रोगु बुरशी	34b2e912d91749f4902c7eba9ffc72ae
542ccdf9f50b46f9a06d36de174a8031	crop	पीक	पीक	c68b990a4dc94f1fbf7fc42571e2f1e9
e64f2fe27cad47bf9383a13c664cda4d	elephant foot yam	सुरण / जिमीकंद	आथी पाग	8f8548a484604d78863bd0c48a087f13
7dd29880aff64e51a4c28987a88fdcbb	endive	पालेभाजीचा प्रकार	एन्डीव	95b8ffffcf484b528e673bcfe7759f2b
d7362f8744d041ebbfc724bd00555233	cracking soil	भेगा पडणारी जमीन	खोडालो कादु	4fe87130073f46159b3fea443eae47e1
9d249edd894d4d0bbc3555fbfc118b11	copper	तांबे	तांबे	cfb9adeeee194d54aa1e0a4cddf7a61f
007073c74f8b460d9014d21c59f69aa5	cost of cultivation	लागवडीचा खर्च	लागवड खर्च	b84372697bbb43979efc7fee56de8f57
1ed4a34a49dc428c878c4e39a7b05ac0	coriander	कोथिंबीर	खतबुरं	3db9dca1d5fe4c2e867c118f4c01b26f
936a360bc6f94e6dba96ac6ef98e8e3d	emergence	उगवण	उगवण	181bd2c642d74f30aa5a4ba9a9dd39a0
461c0a619b6045aea59dac6726454dc2	cotton	कापूस	कोपाश्यों	dd77a6d401ae4b21b4a33a2f70eef4b7
cc0c1db6ac6e4c2eb49e7c2bee1ea7f0	farm cart	शेती गाडी	खेतीगाडी	099cae76d0e4440b96dee09078e38289
f53963f925e24045a098cedb0c3af1c2	fallow land	पडीक जमीन	पडीक जागो	e7d7645ef9d244b2b6094a002c6bae08
31d680c055324abb92b89cd705b7c02e	eucalyptus	निलगिरी	निलगिरी	b9655fa4c4da48338c012c1368670aeb
a6cf554f8bc243e29d760299446de724	crop competition	पीक स्पर्धा	पिकांहां स्पर्धा	36b25ed60a9745c2ae20891df421ebad
6fdef3953c064f13af3f52b5a010750b	pest-resistant crops	कीड प्रतिकारकक्षम पीक	किड प्रतिरोधी पिके	098c2a7975134733b171c16638b1ddaf
950810bd3aae485caa665066caa49f1c	pest infestation control	कीड प्रादुर्भाव नियंत्रण	किडहा प्रादुर्भाव नियंत्रण	4c23c6ea7ff8496d89363e138b800288
31e5a5b5448a454083f53a3a4ed19e83	pest outbreak	कीड उद्रेक	किडींही प्रादुर्भाव	4074286cce374054b59aa4a273047f1d
390e77f064804d66ab264256e1783e6c	pest threshold level	कीटकांच्या थ्रेशोल्ड पातळी	किड नुकसान पातळी	375f441317bd44d9a01fc0c3730c65d3
43bccf912537446b98ed98d5e8afb693	pheromone lure	कामगंध सापळयाची गोळी	गंधयुक्त आमिष	afc481ba8b964cef9dd79b4e3f8a74a5
ca69fe1df8024502bda4d3276af0b87c	physiological maturity	शारीरिक परिपक्वता	शारीरिक परिपक्वता	81cca4386d514f9a8e5b0d5ada7e040e
106e910f66384ae2acb7c61e9e5a30b6	pest migration tracking	कीटक स्थलांतर निरीक्षण	किडींही स्थलांतर मापुलो	d65b693034ad477e90e0b35f228d75db
0e70c1c8f8ce4762ad33b03e1725e96e	pest control methods	कीड नियंत्रण पद्धती	किड नियंत्रण पद्धती	d7a56e149a764841b10d19bc906cccd3
ed3596d4a73e426486647a6fe67b94b3	mobile irrigation advisory	मोबाइल आधारित सिंचन माहितीपुस्तिका	मोबाईल सिंचन सल्ला	2876402118164f2295e7e9d3a62b74f2
df7d7da2a30d498aa10843f177ac1fa9	phenotype	दिसणारी वैशिष्ट्ये	फिनोटाइप	aefa4c1648f7477195460edef0199985
6220aa93853746538f35abce33d62719	minimum support price	किमान आधारभूत किंमत	कमीत कमी किमत	f13211f6301f4c7ba4bc0fc5181b59fc
e85d4d34c92f4fb5b8d2bdb342cce298	minimum tillage	किमान मशागत	कोमी खेडनू	1b6fa9831b0443dc8dad9d10c37d9650
697e45208a13418aa4ef5e5937f922eb	permanent wilting point	कायमची मरगळ बिंदू	कायम मरणांक	5d6b833fc6a54bbf93958c1a0a797e31
ec5d29de03ab4479b23997bc1df3df71	mobile advisory	मोबाईल सल्लागार	मोबाईल सल्ला	68d37d647483491f80056368f343911a
0cdbee797e214fa38ac81b551b6e66aa	minimum support price (msp)	किमान आधारभूत किंमत (एमएसपी)	कमीतकमी आधारभूत किंमत	fb0dc1a0d0774707bc82cbac6c0e29e5
648f63cbb5794717ab2120e5781a3ceb	crop stand	पीक वाढ	पिकांहा स्थिती	33baffae1fd44f7cbd37d352134f797d
33118cc9dd364458802d0b5198164df1	crop insurance	पीक विमा	पिक विमा	a0baa0d33359431b9df20754386d9df4
21ea121a204b4ce2a69c4bb8247d0751	crop management practices	पीक व्यवस्थापन पद्धती	पीक व्यवस्थापन पद्धती	f5ae47a9d9d54a1ab4d4760a4e744af6
79e2c23be4d1478884e73e0416e90030	crop productivity	पीक उत्पादकता	पिकांहा उत्पन्न	6d5f32c226d2464eb3d6762db47684c7
fc6fe9a646bb44e38183f5539922d075	crop residue	पीक अवशेष	पिकाहां अवशेष	7c2e9cb125534401b6120b85b7528f6a
e18f179f06ab4a96b8c80a370f31bea1	crop loan waiver	पीक कर्जमाफी	पिक कर्जा माफी	40b143d0e43c43fb8ebc8f616f226478
ccd127001d724d7da7a09a516310e3c6	crop sowing	पीक पेरणी	पिक पेरणी	9ae1a070cfbd453a83e6a11cb38f340c
fdd53ef216cb4cc2916b2f0f5d97b4a3	crop storage methods	पीक साठवण पद्धती	पिक साठवण पद्धती	5ee04e492a1345879680e2795c15a68b
f5377ce9503e4d2fb6e43be3902c5977	crop pest identification	पीक किटकांची ओळख	पिकाहां किडींही ओळखुलो	63f2258c7cb34b779dc04547106da72a
d5eee0a1ca3441c3847895ba9c249557	crop rotation scheduling	पीक फेरपालट वेळापत्रक	पिकांहा फेरपालट नियोजन	0a282f19d423468cb78c83aa96b2652a
83227c9e0fb044069ddfbed8b34cb46f	crop rotation system	पीक फेरपालट प्रणाली	पिक फेरपालट प्रणाली	bb76bed43fbb411da48a07d58bf7a823
c704902d56244be4bbb33055d13ea6cd	crop irrigation	पीक सिंचन	पिकांहां सिंचन	a9f53a99fe934e52ac6dc931fc9f337b
98712a55f115478d94645ab916f78b18	crop stress	पीक ताण	पिकांहां ताण	a4c7fc08366a4c91a07c9723ae7d5fe3
89bf8c88dcfa4e45b6e6b0d930ce299e	crop soil health	पीक मृद आरोग्य	पिकांहा जमिनी आरोग्य	b38ff8fc80674956a2b2af88970a8ae5
6f23d9a11ded439cb54f8d764666c19d	crop soil testing	पीक मृदा चाचणी	पिकांहा जमिनी तपासणी	d7f94a787a16482d885d63981c652f96
4e03b2d237ce49cda0da47461c26c599	crop selection	पीक निवड	पिकांहा निवड	ce7e5205c5c44c83bb46ef2f108715c7
3dcdb9c206334860b809bb76e18c1a78	crop protection	पीक संरक्षण	पिकांहां संरक्षण	a666ff1164054bbda9d2061ff23ac6a0
259ad432800343d49b20170925373b8e	crop storage	पीक साठवण	पिक साठवण	42244357b78d4fe6b3c85e771c6444e3
d81b732c94e647338f91be194b8af7c0	crop intensification	पीकाची उत्पादकता वाढविणे	पीक घनता	7788d242494341f08dd954d84d5d26a5
673eee6d073142309c4a539323e86ca4	crop insurance claim	पीक विमा दावा	पिक विमा दावा	be8d2d6202954db1bbc012fb0d02f4f1
ced1dcb15d92487c98fc82a3878b02f6	crop insurance programs	पीक विमा कार्यक्रम	पिक विमा कार्यक्रम	396478f418ee46b184b7114d3549705e
b367b4f23d964f95b9ffca9fc9fe7831	crop insurance scheme	पीक विमा योजना	पिक विमा योजना	20791388d6fe4660920ca538388d9c8a
67f446d123824a7ea83c8c1cae92866d	crop planning	पीक नियोजन	पिकां नियोजन	3183d1ca562e4bafb5ebae4612bd5ef6
997b279089204459b1768d7491624bf2	crop ripening	पीक पक्वता	पीक पाकनूं	ab9d7fe126d444de87a2080bd748ea01
e6feaa19d4ce4cb69048c40db034176b	crop pest control	पीक कीड नियंत्रण	पिकू किड नियंत्रण	0c1b5084905649f8992f1b5c33d03d8c
ced267fdd1b24de89f8314d6e8bb1cba	crop model	पीक नमुना	पिक मॉडेल	b89b1a1290594fe782b785c18a83b5d1
a9190e90d66b4020ad78a7f6ed2525c1	crop outlook	पिक अंदाज	पिकांहा अंदाज	8ad9f07d88ae4dfd8ccdc9180a49917d
6eb92bc571f74fc0b27175d64377d6dc	crop yield enhancement	पीक उत्पादन वाढवणे	पिकांहा उत्पन्न वादवूनूं	d08e864ecb2c4d3cb5018ecb5e721e5c
80322edca05c4be6b9426e101e033777	cropping pattern	पीक पद्धती	पीक पद्धत	27c765f641f14be29508d07d1ecbf925
f1754642a04e4ccebf311dc5f62083b1	cropping season	पीक हंगाम	पीक काडनू	03a5064ac6b54b3fbfec6707443829b6
a23a71bd69f14bc0b18144e95899e34e	cucumber	काकडी	चिबडा	a954cf89a1de43d4ba81b1206fb11d84
0c59896143b74c08bc43853404b16df6	cucumber downy mildew	काकडीवरील केवडा	काकडी वेने बुरशी	91cd41f6ff1f4079847ee4c9389997bf
39425b19f75c488a86883f01b20cf374	dairy	दुग्धव्यवसाय	दुध	00d7dfe5f70e44bda52afaa775e24770
8a88015dd7be420fa9459a9b03573241	cucumber mosaic virus	काकडी मोझॅक विषाणु रोग	चिबडावेने मोझॅक विषाणू	4b061612aa3946779678a6f784098633
03cfb6e1213040a1afcc98c74439508a	crop water requirement	पिकाच्या पाण्याची गरज	पिकांहा पांया गरज	5c89f711c6d548a1b9e9895453079cf9
5443a6cbbfc846eb89f1696e0e35fed3	curry leaf	कडीपत्ता	कडीपत्ता	e91e69b4f18e41b09750447311765ed9
c700c044793b4d089728b34d9dccab00	crop-specific fertilizers	पिक निहाय खत	पिकु खातूर हारो खत	c0f80fe742944a278d52edd29ca95e12
e52835a754924986b288e4aea9a03d5c	crop yield estimation	पीक उत्पादन अंदाज	पिकांहा उत्पन्न अंदाज	e944932b263c4330b8811d6defe1f62e
faab2e4f7cd84fb480c14e69b5f08540	cultivator	कल्टिव्हेटर (नांगरणीचे अवजार)	मशागत यंत्र	9ebb5f59a30848d9ade19702882a9003
7a72f0b884b040689ee0a2ee02d41a87	cultivar identification	वाणाची ओळख	जातीही ओळख	8077571e12484cb0bda1c0cfc71b65dd
af3e9db2e9c440028f6b287336a79b8c	crop water requirement	पिकाची पाण्याची गरज	पिकांहा पांया गरज	027d23e54910486baebb46a3eeec53e3
58c34ff9c5e649ffbc12aaa52cf856dd	cutworm	खोडकिडा	हुमणी	43e8789a66c94378b31dfa0a562d7b76
495fca4d47654a6fadde36dc92164945	crop varieties	पिकांच्या जाती	पिकांहा जाती	87abeaced22843698e37cfa41ddadf58
f72f260ee7594244846fb6f6536ffd47	cropping system	पीक प्रणाली	पीक पद्धत	acaea5afd8b748c48d2cab672cdf9b50
6f55daeaad1443afb39ad2e800d645e3	cultivar	वाण	जाती	76d7dcedb6224f499d4d5c15bf793312
43e1d48752a048df95e80be2dbd2040c	crop survey	पीक सर्वेक्षण	पिकांहा सर्वेक्षण	95553e918ea846af88f8a84799d74390
19210f3c13414671b3e82f02b006003e	crop yield	पीक उत्पादन	पिकांहा उत्पन्न	c537ccdffe854e939aa212ebb2056616
c63e4e3b9df44a3d99ec5606eed0738f	crossbred	संकरीत	संकरित	3d2d7475f57c49adb74e2323f33569c3
fb3ff9a360bf40aca7b1d0ec1adae95e	cutworm damage	कटवर्म अळींमुळे होणारे नुकसान	कापणी ओली नुकसान	13c05d2581d84c65b7cf6b4c2824b2c1
a037218b7d0649aa99f06bafb636eef6	cumin	जिरे	जिरा	77dde87872d747318a78419c43e1007e
005174b1753646569863bb12fbb6e5c6	cutworm	कटवर्म कीड	हुमणी	2c4422d2faf448be9142b04c1cf9af55
9e403bde6b8049a2a38d6cfa0865c2b8	crop variety	पिकांची जात	पिकांहा जाती	76010ddaf3744db7be4bcdfb7f5e11eb
9b74486ccba04c9ebea285914c4555f1	custard apple	सीताफळ	सिताफल	c7646f699e2f4307bed03130245eb5e6
e0b5731b65d5475fb209f15b2703f55c	custard apple mealybug	सिताफळावरील पिठया ढेकुण	सिताफुली भुंगा	0994ec803b4c41afbd74389cb26ab4ec
3200b584642647aa962570d692221f98	crop-based agro-industries	पीक आधारित कृषी उद्योग	पीक आधारित कृषि उद्योग	875b97eacb344989803af24f41b1caac
d098c10409ee44b6bcc65783ef678583	pesticide residue analysis	कीटकनाशक अवशेष विश्लेषण	किटकनाशक अवशेष विश्लेषण	eddc9f3f87c4464c95101146de19dc96
d1068cf41ddc40ab8ce6f081c317a484	pest exclusion net	कीटक प्रतिबंधक जाळी	किडें बंद केनू जाली	bfc5f746e8ca40fa8ed65be903cab73e
897b3e67264f4f16819ff66d4f6452ef	photoperiodic plant	प्रकाशावर अवलंबून असणारी वनस्पती	प्रकाश-अवधि वनस्पती	fe965342b8944045b7e83a6b302044bd
37e099194187456e8e1e54c9f283a1da	pest population monitoring	कीटक लोकसंख्या निरीक्षण	किडीही संख्या निरीक्षण	5e9919a74c884731a730c8252127b021
4962449478b04b84bae929f732323b7f	photoperiod sensitivity	प्रकाशकाळ संवेदनशीलता	प्रकाश कालावधी संवेदनशीलता	a777e04b7cc94d32b22e65ac4bbf7589
4ed34e85b59d4761a7c1bfe77660fb66	bajra	बाजरी	बाजरो	546dee0053ea4373a19ee61fe767e351
a93cb419ce314b8e842d662c2c2999ff	chemical fertilizer	रासायनिक खत	रासायनिक खत	a67709bd2fbb48618ea3a7de06bc7437
7e8f0881801a4bd1930ffb6ae07af79c	chisel plough	पटाशी नांगर	चिसल नांगर	b1a73afe45fb4ddbb6c38677fed35311
02061f857cb24790b990a223e10dbf20	climate change mitigation	हवामान बदल कमी करणे	हवामान बदल कमी केनू	a3ec3c8896d8484d8d4a248e8dc0aee1
32f613316d6d489685fd9d23f8fc18b8	champa	चाफा	चम्पा	7b10feea2b164e3ea5b11ee48369af53
31539ed975e84bedabde60a54a37b66b	chemical fertilizers	रासायनिक खते	रासायनिक खते	9c1d1566d260405391c82510ed727715
9ca096bf222e44feb8542293078e4384	climate prediction	हवामानविषयक अंदाज	हवामान अंदाज	6a05416f24174bd3a120242f3b97b3c7
7f4bc8e4386042a7baeec08216358369	climate	हवामान	हवामान	907968d13b2f4a89868852effa6a3438
5514470fa4694b8bb7e1515385a21cd7	cleaning	साफसफाई	साफसफाई	a2b435b7436242d386d875696e800e2e
5b7e3fb2bcd34daf991671dc5b2bb1f9	citrus leaf miner	लिंबु वर्गिय पाने पोखरणारी अळी	लिंबूवर्गीय पानांहांवने किडो	656800eb2a034094b4887c60ce1620d6
afcb03501fab49b490f8df2ccca9fb8e	chaff	कोंडा	पेंढा	fa802e9eda9f476fa0eea8f832925b2b
cd0d024c6063434ba53caa930982134e	chilli thrips	मिरचीचा फुलकिडा	मिरची फुलकिडे	38905e72c5b5466885acab53a892e5fa
8adf6f8b1d5749eba75b8db66200101a	chironji	चारोळी	चिरोंजी	868d619940254c60942ffbb589a917f7
7541aebc476948b9889b6d7e68870cfe	chaff cutter	कुट्टी करण्याची मशीन	चारो कातरूनूं मशीन	bef0891cdaf44984b2891b63cd851f7b
e0442303cfbb46cbae44928fafc5f8f3	chewing pest	चाऊन खाणारी कीड	चोवनारो किडो	2ab6b02aaa1c4b1b99084f7bc8e30092
749000ab03a84fc78ff7006dcd189a81	chickpea	हरभरा	चाना	cc9add500e4e4100839f6ff5b39bb70e
d0a7d63b7e284e65822bf8f027ec5d16	chemical pesticide	रासायनिक कीटकनाशक	रासायनिक किटकनाशक	f346e096c4884f4d8fd0f5c0d9530bca
fc98f1427820456c970c23eb9f70647f	check dam	बंधारा	चेक डॅम	188f91e0e2774f95ba253476cb41f266
ce4f6a0ac47f43e3a8e5e786598f7ebb	clay loam	चिकणमाती	चिकनी कादु	217d937a25b9487487dd287cf23456ef
489d61fc15424a1bb43fea9524c7b5fa	chinese cabbage	चिनी कोबी	चायनीज कोबी	64d8cd791230493896f4b6fb5b7add99
8cc223de5a56481dbf2acb3735f295d8	chilli	मिरची	मिरची	3978b04c686e4abeaef42f7aa3bc6740
60c275f9cb7f4e14b0222753939ceb94	chilli hybrid	संकरित मिरची	मिरची संकरित	0b745a31c176428f9cea058b96021744
b4cafe8285994564a8e4e9730ec92c85	chiku moth/leaf webber	चीकुवरील पतंग /पाने गुंडाळणारी आळी	चिकू मोठ/पाने खाणारी ओली	14241af061b946c281e1b4ce13e24c97
95108dac23c54e018ab903f0ed2b83ea	clayey soil	चिकण माती	चिकनं कादू	a82bf32c386e40ba932c619bb735b84a
bb0dd746f9f241d2ac75b42a99cb0d99	climate change	हवामान बदल	हवामान बदल	66fc9250581743198ccdb5481e29d046
d22b762a0136431d89eaab7fb15feb0f	chemical pesticides	रासायनिक कीटकनाशके	रासायनिक किटकनाशके	3b8faa3fe85c441c96c65d004a6240a4
445e831d4f76456e98b4193a924b5626	chives	बारीक कांद्याची पात	चिव्स	dbfd3128be814149b70990eb673d4a67
c97cce8b21fa4b2fb1222410958721d2	cinnamon	दालचिनी	दालचिनी	f82fadb137ca4850aa96a54fdbe7c00a
252dfaa765054366b20a63da91882554	chrysanthemum	शेवंती	गुलदाउदी	cca8142c47424b7f93735d05264000af
1f42bbaf173340c0b1441373060bd5da	chilli	मिर्ची	मिरची	b976cf5e688f4362894035a08e0a559a
fdf763182471429a8b63ede4ccf5e8e8	coconut	नारळ	नाराल्यें	0036ccdccfd344d18f16457ed8dba184
d461fd65fc9446a7aa7118c0261a1199	beetroot	बीट	बीट	4a5ecadf285e4ce29cfb5c0a3c8b657d
6148e7f56e8f4c1c8fe6f88131e699cf	betelvine	पानवेल	पान	48123c0f2fff4a8daf3755579ace4b0d
eb8a38faf372455cbb6699c88e63163a	beehive	मधमाश्यांचे पोळे	मोदामाखें	91036cd9d73541bea195a7831973f949
ab56ca3310c346ad8b7efad1aaa82f7f	beekeeping	मधमाशी पालन	मदामाशी पालन	28879f720fb349ac9a8ec76e532033f8
5ea02f95216646fab8c47c5e2b9b0c26	barley	बार्ली	जौ	112d99f35519472e9b6706ab019eb50b
702b7e3f32944c3ba312eff79f1afb03	betel leaf	विडा पान	पान	4324a52a06c24ff9a414614cd0b6ed70
193dc92f073448bc93894fe4cdd841fc	cluster bean	गवार	गोरवाया	62bc6538812c4daba8afe29564d1ec16
765225d1fafe44bd84a30067baff622d	benefit-cost ratio	लाभ-खर्च गुणोत्तर	फायदो-खर्चो प्रमाण	62baab5903fa481b86f94b47149787c1
a6b169c2d552469ab2dc365046039d6e	banana	केळी	केले	455753f03b5b459abc40a9f4a0094acf
ccb66a657ad54d83a3a8b308c75ee0a6	cocoon	कोष	गोहटो	86ac6ba71918447c9c89f5eb48cc70ef
87af23a5a00c4062abcf8aeb1721eb48	clove	लवंग	लौंग	5b4c4bbb99034d7a89dcff9a2062c4de
2a3ade556333471395f67a5bd675a4d7	beheda	बेहडा	बेडो	b4f0979e76434b8cbca0d669177c275b
461987aed18f48c684c028f04a3d2b56	berm	बांध	बर्म	bc1a203090354f0aac3e5f8fe6d62b1d
fe3dd455d4984e8d8eba3af5b039c2be	co-operative society	सहकारी संस्था	सहकारी संस्था	7577039594d246c39a839c6f93f56fca
2785d81b21a942868931e9412228ff33	benefit cost ratio	लाभ खर्च गुणोत्तर	फायदो खर्च प्रमाण	27f478ec0a654035a0eeb97850e13a9c
6cced9eab1a24f718a98efe3cc57041b	coffee	कॉफी	कॉफी	509bae85128c422b8ae3de46317a0505
e8dfecfe1f4a4953a35bfd081a16ae9c	ber	बोरफळ	बोरे	875dd34e04074f9097662f93df7299a1
9ce73b7375734271ad1ed307976b03b6	bamboo	बांबू	वांहटों	36c7a0cee0604fd59ac9bbda734e0d6b
1c705fc83f024f70ad672630826ac670	climatic zone	हवामान विभाग	हवामान विभाग	77a2534fee4a43dd950ec544428c28ff
a8b374c5a7624144b1deb0e445862eb5	beejamrut	बीजामृत	बीजामृत	ef57fcbcebd64a7a855489cccadd9b69
f7598a48680649e28918e648e462d7e1	beneficial insect	उपयुक्त कीटक	उपयोगी किडे	72c97b70ba4d486a8a83a75d2126665f
69f5a78a81a34d30ba8f1cb4ba0d7829	bamboo basket	बांबूची टोपली	वाहटाहा सिबली	543ab38718434f77aedc200c223d1e1e
f822ba03833f483bb5590a7bc24d411e	barnyard millet	भगर/वरई	सांअ	cdf3ccf0cf304a29bf2c2dea6b2e3999
fb7a371d450744f19cd9eb4183fa6e12	clod breaking	ढेकळ फोडणे	चिखल फोडनूं	b9a6f90b32f64296b79d0adfd04aa465
0c1360df1b5b454996909935f6519751	bauhinia	कांचन/आपटा	बाहुनिया	30b4026131394ae1a57f6ddcf98c49a1
8e94eb81868a4101b6724c7a2b2f13e5	composting for soil health	मातीच्या आरोग्यासाठी सेंद्रिय खते	कादवा आरोग्य खातोर कंपोस्ट खत	258b3bdcff0c46d3b3d90adc4e8f1bab
a0dc8f0cf94c49018be9a87b5b09adc2	compost	कंपोस्ट	खत	d8001e83a25c4976b463dc11de1686cf
1c219898fb62490192075ec4cb9760d8	conservation tillage	संवर्धन मशागत	संरक्षण मशागत	c2583a8eab8749b89493b99daaaab98a
750c32063e254a229bafa6780cc69a4e	bio-agriculture	सेद्रिय शेती	जैवकृषी	363f177f5a04413493ed128fdde50695
f7706d67041d4ed280dd36980285ae59	cone planter	टोकण यंत्र	शंकू पद्धत	b95cf1d449a94ac9ae4322e6cd7ddb12
80db4c3dff8c44b98eaef4ac1245ea0f	bio-fertilizers	जैव खते	जैविक खते	29cdf6c434e94165996ff72a4d78ff65
47e57a92ca46413ba8d910aace3d20e1	bio-fertilizer	जैविक खत	जैविक खत	9aaf57c0d8814349b3b3157a53b6e735
bc2ab348cad54e4cbb6f244df101a63c	bhadli	भादळी	भादली	1e604a5df0844d10a109c2155721a671
eda439b61fce4c7c8a5ff81a9a455813	bitter gourd	कारले	कोलो	a4afc3fc318b4095849625f8b5d3b076
e40f2c4037254fc0ac3a81b0a6bd5739	black berry	जांभूळ	ब्लॅक बेरी	843e25117914431f920334e8156fc50d
11c24426b40344bfba610ec80223ad39	black eyed pea/lobhiya	चवळी	काली डोवा वाटाणा	f240feed9a904cc5bb5058f4f7d0e817
a43b538a07bf46dfac3ce72553fe59c6	bird scaring	पक्षी हुलकावणे	चिडाहांन भगावनूं	addd981a3db64fb3b635a713b8c8b286
61086fa6555045b7a66a4e97f1479fd3	black cotton soil	काळी माती	काली कापाशी जमीन	b30553a5a6f6459ba84821c9b4e1e337
c0d3570d823f40d7a69969b3de1b814c	canal irrigation	कालवा सिंचन	कालवा सिंचन	48a09e4aab5f4a508fc65e63eef7e707
b814c3ccfdeb4eb28ec8c7419c6fbcbe	cashew	काजू	काजू	c37b27d3c7fe40a2997c2fde187502a5
3fd93b55774249c2b9fa762bc65110e9	cabbage	कोबी	कोबी	d5b5829ac9b0457ca63cdf46be929aa2
c97d2c0329c044b28929106f2d11393f	cattle dung	जनावरांचा शेण	सां	c2cc71e313734305a5cdb7a23bafb16e
76ecea53fd6948429db8bf4d8e17c4a0	capsicum	शिमला मिरची	शिमला मिरची	80a35d310ac942009b45b0a2dda00598
ef762aaab9b640ed9de1182caca46870	camelina	जंगली अंबाडी	कामेलिना	55fc9af6155f409cb05b3560168b4802
5f9d9f78275f40e9bef8a3d826b09b33	castor	एरंडी	ओंडे	45a6ae06c6b54e78b27cee2884dcb4d6
2d6ccd2e92744a83bb9001e8efdb0d06	cash crop	नगदी पीक	नगदी पीक	948b9e761f0d44b78bd659cfea2770e3
4cec9dd00d0e453eb603c7b4006e7e60	cabbage aphid	कोबीवरील मावा	कोबीवेने मोदरी	ef63136e028545ca9396d62b22389ada
9cfd8b5697c34a29a3f7f4c6f399f6d8	cabbage looper	कोबीचा पतंग	कोबी लूपर	116ab907bc6040f4ab5ba3fe1b391f53
dc360c115fc348fcb6c464dfd733d16f	cauliflower	फुल कोबी	फुलकोबी	35f98ebc1f784f35b53c16f4cca8546b
bfd85f4ffbdd404caa1ef44d4cfcb455	carbon cycle	कार्बन चक्र	कार्बन चक्र	a59ae2df85c242c8b43b324a56631723
c9eb3a5aa7104e5aaa46913b8cfe3003	cattle manure	जनावरांचे शेणखत	डोगराहा सां	7bb920378c01437badf38a643266455b
40bdfd1d603041eeb142f439233d429c	cabbage	पत्ता कोबी	कोबी	3dcec418f2b343198ec4227282a9b419
928f25e232cd4f10a3ee7487f7fdc5b6	cane harvester	ऊस कापणी यंत्र	हेअडी तोड केनू मसीन	2c05f6fa307e415eb37c4d27614c4cfe
d853600d45434c8fa2a870fdc11f75e0	cardamom	वेलची	ईलायची	f80c163ab1c9406597a76a683f46f6d1
74ae3c7aa9a64b47ae219342b8b0e3b4	dairy products	दुग्ध उत्पादने	दुद पदार्थ	e7b99cee09624df7aa6a5731a373b63b
2289c8df0bf44fde92dc9efc560400cd	cage culture	पिंजऱ्यातील मत्स्यशेती	पिंजरा खेती	dafeb51ac809451184c270492ea01f0f
70d1f747e4f84c5c8822c7d696eeea96	carrot	गाजर	गाजरे	69bdd482764845209060778b1d01027c
704fa454df194096821a64a7dd3eb691	castor	एरंड	ओंडे	1a0692e4fa7f45a586889d8e9878d01d
6702ef92db704ac5b7a453b7ccafccc4	catchment area	पाणलोट क्षेत्र	पाणलोट क्षेत्र	b07f62c273b54b8787806c21e3e6ff9e
f455be5c1ab045c5bfc23384f2b4fb94	cattle manure vermicomposting	जनावरांचे शेणखतापासून सेंद्रिय खत बनवणे	सांअ खत	2dc5890d15774e73bd5bc0e6c3d022f8
173ce35d9a4440709805252f82002fee	cabbage head borer	कोबी पोखरणारी अळी	कोबी पोखरणारी ओली	18d1f680ea9346b58560e34214b2f3e6
c01c6f5b2984478fb9d248c3dabf977d	bullock's heart	रामफळ	बुलॉकस हार्ट	d6a07759bd794c44b3536f5a1b3375b9
7eaff97d114c4423b021b758d8626606	bullock cart	बैलगाडी	बुलॉक कार्ट	c87d396ac87b45e8ae12dc84ff5898e3
4ebcd325fa2c48b88c7c249de23aa892	bund planting	बंधारा लागवड	बोंड लागवड	b30f50d326c34d438ecfb6ae88f11db3
ed8bb2dd40f54ce4803da0ebad543748	castor cake	एरंडेल पेंढ	एरंडी केक	053f1f72b4ae411d8e82d6f5a271900e
77241304451e4a94bf17020da53499b3	cassava	युका/साबुदाणा	हाबूदाणे	4bccee0e107f4f1bbd4b0909b3d20f64
046de1483a5643ce85cc48062858d64a	cauliflower	फुलकोबी	फुलकोबी	f366f1a360ca41b5a74263a8d941dc3a
f0071393a0cc470482027fe0634f1c07	cabbage root maggot	कोबी मुळावरील अळी	कोबी मुले किडो	013bb80511be411da22f67f78b0226df
bb2c4f7edb6045cfb6aa9500959fe7e2	black pepper	काळी मिरी	काली मिरी	ae6cfb06cd694b00a251f1cd70db5d4d
0b580575899d4e7c8c2618799d0831eb	bt cotton	बीटी कापूस	बीटी कोपाश्या	43d097d827b84d04bc1fec14b7c4cb84
e7f5d81308b840eda6306bc7cb0240e3	bollworm	बेांड अळी	बोंड अळी	3b9ccc26ced84515bbf9757a4d05a8df
70e5949724a84d4caaa8b6208e0fea66	branch dieback (pink disease)	फांद्या वाळणे (पिंक रोग)	फांदी मर रोग	a31c6b91d92b4ad09340aa54041d8a35
f66c7259668349f8b498d619650aef06	broad bean	पावटे	मोडा बियारो	e9cee96bbd2c47ba8724cb1717130572
7653a000edfa4d558f0c0141f2240def	black gram	उडीद	उडीद	95d3ab07a5c84cf89d9af5d57bf2735c
ef520633cbc94cffac5a6a081247041a	brinjal shoot borer	वांग्याचे शेंडा आणि फळ पोखरणारी अळी	वेंगांहांवेने कांद खाणारी ओली	576b5864791e45aabead662b813d7d39
8d70c212d1d44cfc86c18bd948912805	brinjal variety	वांगी वाण	वेंगा जाती	6575246935304e8aa4157dc2c0ff6c53
759fca336ed447629641e048b287a3ff	blade harrow	ब्लेड नांगर	ब्लेड हॅरो	4f0fd80dd9004d4caf050df9926c729c
f815a288926948cfa8afff97fca51208	black soil	काळी मृदा	कालं कादू	9f2f68a6d45b48c8985df387856b42df
f4fb35bbd2da411988fb853df736dced	brinjal	वांगी	वेंगें	17d18e00943441d5bf3f8979cdb8c34f
341f2d1e101b4d31aa9b564893c249ab	buffer strip	संरक्षण पट्टा	बफर पट्टी	855a871770a044178ae840d6f502a63d
d63210f45a37461d837ab6202128ca3e	bt brinjal	बीटी वांगी	बीटी वांगी	4e9db435a8a54e74bacd39af99c151e3
383d1518803448c58a82061ca0aac17e	brackish water	खारट पाणी	खारा पांय	1479720edb1b453eac2940b21172f2cc
22a69dd8d05546cea2a70437db9976ce	boll shedding	बोंड गळणे	बोंड कातरनूं	41faa1dff6bf4f0eaeecd0ed17cf0a33
7fce2feb4c374aef948b459deba2662d	boll maturity	बोंड परिपक्वता	बोंडे पाकेहे	1b7827e6cea54da6905ac771f72dce25
59101773062d492bbf0cf5921856e5fe	brinjal fruit borer	वांग्याचे फळ पोखरणारी अळी	वेंगा फोलवाहां माअरो	d31741e8edd04c469417d867598d2613
cacc18870b4f474a9f64408580a6f879	brinjal little leaf	वांगी पर्णगुच्छ	वेंगाहा हाना पाने	1c7af5c9ab2e40348691356c8811b6fa
e86ced9bed474060bc016a5e5c00a724	brinjal	वांगे	वेंगें	134d958fd107489684f7aa58557e09e1
2f770738625f4cfe8ff8655690e2a9ef	borewell	कूपनलिका	बोरींग	16191c6128c848ee8cbc111c3f15bab7
c56e393d321b4f9da6a18f6f7eee416d	broiler	ब्रॉयलर (मांसासाठी)	ब्रोइलर	e551acd073534342ad11e660d15198ee
61472ba75bf5451f843adeb0f2794430	bottle gourd	दुधी	दुदयें	6e63d011edf84e148d12a35b1d9cd6ae
c794d1dd5b984b609288309f86342db7	bud break	अंकूर फूटणे	कळी फुट	728be0cdbb6d4b2ebcf3c94c4b25c6e5
c2f259b433ce429f930c71e793f48573	blueberry	करवंद	ब्लूबेरी	f38801f64b9a4ec2a0c0370c140148e8
ba464bebc38e42759b95cb2d3d8fe37b	broomgrass	केरसुणीचे गवत	ब्रमग्रास	fa2ae4be4beb4f1e822a4575bde5f47a
a4b2d8389441442e9528e3983fb0ae94	brown spot disease	तपकिरी ठिपके रोग	तपकिरी ठिपका रोग	e6691425b16e46f295674fc2ac05a32a
86d0f5d07441446b82d5d1b6a9a05e32	bone meal	हाडांची भुकटी	हाकवा चोखलो	602f5792404642c183c2581c06a586a0
08f97fa5a9884abc8b41aaeb174822d1	agro-meteorological station	कृषी-हवामान केंद्र	कृषी हवामान केंद्र	905d70dd44a7490f9c1c800d0205cdea
b7cbbbda1f054c6e8e1526d216e29610	agriculture	शेती	खेती	16e250c8ca6c4b22a24599933ba7ba7d
2b97905ee851466c9f0c39d6b7c545fd	agriculture officer	कृषी अधिकारी	कृषि वालो सायब	517c4099b1bd404eaa59d12d86ac4415
eecda1c1fd0c4938a68d7b76d6c6cfb2	agro-climatic zone	कृषि हवामान विभाग	कृषि हवामान विभाग	dc7c217f2389447690e4d1a20fd95cff
fe08c0fa94a54d7bbf4d2a0511ac7d19	agricultural trade	कृषी व्यापार	खेती व्यापार	b506d02bdca24c2e86a8f6bdce7ae654
9a3e7de51a174f3f90c9d1c133fa9cbb	agricultural yield	कृषी उत्पादन	खेती उत्पन्न	becc3a9ac3874c949cf97895c137b934
fffc4ec0262449f7b5d45982a327ffd2	agro-advisory	कृषी सल्ला	कृषी सल्ला	5ee2a06e8b264e32bbab022f9db08b8a
b0afa564f14549f7a995ddd23ad6eb91	agricultural subsidies	कृषी अनुदान	खेती अनुदान	63f17edc83524426a35e495868633261
a10cd04907594c7faee1a1ed23f51bbc	agricultural training	कृषी प्रशिक्षण	खेती प्रशिक्षण	835291b534a54febac6a8ec70eb909c3
7b7140237cbe4a5a9e1d3c6d336dcb78	agro-industrial	कृषी-उद्योग	कृषी-औद्योगिक	3050b4a38d264309bf78506c42832ebc
df5b9022fe2f47bab379c4c82abb480f	american bollworm	अमेरिकन बोंड अळी	अमेरिकन बॉलवर्म	b09ad1b684e84278b97a42e699d0e518
37f761480c904bc199f64f7ed3d7c66e	ammonium volatilization	अमोनियम वायुरूपात जाणे	अमोनियम वाफ	554163e80b5b4248b260f8c593d27ffa
3b117cf2f01a4b0bb1469977c9cd1903	anthracnose	बुरशीजन्य रोग	अँथ्रॅकनोज	3296799bdff14c90a95c7c32b1d72940
c99b3765880c4c27aa29077bcef91075	animal health care	प्राणी आरोग्य सेवा	जनावरहा आरोग्य सेवा	9e67fb44a1e14fe996602c0a0753cd08
c7f6a95773eb40feaea573fe1d4b9320	animal nutrition	पशु पोषण	जनावराहा खुराक	6c3f6639d60d4823b0957296e1f24e5b
50c36b580fd049d199285a634f3a3a65	annual crops	वार्षिक पिके	वोराहा पिक	503c8aec21924887aa3adc0fd9f2aa9e
b0a06bfc64bf4dce8bec9e5545107f6f	animal husbandry	पशुसंवर्धन	पशुपालन	3e541f867d1b4d5b9ec7411c40c9985e
86254ecb60004b5da838db72c8315357	accession number	नोंद क्रमांक	प्रवेश क्रमांक	49a97da513c2493788e83595c281e436
18bb372c7d68467d8b1cf772a1c928e3	almond	बदाम	बदाम	64cc4cbca5a9467fb531f39fc44a0610
9fa962fea0f14e149d47a39878eae823	agronomy	कृषीशास्त्र	कृषिशास्त्र	218e514898b944faa00130142fc4c890
a0f95b4d5703434196f32c1c16eaf527	anise	बडीशेप	सोप	f4a54c69eb374d20a2650fcc812bbd5e
fe249fc8242f4345af2ba7dd1f26fe65	alkalinity	क्षारता	क्षारीयता	c1b9653f24024af6b97d504d3aa45240
dbd7c629550442d580b57935917d44b9	animal husbandry	पशुपालन	पशुपालन	938ef0cf8a0545078247021cce8f0391
6ed7085a969d45cf93bbc0883dd2be1f	amrutpani	अमृतपाणी	अमृतपानी	d0b5dc8ae9d64791a48ea6d1c3a014db
42e1ce6e868e434b9eb6e9c9cc358fa4	acacia	खैर	बोरू	15e0fa1fb02e44cfa3486794f1d7cc29
6bf34ab364e4442ca9c3e9168354013c	ammonia volatilization	अमोनिया बाष्पीभवन	अमोनिया उडनू	9daa2d3b058340989ae40a896d2af288
8de7a956e0af4c44990e5da390c161fd	animal feed	जनावरांचे खाद्य	जनावराहां चारो	2d3878969a2a4a69903b2a261a06e2fa
a802bd6405754355b78a7388ab301868	agronomic practices	कृषीशास्त्रीय पद्धती	कृषि पद्धती	110d665b0ac54ecaa279f8256bd9634e
11a637a8e59d40f69c88f3467ee8ed86	annual crop	वार्षिक पीक	वोरोहो पिक	fc7c5719246b464dab761e85fb43726d
dff1329c5e424a30a038d1d1dbcbf524	animal welfare	प्राणी कल्याण	जनावर कल्याण	74ccf09295d249c7ad937e95f273b89e
bca77bc7b01341b98e9ad88f17e5b5a1	animal manure	जनावरांचे खत	जनावरहा खत	623383475e704a16afd7e92e91994cfb
9082ce8e65d249f48e1a1d445c7c715a	ajwain	ओवा	ओजमां	7898a4954b8d4b728e0a27d8ea2ed0a6
82b76f06957a488facc0a74f2e242593	animal breeding	पशु प्रजनन	जनावराहा पैदास	726737dfbbc745e5b1f77c56a779faac
8a4581c2279c4d0691754e2aa78e479d	aloe vera	कोरफड	कोरफूट	d657ca777db64228a498de15c518c728
707ae299dda24beaa89a589407e76d4f	anaerobic composting	अनैरॉबिक कंपोस्टिंग	बिना वारो कंपोस्टिंग	e531363499734d42b4406999fb33dcc9
cab8b8fa3bba47509a0017e361b9c8e7	agronomic practice	कृषिशास्त्रीय पद्धत	कृषि पद्धती	073147f0e06441258b97e4c06ed982ea
fc553f5834c045b8856c38e0341ac7eb	annual weed	वार्षिक तण	वोरोहा खोड	ecbc93be2a24452a822c73671ad7a81a
279992d82ede430d81491b507120d793	ammonia volatilization	अमोनिया वायुरूप होणे	अमोनिया उडनू	60b0eabce6aa4a178e1484396ed11aee
62defc581cac4fdeb227b811335dec5f	amaranth	राजगिरा	राजगिरा	eadccae740f6407fb193e21d23d9a03b
69cbd43bfb0e4a0f9fb8bb5f3816c78f	anther	परागकोश	परागकोष	7e5c3d074c654c60806178498d78a48c
367368fad58144bf93a460ac15af4756	animal health	पशु आरोग्य	जनावरहा आरोग्य	1f211ddf0946455184a91e64a625a276
e102e19ef8d8442d87c3b35b3a842366	aquaculture practices	मत्स्यपालन पद्धती	मासे पालन पद्धती	22927f5873084fcdb9c574f49cfad177
28e82c0b871d491596ffb81dd7a3cd42	aquaculture	जलचर	पाअयामेने जीव	ba7fc249b8cd4aa09474b6565e54d616
866fe81461f64410bfa2ef1e669fd9d9	agri-business	कृषी व्यवसाय	कृषी व्यवसाय	89263ba1cfb445c48ba4aed0698c9a0a
255c35797a8244a5838015ce620ee832	acid lime	लिंबू	आम्ल चुना	7f9cefd128f747fb947b012744a19cb2
ba3792fbb94e469493e8ca16214976da	aphids	मापकीड	मोदरी	e2443e64db7945d095e14491b5e69417
7a71d627621744d2b5eb549c8c7c0c72	agrarian reform	कृषी सुधारणा	कृषी सुधारणा	3edcc3719f47463f8ed87daa66da053e
800c198a73a742568ca63bfad7ceb126	aquaculture farming	मत्स्यपालन शेती	पाअयामेने जीवजंतू पालन	8c0d5f83460441819c1a053484363583
e9e504bfb8fd430eb356283d2dbd3dcf	aphid	मावा	मोदरी	dcd3c9a472904deea12779f7bd20a43f
de57f9546df5422a926936e050348383	agri entrepreneurship	कृषी उद्योजकता	कृषी उद्योजकता	f67027ec4258456f916613ecdc20327e
7303ca7362e24ac48525945f491d4fb6	aphid infestation	मावा प्रादुर्भाव	मोदरी प्रादुर्भाव	af6e06dc66cd438b9c7c963dd6525fbf
d49ea7183150465bb6aa3daf56317dcb	apple	सफरचंद	सेब	1c392f09baf846a48acb0ecb5cab6c65
ba902fe3dfa74f109e03a76093c1c80b	apmc	कृषी उत्पन्न बाजार समिती	ए.पी.एम.सी.	18f5f31cc4de4ae5aa6cf49a64442b2d
4e91609a4bd14b3fa60d47aae8d70b20	afforestation	वृक्षारोपण	चाडवा लागवड	e4fa3c976ec84560a6711408f356cdfa
948bf1fbb4954baabc12e4d3ed66cd01	agricultural labour	कृषी कामगार	खेती मजूर	dcbba24e39ad481c9e811ece77d02309
04734f2495264bef97d1d547fb8a23b4	artificial insemination	कृत्रिम रेतन	टुप थोवनू	1407bdb683aa4186bc55d007358c39f9
1019754a650a4a409261823abb3955ea	bacillus thuringiensis	बॅसिलस थुरिंगिएन्सिस	बॅसिलस थुरिंजिएन्सिस	26cb75a4925a4e6c928fc61deaae19cd
fbabe66d2610472e83d6b25100dca577	ash gourd	कोहळा	कोलो	5b1e5912ac7e4663b86d5b0406e11d40
8f85c50f57384dbab174d46ba6430808	avocado	नाशपती	एवोकॅडो	375a57b5bfbf4bd4842d0b38cf237aa1
3eb7a2bf23e145a7b087ca423327ad72	ashwagandha	अश्वगंधा	अश्वगंधा	49fafe7df4c3430bb6f65bb462be95f7
0ce83ab0e1564c75923abc1f707b32f7	agricultural education	कृषी शिक्षण	खेती शिक्षण	607de79f4ba84a85a58d912206f2ccc7
11250588e3534a98ae497e21652d57e7	agricultural cooperative	कृषी सहकारी संस्था	खेती सहकारी	13217fcf1b344ea2ad22ec8824ca30a9
faa390d030eb4a04a79db6a261ae3b2e	ashoka	अशोक	अशोक	b95c6a8c63b34a42beacdd1db9d518f9
99776ffcd4c94451a90de49f90d48e1c	aroma	सुगंध	सुवास	9250395010244c748e11212db94695c5
c407a83c5fa74bff834b391f72002950	arecanut	सुपारी	होपारी	7cab18340450432c8eacdf561df3e6a8
495bc2f111de45e49d5d191505c4bf42	ash application	राखेचा वापर	राख वापर	c9664f791b8d450d9c16bada7ed394d6
fc911f796d574fdab5c1d5c453d38af7	asafoetida	हिंग	हिंग	162be669f8f3477982210fcdb93ed27b
9208069ef6e84b03a7ae6fcfc36ffec1	agricultural income	कृषी उत्पन्न	खेती उत्पन्न	e4646a21453246c8a4b6e067c9b93545
1af3ceacc937465bbb2f16ccf08b48b7	armyworm	लष्करी अळी	लष्करी ओली	0fd045339c974069a12f094b75b71d1a
39bdc8c651444090be46cdad8f227c4e	well irrigation	विहीर सिंचन	वेली सिंचन	69f6f14137314268b94b76164a67fde7
64df1248b7d34578bb4e64c468330f54	weeds	तण	खोड	b3e02891c1dd4b36aa06f8c7a71e151d
4ded5d6104c7468f9ca46e9d0d137fd1	water table	पाण्याची पातळी	पांया पातळी	0d8e2da0985b4b2f910178cb38cf1664
726e568ece7a4d328d49eb85f23fbdb4	weather alert	हवामान इशारा	हवामान सूचना	e0d2503ae0d74367b8d7c5168c2d9b5e
81cefaf4cf5e4beb87512518b33200f5	bael	बेल	बिली	b40fea4a618b4db5aa7737a1f428fc39
551345b6b78f49abb11e272ce3d5bc0a	weed emergence	तण उगम	खोड उगवण	7d151198c94545a4afa504ee9b886dd9
8b70c311913c421ebb6fcbc53d861b93	water table fluctuation	पाण्याच्या पातळीतील चढ-उतार	पांया पातळीम चढउतार	62a095e394f64d0483a0680f7cc3927b
443d03e19df54dce81404ed4553b4345	wetland farming	पाणथळ शेती	चिखला खेती	ec2dbb530896495aa35498d3904e22ac
16e05494ac2d42a2a417fce6c77f70e6	wetland rice cultivation	सिंचित भात शेती	पाण्याम भात लागवड	87cb0e099cfe471283a55aab4c13b216
353bed7d16d24c029e7c45c2cbd15f7c	water stagnation	पाणी साचणे	पांय साठाय जाहे	e3ddf56222c9403e8fe0d9c52ec7f709
1d2f9924d50548549375131b95a31573	weevil	सोंडकिडा	ओली	2fd6fec135e349c9a0658caa96ecd189
198b070c2753447abaf01ede36f8d2db	agricultural practices	कृषी पद्धती	खेती पद्धती	ccd63f6c81bd4e06983ffd3dcba59174
318ce90edc2f4ec2afa46d1bd2488170	waterlogged soil	पाणी साचलेली माती	पांय पोराली कादु	78cf9964fe82404a9dce069b64e4514a
fccfdc76824a42cebf7ccc83235397ea	water stress	पाण्याचा ताण	पाया ताण	cba20174163341e7994baa5dca00e038
be954aceeb9f4c38805396413a051a38	bael fruit	बेल फळ	बेलो	9db86b7c80c6439c84c25b33951e5f1a
3c705fa1cc614eb593a123875df219c1	watermelon	टरबूज	डांगरे	8951d23a71e444b0a95047d9ec3cb159
bb5cf7ff020e46fa8f2299136425d57a	weather station	हवामान केंद्र	हवामान केंद्र	317e9251f997405984e645022b0a4efc
c080522dc28d4a928352e0052ea3bb98	water scarcity	पाण्याची कमतरता	पाणी टंचाई	fa3691ada2174da8a8592475e69f8251
2c1545b6a2674e69a67db4ea90498790	weeding tools	खुरपणी साधने	खोड काढनू औजारे	225628b338a6468da4718782c0474b4f
bbf6cb73d334431396abed0a576c35b8	water-soluble fertilizer	पाण्यात विद्राव्य खत	पाण्याम पिगलूनारो खत	08f54875c5a74b0e8952d8d384f5178c
d889be54aef4424c907da1c520579019	watermelons	कलिंगड	टरबूज	37206f7bde82455d88c3a1213540a826
1b008ad87e594d538daef44b5e97e709	weather	वातावरण	हवामान	818fd93ea90949359f2afc1834630b98
046f620847834ff29660ec9d47d760ad	windmill	पवनचक्की	पवनचक्की	5036f91097a6406b936ad0672fb4896a
83940224852a40a489f2b624819318f8	zaid crop	उन्हाळी पिक	झैद पिक	e396e118a1d540579340251d3e7809e9
8e76271a0ad549a2aafd714156e1acb0	woolly aphid	लोकरी मावा	लोकर मोदरी	95c24e9830024f39b93e993f05dd25e8
0895028992c7460f873da07513a8ffc4	whitefly	पांढरी माशी	उजली माखी	b7dac4432195467e9712a93ce6c82d3f
1c910537d3814d7984ae73db7db01959	winter wheat	हिवाळी गहू	हियालामेने गोव	b1f2812e1641444ebddc51fbc18e8e55
2bc82d0561f94703b281831b86eb95ab	winter sowing	हिवाळ्यातील पेरणी	हियालामेने पेरणी	9132ac84bb61424ab58ca30309bb1a93
01ebaa6cb98e40089dcf96f9af37060b	yield forecasting	उत्पादनाचे अंदाज	उत्पन्न अंदाज	b451914a760f4d1eafda726b38a4bd43
7d1edc08bb264b389ebc18cb8d5bc428	winnowing	पाखडणे	धान्य उडवूनूं	fe8b89c8a83e4e43b77ed8d30644a7cd
f36d3968e29b4735bdc24216aa999a93	yellow sticky trap	पिवळा चिकट सापळा	पिवलो चिकट सापळा	923800eca7dd49e8ac446082f8547987
0c255ae3bcde42a9a9225359405f0030	wind	वारा	वारो	bc0fabb9756a4c789f9499b037fb72b3
0961c8eeec174a368083a008f3d53cbd	zaid crops	उन्हाळी पिके	झैद पिके	c12077de9df04091b64546b571034797
0e362995eaee4b828d540cbee356acbe	wood apple	कवठ	बोंड	ccf4f0dce4fe4786b458922074abc2c3
657534f18afa4d0db63c6bf401e54090	zinc sulphate	झिंक सल्फेट	झिंक सल्फेट	d179db3b0a42459c8b724674144999b2
33a8c0c00def4aac87c480d3b4b4f3fc	yield prediction	उत्पन्नाचा अंदाज	उत्पन्न अंदाज	61613382c62e4f2fac856b032b597e32
f7916371306d422aaf229b7e13baa228	wind velocity	वाऱ्याचा वेग	वारो वेग	0ac6c29d93e54c2abe5686273212ea73
b5f4e653750341868bbf531e37ed1e04	zinc	जस्त	झिंक	d046705b526c4b7db7c19f463553433f
106dc2b5bccf4337917ccd2f32bd1858	winnower	पाखडण्याचे यंत्र	विन्नोवर	353c1a9109404760aee36be6226a5551
e8a3f1b0895f4b93bdf454caa3b94fec	wheat	गहू	गोव	df56370d4fa747149e04982bcb946de4
627308737ac94537aceb619e65fec1d7	wettable powder	पाण्यात मिसळणारे पावडर	वेटेबल पावडर	31d13f2f1b074fda90baa9f340ac8e67
d96a7454fe944877944ed9049ff7bed3	white musli	सफेद मूसली	उजली मुसली	9536525fd12b4b7a9bbbd742b2c5002e
82f258a8c9b741efb287b0886e79b36a	tillage methods	मशागत पद्धती	मशागती पद्धती	cfdd54d3e7944de48617988374d946a5
effbbcfa9cd1489c83995c55ca07c8dc	threshing floor	मळणी करिता तयार केलेली जागा	मोलनी जागो	b97df2bd6a434eadad3eabc47584e073
d8f1d50bb8564949b5aec3b993409ac0	tea	चहा	चाय	91d3d287df784a82a4f9d62bc122ef68
a68a6ab03f1541a387f2ea7cbe50fa28	temperature	तापमान	तोप	7666191ec89c41288e2c8e7d31486345
ccc29d1e7dbd4ff4840ea0c29d2fefad	tapioca	टॅपिओका / साबुदाणा	साबुदाणा	35e7b7c4646b4cde8c308823dc4f0e11
87f8a65d18f34e468800c237e26cf18c	tiller number	फुटव्यांची संख्या	टिलर नंबर	8a423d2497b14759afef80abe0e8cf73
08ab630cc147484f969de6cc4a3cacd0	tank silt	तलावातील गाळ	टाकीमेने गोल	9a28836e379e4d6ababc6f03d5bd90e4
5f3247da7a3d423f8f25b39e6a94569a	tiller	टिलर (नांगरणी यंत्र)	टिलर	7df3c764f71342159f978f8abccab990
fbadb0552ebf4bcb85512427aae3d313	tillering phase	फुटवे अवस्था	फुटवे	4a51958edb894cd59e23c383be76e853
50df5f27fae349b289dd3aa3a30de88b	tenancy	भाडेपट्टा	भाडेपट्टा	d5e7d0a9c5c3468fb6c6319500f52c8f
75de45fc5d9a43a895a6a530e01f195a	threshing	मळणी	मोलणी	e1d01652917b49a3af37808724481a18
e54d02d2b4db4b92815cbd0d24daadf0	tillage depth	नांगरणी खोली	मशागती खोली	fa8001a346d64754aa5b90f69bc8e394
b83547f22d034e0cab7a737596b04674	tillering capacity	फुटवे निर्मिती क्षमता	फुटवे क्षमता	038f66fdcf81457da598b03c6667b866
987a424be6c94806bbdd4168f255d906	tomato	टोमॅटो	टमाटे	1bca8d0da1e1488aaa514ca7246a97b1
0aa5abfbe6654b9b83eaa584571e6df8	termites	दीमक	ओदा	77a78e6f155049af9c378166e840cf64
3ca5baeb0d584588a1733ae499408056	teak	टिक	हाग	bec2966c3f90451abd65b8d1d78bfb9d
1fc16519f41d445ebb83807587eae967	taste	चव	चव	2952fe5c87bf44adadeda670925d02a8
8e90572c902b480491a8e315c8ee4095	termite	वाळवी	ओदा	edce1b34bb4e4f99a3539d56f1daf1e8
c6a576f410e34b51913c9d1820a0ee80	tillering stage	फुटवे फुटण्याची अवस्था	फुटवे	7981da3d71bb49a5a1ed44d24160f019
5c9d7189000343f19cbc60b5b8ba1792	tamarind pod	चिंच शेंग	आंबली	2e4e7cde77ba43a4b3166dbcc4b97783
2500213f3bf2480f8bdd24617daa9365	thrips	फुलकिडे	फुलकिडे	ce45c9a6d5a24d199451fd1d63506500
02a49c24d51d490aa63de023acaf2997	thresher	मळणी यंत्र	चरको	dd88a233d8414525b7ed489205627c47
c2000ce76e9f4886a05344053fe381bd	tomato pinworm	टोमॅटोची लहान छिद्र करणारी अळी	टमाटांहा अळी	7f30b6d33f5c4e10bd6d3e21c83a08e9
428254e074544da9887e789632984fea	tamarind	चिंच	आंबली	4e619a9a8ac849d683d802d3e212eab8
4604593640e14794a747d7f834a3961c	tillering potential	फुटवे फुटण्याची क्षमता	फुटवे	c64c643568bb41cebb914c1d8ec62fdb
012186813417480f9bde806cc0311557	tobacco	तंबाखू	पांग	d6a59b0f8b8347ea87065db2a68ee118
0d3c6a3709514f6599463edc1617baac	quality seed production	गुणवत्तापूर्ण बियाणे उत्पादन	गुणवत्ता बियारो उत्पादन	879728a66f874b53a7a37cd22df5fd45
790c8395168f4180960ed0567d375687	pumpkin	भोपळा	कोला	a8d9bc0e6f09494fac75ca39261bc885
b0beb6979c2f4e45a06b2e23e72ed345	radish	मुळा	मुला	c344287ba3874e7f8cad23a833003789
767994250e564cb9b5aec0a77abd7a1b	seed borer	फळातील बी पोखरणारी अळी	बियारो खायनारो किडो	bbbc0cc6725245909f67acb09ac0bc3b
eb491dd7445e45dcbc187a698e1538e4	seed germination	बियाणे अंकुरण	बियारो उगवणू	e7256a8869b44e7f9dcfa9570a103133
9e3e6986af1b4ba29015a75491717594	scheme	योजना	योजना	d549af15202e48b2ac3d75ade7309cb5
4aedbc2c1a2a41a78f4eb51c329c99b9	radish root maggot	मुळ्याची पाने खाणारी अळी	मुलांहा मुले खाणारी ओली	75a87360a7c64a898249b6dc65a69b01
b4bc4f53ed4944e6a18c063e9f0c3cda	rabi season crops	रब्बी हंगामातील पिके	रब्बी हंगामामेने पिके	15c48a3562a845fb8729eb140913e244
f02861d2b0ba4239b28f0ef1ec8358cf	rain-fed upland	पावसावर आधारित उंच जमीन	पावसाव अवलंबून उंच भाग	18bba44463264f59b8c308b14dabd65c
2f047299e67b43cd9e9ab4456b465ff8	secondary tillage	दुय्यम मशागत	दुय्यम खेडनूं	f3301925545d471aaa860541e4a36fae
2f4626c2ae3b42bfbd16ff43c84dbeed	seed coat	बीजावरण	बियारा आवरण	541e7602d285439b8fd9e1714a648cf6
8ee494d0a100413888e140e3553bad1b	quick-growing crop	जलद वाढणारे पीक	माहरी आवणारो पिक	e48360a1b0c546dab3e26a80ae8579e6
a7aabaf5851b46158b78fdf22e42da9f	pulse threshing technique	डाळ काढण्याची पद्धत	डाहाकी दाणा अलग केनू	9931d2327d4c407d8992559f73d53bd7
15b0a5b5eb9440e9ab846959d9f6891f	seed blower	बियाणे फुंकण यंत्र	बियारो उडवूनू यंत्र	8361072b9acc41a6bf88d6abf21ca48b
043ef2d0104e49a885dce669a2ecdb01	seasonal crops	हंगामी पीके	हंगामी पिके	5a4b4471c05f45ce9efe9084e1068543
549de7d25eb248779ffdb6b8c4be7e27	seed lot	बियाण्याचा साठा	बियारा थोक	16a98a8ce5344e58a786920b7069231a
6d6e1336c2c24bc6ad562c2fec7fcb4b	pulse milling process	डाळ मिलिंग प्रक्रिया	डाळ पोडीन प्रक्रिया	48b2e7d190fa43df978e33e0f78270fc
c131ccc5c3f44b9d95ec5a6636123378	seed bank	बियाणे बँक	बियारा बँक	6f04f4b7b0f3461e81cfa25e5a54c75b
e87c8a96d05f4173a46f6a58c6f2ebca	scarification	बियाणे खरडणे	खोलनूं	d3fb1aef252347a99a9c7a6819c579b1
e376f43b65c74706887a1d37b1f605f8	seed fertilizer drill	बियाणे व खत पेरणी यंत्र	बियारा खत ड्रिल	4cd20b9f29f548e6b34e83777ec12a26
b66dc1f6744d48e091bd9c95e062a05c	seed act	बियाणे कायदा	बियारो कायदा	ec3f4fed7c09438ab96ac14ed23baad9
d653d81cf6554df0a5aa1939990da848	quick and slow wilt	जलद व हळुवार मर	माहार आन् बागेने आवनारो मोर रोग	9ade8a1a739d4c02887da05b45fa1b74
bbd210658061432e9968bdb40fad05cb	rain shadow region	पर्जन्यछायेचा प्रदेश	पावसानी सावली भाग	d70dd7f0822d4c31865b5064a1114bf8
cbb16aaf9aa44fdca6043e3091cb7d76	pulses processing	कडधान्य प्रक्रिया	डाई प्रक्रिया	2c219f7816b44ea0b3cc06f129e704f3
42def985a3ed4014b016406c45ca5d84	rabi crop	रब्बी पीक	हियाला पिक	58cfd242c8fa42a79f379a637218c8f5
501102753601451f815ab1d527296830	scarification	करपणे	खोलनूं	a2a324ad065840a58618ac6762b5d3ee
ca043bf3bdb34f60be34f5d391c88605	seed multiplication	बियाणे गुणन	बियारा वादनू	1b241d215c0b4088a26ae1061b42678d
420600168e3646b1bcb16c4731ee06ca	rainfed upland farming	पावसावर अवलंबून डोंगराळ शेती	पावसाव अवलंबून उंच जागाम खेती	ddec90c33e374200b7b1d0c3cfe2bdf3
c9fffbf38aa546908d4d26e362fe7385	seed preservation	बियाणे जतन	बियारा साठवण	add60a9ea70948cb80976a9da6f5fd83
2f7acecab08842a0be770f0ad0ef216e	pumpkin shoot	भोपळ्याचे फांदी	कोलावा कोंब	d2cc097d58b44ee08171976ce9c5ca05
761b598d55ba4681a1132281849a5e18	rainfed area	कोरडवाहूक्षेत्र	कोरडवाहू क्षेत्र	097fe0a13b3d489fbd3ced2d58acbce0
d36eda7792f24da4aa00d9eb9e1d3170	seed health	बियाण्याचे आरोग्य	बियारा आरोग्य	deaa0780058d45e09a402003e4745983
21f27aec44ec4a7d84db6a639eec92f7	scarecrow	बुजगावणे	बोंड	85799050cffa496294fe93a351b9ea2a
8ee2c36c36f543e693f9b8bfd650407e	seed	बियाणे	बियारो	4e6038a11adf439aa3c845d06cd3cbd6
07b3261cab2548ab84f0b37b88b00a95	seed dressing	बियाणे प्रक्रिया	बियारा प्रक्रिया	7fbd3d4963034033829f377d8fb72bdd
cc16f120794e4c89bb98d9ec291ce06d	quality seed	गुणवत्तापूर्ण बियाणे	हारो बियारो	0868c4a617a7458ba2bd97d1c38bffcf
abe029d799cc4db2a32ab1d9110d2c18	rabi crops	रब्बी पिके	हियाला पिके	0db19f4aa84a40e4a34fc2542485ff84
0683e5dab55d48e9b7bd3ee5b6d1840f	seed drill	बियाणे पेरणी यंत्र	बियारो पेरणी यंत्र	4f18bbfd93a347d38ae93c0c717b03da
45036e854e50422eadb53e45a61e1a31	rain gauge	पर्जन्यमापक	पांय मोजनू मसीन	e59e8115d9cb437c88142e3a99b718c8
3edf377baf1149a2ab2e2adc0d866a57	seed deterioration	बियाण्याची निकृष्टता	बियारा खराब वेहे	5cfbe46d5f924342be47c5aaeb20585d
0b3127dba2154ad49286674a5a48b2ac	seed dibbler	बियाणे पेरण्याचे उपकरण	बियारो फोडनू	9cfdba3b3ed6441898894c84f2bbe2aa
61647c4d94534445b4de5e9cd9f42651	pumpkin aphid	भोपळा मावा	कोलावेने मोदरी	2d6a2aa94d6640eb90d7b98658f1b882
b7df25ef05904166a12b2e118d434436	pulse production	डाळींचे उत्पादन	डाळी उत्पादन	0e8d5a8e4ee246518943718242c1e518
ce8e5d4964d640c7a243b7c10a2d0eb6	radicle	मूलांकुर	मुळ	33255cee56c24e619c33012ac1b5db88
f8c174cef42142d99d0235e739079b9c	seed cleaning	बियाणे स्वच्छता	बियारा साफसफाई	3d755da0d4c14cb38a265ada8867b34d
f2f770c79d754b088e582ab684b875f6	scouting	निरीक्षण	स्काऊटिंग	f13870bef0c942c499a48bd695b0ae10
f7463926f1d843aa88d106f3d81a68ea	rain-fed agriculture	पावसावर अवलंबून शेती	कोरडवाहू खेती	c00747790bc445a8bf8aa43e526ade52
7a3ced1bf43840b2a234c5ba63f2c29c	mobile agri-extension services	मोबाईल आधारित कृषि विस्तार सेवा	मोबाइल कृषि विस्तार सेवा	e551f721e8394be0aba66fcb56eace1d
ec219341afce40a28e0ed7f29d6b1f4b	pest control products	कीड नियंत्रण उत्पादने	किड नियंत्रण उत्पादने	fadeff0e6fdc4b4f828fb0c7ee737685
5590c656333144879a9a4579fdd96944	photothermal unit	प्रकाश-तापमान एकक	फोटोथर्मल युनिट	ac501b2d9ec3442488fe8c735e8e11aa
99a5b094b1234485ab9394b289f262fa	pest-free zone	कीटक-मुक्त क्षेत्र	किडमुक्त क्षेत्र	1dd525cb460a4d4cbab94bb1628b8f40
32e2658c7dd54870a4f183ffc4deed98	pest scouting techniques	कीड निरीक्षण पद्धती	किडहा शोध तंत्र	d87a7c351be64ff2bcf69c536b1e1fec
cb35f2a1c2944dfd9d9ce7dc09642532	soil ph testing	मृदा सामू चाचणी	मृदा सामू परीक्षण	990d96622ec64854a10a67a3c895f291
86f246a48f9d4024a241efd20878d23a	topping	शेंडा छाटणे	टॉपींग	836f8176e55f405fa3d3ba0326c11c71
12abfa94e56f41e08674ca3082ada0ef	trellis system	मांडव पद्धत	ट्रेलीस प्रणाली	5da2a00dcf644efc82fef30c043320de
2994609bc56d4037830a358d51b0799c	tractor mounted seeder	ट्रॅक्टरचलित बियाणे पेरणी यंत्र	ट्रॅक्टरव चालणारो बियारो पोनारो यंत्र	74ecdd9835d04a5597a4811433998036
816e099383c94b0aa97ead856163632a	tractor trolley	ट्रॅक्टर ट्रॉली	ट्रॅक्टर ट्रॅली	29d7e8ac324a4e338e28e7e52df3f0ba
5d8043540a2a4a02927fa5c27be6f8e6	tractor	ट्रॅक्टर	ट्रॅक्टर	789b4dcaa2254f029ac8a13458b5ee20
a86cdab7dcbd4dec962865e24b3e3398	soil pulverization	मृदा भुकटीकरण	मृदा भुकटीकरण	cfd967cf58bc4cd4b99dd5f8f98a7bf8
fec4927267814bd4a3913b06c0c99551	top dressing	वरून खत देणे	उचेने खत	f6a46225b66241d5bbf58625fee2fcf3
861c73513f4e4796a2e33b5e2c01579d	transportation	वाहतूक	वाहतूक	cbcdbe0101ca40f192d9263605d02ad5
e342b1e0441c4d38918b196eb05e8867	trichogramma	ट्रायकोग्रामा	ट्रायकोग्रामा	d7b2cd588564416dbff5cde5766263b5
30d5607635494a45a4fb7242191e6fad	trenching	चर खोदणे	खड्डा	374173923afb44018c5116013d0b19e5
cc014d56a2a1463ca1d621551b176031	tomato whitefly	टोमॅटोची पांढरी माशी	टमाटांहां उजली माखी	71d8b6eb9c524ce6b7b4237a1a355780
4d95c799514d49e59898d4ed2c85da78	traps	सापळे	सापळा	f9f487975b7b4f4e9135feb08be9c8b2
11b9d9ad98b1474b9bc7ff31ca5ec444	trichoderma	ट्रायकोडर्मा	ट्रायकोडर्मा	d73377512b3b4c2fbb06772e623ee141
60a3fca4d19c4054a986f14401785216	trenches	चर	खाड	6a6528aef8154272b6ff9b137036170d
bd4cdfc1b1274df9999c24bdc4b9e476	soil productivity	मृदा उत्पादकता	जमिनी उत्पादकता	21d1662d21534626835a6e0ab279af3d
8dd601eb3a0c483e928dc805a1b6264f	unproductive land	बंजर जमीन	उत्पादक जमीन	e0ebde9a858842e5b687426e67a46b01
eff5971076844726a16e2b7022daf512	turmeric	हळद	ऐअदो	1042d3fe844f4c16a30ae1d7fa2a6206
8f1ede666894432da1a5e0044d60f6dc	vermicompost pit	गांडूळखत खड्डा	गांडुळ खत खाडो	17d6e106f0b64d88be9fd931681550f4
d68579886bfc46258ab33969d739b1a9	livestock vaccination	पशुधन लसीकरण	जनावराहांल लस टोचनु	15fbda1e79ea4c49aaad770be922e0fa
3f6cdc36074743da9d997238b158ad30	livestock productivity	पशुधन उत्पादकता	जनावराहा उत्पन्न	4a083e3e7248430e96036462fb914c4b
a66a8659b1f641a694a985f1fab1005d	horticultural practices	hortikultural पद्धती (बागायती पद्धती)	फळबाग पद्धती	59bee11f449d4f7e8304786711896622
6558d3a6d4aa437b9e9f6dcc1989dc95	maturity indicators	परिपक्वतेची लक्षणे	पाकी जाणारा चिन्हे	83ef92fe240749ea802b25bcb5018d81
d7aa5b93d7224996b9e1821d66f5dbd5	horse gram	कुलथी	मुग	605b0c52515146cf8b4194c73b145053
df39b19c8cbc46e9b570d7368c63c97a	fodder conservation	चाऱ्याचे संवर्धन	चारा संवर्धन	94d31f3df08f49b68b2c40072c56f220
9228b219a1784543ac20be0ef69d789b	foliar application	पानांवर फवारणी	पानावेने देवनु	88927414620c48ba8d4fa1f36103604d
3ff5871fba7e449eaa83d98232363abf	foliar disease	पर्णरोग	पानाहा रोग	3caa6a2f08344136988f4f79d28ca31d
7667dd4bd2b2460889f4622174c75799	foliar fertilizer	पानांवरील खत	पानाहांव देवनूं खत	7c7896b337f44e708eff7db501f92bf9
2af465ae7f044d7390bf725bb0b90a74	seed disinfection	बियाणे निर्जंतुकीकरण	बियारा निर्जंतुकीकरण	ef9f53397a6e4afa8dde060250931037
3436fdf7e14e4217b40577776d2a700d	fogger	धुके निर्माण करणारे यंत्र	फोगर	99bb83324c7b42fb928a7788d71090ef
aae221b9b5454608b3fd87514467c997	foliar nutrient spray	विद्रव्य खत फवारणी	पानावेने अन्नद्रव्य फवारणी	739ebbbdb0f74f72aee8d9715de3a746
ffb63ea7d2c34b25815942ce50af73c1	flood irrigation	पूर सिंचन	पाटाम पाई देवनू	5ca09c2285694d79a9724e0880d2946a
00498d8a22b5472894481adb77e3beda	foliar burn	पाने करपणे	पाने पोळनूं	39e41aa399194d9e8431025c8e6260db
b9257a13cd1045f5b334807574f3c8d5	fish harvesting	मासेमारी	मासे काडनूं	d4f123054cbf46439ca0379f5a7f39f7
bdac550971324ee5af4099937f6e5824	seed grading	बियाणे प्रतवारी	बियारा प्रतवारी	c83c4d5868bd4b26ae41f46c92d378df
1f5f87d5fb434eb1aa52c99a892dcbbc	flood irrigation	मोकाट सिंचन	पाटाम पाई देवनू	2b7afc53296a4a05ab15a3741861e955
86abbdaf4d73430585875cbb6f567605	green waste	जैविक कचरा किंवा हरित कचरा	निलो कचरो	2379b5825fe145d18024310511a4c585
0dcad5f150d94f84a38c39575de9b5e3	granule applicator	दाणेदार खत फवारणी यंत्र	दाणेदार दावो देवनु यंत्र	e1001812dcf8455bbe24f9deba040e84
2fd559536bc64cc08fd52d6a32699f82	ginger shoot borer	आल्यावरील शेंडे पोखरणारी अळी	आले कांद खाणारी ओली	cd7f0f1c4b3644fd841f26229182624b
3740b11b01254a5987b00375d7c26d40	grain storage	धान्य साठवण	धान्य साठवण	ccd3619e6d624f1ca24f21c8f0697fc0
87414098a7e1482691a6a66f29b43ebd	green manuring crop	हिरवळीचे खत पिके	निलो खत पिक	6b1202d7a3144382b602be272259c6c0
2766c7d98d9a4f5394a9efd4207ef41c	green manure crop	हिरवळीची खतपिके	निलो खत पिक	e165fb65a0b64b1eab823459102bda8a
64b3a0bc88614d9b90f24b3a206bd269	groundwater salinity	भूजलातील क्षारता	जमिनीमेने पाण्या क्षारता	36e88d45d81b4175b0f520d2478fea63
591780685d594b1b9b0ba3a2e6c753a3	green manure	हिवरळीची खत	निलो खत	b2cea6b55af04533b5c8a9b9392086de
5ae1a656fbf54db3a9d4d8e2e20469ca	green semi looper	हिरवी ऊंटअळी	ग्रीन सेमी लूपर	6f4f6319a4fa4f68b23355c62235e757
460dc76f2c864f31a57b3e8652489b87	groundnut cake	शेंगदाणा खत	हेंग्या पिठो	02b15a6251f04d8f9d03f70cff6d2a48
10cdac3231da428dbe9d12101f59e64b	granular fertilizer	दाणेदार खत	दाणेदार खत	5cd19306dc9542628b1f89d3475140d9
ebc2989d00a94eae85be1f4a7c5dadc4	granary pest	धान्य गोदामातील कीटक	धान्या कोअडो किडो	b49a3470bb794a73b7132f7785be20da
7bc0214a65694a60bd53b595e6d89ba8	green manure crop	हिरवळीचे खत पीक	निलो खत पिक	87465f9753324619b26d461639f16e82
15c902fae4eb427c8fd3806f46abc032	green manure incorporation	हिरवळीच्या खतांचा समावेश	निलो खत कंपनी	a17823860c144742ae2ae1bc3e4a7072
5c0ca7708dda406f8d90a5dda565e817	greywater recycling	घरघुती सांडपाण्याचा पुनर्वापर	वापरलो पाणी पुनर्वापर	cd0db5508b6c475eb7a81165f0da034e
debb7465b4b845848e538d43e738d83c	grapevine leafroll virus	द्राक्षाच्या वेलावरील पाने गुंडाळणारा विषाणुजन्य रोग	द्राक्षवेली पाने गुंडाळणारी विषाणू	5f87c7fb99984042812d3e6a4d34777c
816ef28b8cb64c228f3041fd50f3a522	grazing land	चराईची जमीन	चारो जागो	8cf1502f0ce944d9a4c6d08570566837
7548451332da4f27974a38a310c0087d	green revolution	हरित क्रांती	हरित क्रांती	3220914b6c7a4865b20185d1ec5518bb
3ac413a26d0d48fea858badceb2dccf6	giant swamp taro	जांभूळ-कंद	मोडा डोगरा	197e505e1c0b4bf0b803c8d31dcc5aa9
ed485a9ec5e84317a1a6021b8ae8383a	guard crop	संरक्षक पीक	गार्ड पीक	1baea00409ec425682ad1c9f94a26478
114e54e542734204b9d5f6099de0f2b6	good agricultural practices (gap)	चांगल्या शेती पद्धती	हारो खेती पद्धती	1a4852bc6a564219b0538390d36ad690
22185eb4bcc64e40b74914a6831c35d4	groundnut oil	शेंगदाणा तेल	हेंग्या तेल	4937dc0206444568a7f305356b7d9c68
eebcd051c78841a2ac523920d7477cde	green manure application	हिरवळींच्या खतांचा वापर	निलो खत वापर	1d472dd63e554eb59517e54332ba9f0d
73fb13c5e536457d86e77f86b5191878	grazing management	चारा व्यवस्थापन	चारो व्यवस्थापन	d85ac1fc21b14dafa3dfdd9e4f4c1c72
022ba604bb5e4af9a26f3c2909d25156	granular fertilizer applicator	दाणेदार खत टाकणारे यंत्र	दाणेदार खत देवनू यंत्र	e5fced660dbc4bee92c63ba5911b4260
e9ed4682e7b940e7b1afbf23abbee5a2	germination energy test	उगवणक्षमता चाचणी	उगवण शक्ती चाचणी	0ed619fcc1254a729cf97147e6db7de2
0d9376bdb4ed47f9988502d193a46876	germination rate	उगवण दर	उगवण दर	9ab0596de7d04d1f8894646ad84cbd72
e8013fb72422400d8a0ada0690fb3084	grain moisture	धान्यातील ओलावा	धान्यामेने ओलावो	97c3de1f0bb844929a1100d3c17a75ef
10ca568c56f54d63b7b09c0efc16834f	grain quality	धान्य गुणवत्ता	धान्या गुणवत्ता	86ab142d318144a384f836bde1ba9b0a
d1f9ff0c912a48459820bb2ec607176c	herbivorous insect	शाकाहारी कीटक	शाकाहारी किडे	4f8a23c0a7c74bdca8187668e8526a49
ac4144c8b4ef4fd988b35f9e47a09b44	livestock waste	पशुधन कचरा	जनावराहा साडो	b2e3242f7d1548259e8f64295d095f4a
7393af8d84e94f60b0ba1998c9d31b99	long duration varieties	दीर्घ कालावधीचे वाण	लांब कालावधी वाण	d797d282023a4eb0b27f7ffb27508054
0228146e793b43a1a84eb3185175717f	livestock housing	पशुधन निवारा	जनावरांहां पोंगो	f02c8cf5bb6d4575a12bec26e015af88
b909030109d94641b60093004aa9cb65	mealybug, scale insect	खजूर पामवरील खवले कीटक	पिठ्या किडी, खवले किडे	01a9d49318bc43e5a90e866e23e8753c
ad3202b627ff45dd95eeef8a09390b92	lodging resistance	लोळण प्रतिरोध	आडनारो विरोध	a59598df79cf4f9a8ee8e221c09507bd
1cb109dc82644fa1a6f459a782cbd530	marine aquaculture	सागरी जलचर	समुद्री मत्स्यपालन	bc3e3e21134144fe9b9de842fddb574a
9cf4f3b2cfd744ee92f2f29d6ae20aa2	heritage varieties	वारसा वाण	वारसा जाती	54130de5a6a54cd59d81589b5f02a427
7ec77c16ddfa4916b28d60bae68e8852	mango malformation	आंबा विकृती	आंबा विकृती	34fef8914c424470b227e038cbf36b80
cb3e2327de7c452a9c92ee8d94623297	low-input farming	संसाधनाचा कमीत कमी वापर करून शेती करणे	कमी निविष्ठा खेती	fe342750aa9e4bb68b8d1311d1b7637c
025f56bebe904f8a8531da8bcb2de452	male sterility	नर वंध्यत्व	नर वंध्यत्व	18dd21d728dd4dca9954a4d6d5797055
657756cbedb949b1affc496dfe9125b8	livestock integration	पशुधन व शेती एकत्रिकरण	जनावराहां एकत्रीकरण	424f42306e994464a3908d7d2411481d
962c2b0e0afc4aa3b2ccdddae0b50f74	maturity index	परिपक्वता निर्देशांक	पाकावस्था निर्देशांक	28dc17a63c0845cd969bab4207a4c2f1
f6451bddba6147efb202aeb749808c98	hill planting	टेकडी लागवड	डोगराहाव लागवड	347705aa151745bfb17df021e6bdfbc5
7bd64c34380f4af6a2820b12475a98c9	mango fruit fly	आंबा फळ माशी	आंबा फळ माखी	ba2b890e37c94f5185fe9e07bbaa2c35
97faa0120f8442d89c58bf6ecfde56cf	lodging resistance	पडण्यास प्रतिकारक्षम	आडनारो विरोध	b1682b6a8b6b44a5918e5bb48735c97a
0a941677fb2b48688fdb5801de02c4b3	logistics	वाहतूक आणि साठवण	माला वेचनु	c6854041918246d2bb39d4ae21f62b67
7d71f8db717f43b4b1d7fc3983e76422	high-value horticulture crops	उच्च मूल्य असलेली फळफुल पिके	वाद मोला फळबाग पिके	4e071980fb8446069b43f200e9548736
6bc5b7a5db6541929180c5d2997725da	marine resources	सागरी संसाधने	समुद्री साधन	92a60b1eb55544069c45f15589123272
4a22b31d7d8643669eab939415889861	low tunnel	लहान बोगदा	लो टनल	587279038b1e44508a2b29ebcd8f5962
b0533119edfc431fb8170f4eaf12aad4	high-yield crops	उच्च उत्पादनक्षक पिके	वाद उत्पन्न देणारी पिके	b2ec34d85d36432da27589c130980e3f
6ce590c60f224e26b03851c5a28b7423	livestock monitoring	पशुधन निरीक्षण	जनावराहा निरीक्षण	a49f9f1f384e42438ba02f7e9ba050b3
bf9d97d9acae49e493070126cbb37457	livestock nutrition	पशुधन पोषण	जनावराहां खुराक	bd0dfd71db104f1388fe78657fe6ca07
146f2de1e95d4f1eada481555e09015f	livestock housing systems	पशुधन निवारा प्रणाली	जनावरांहा पोंगा व्यवस्था	c91e9ae755c34a27ba80ef4584eda773
db7a04f17d60435c812c25e2732fb3ef	lodging	लोळणे	पोगो	e9a81d46b8ac42dfbb513d3af1e05a1d
eea8bb97a73449148cd70c1c79bb9371	manure pit	खत खड्डा	सांआं खाडो	c3f1a63a915e4ce09563b14604bef5da
5a0d0cd869ab4d5e8f307af3d3e09987	livestock nutrition management	पशुधन पोषण व्यवस्थापन	जनावराहा पोषण व्यवस्थापन	e23df2ee326e48c0b79f29cb50df952c
cbb018a0e6cc4426bbef3b373d08f3b9	lychee bark borer	लीची साल खाणारी अळी	लीची साल खाणारी ओली	1f3eac3ccbb44ec1a9485169207bf507
6a5fa84e1d374422add4e9214a831377	marketing channels	विपणन माध्यमे	विपणन मार्ग	8b984a2ef42b407f8b2c811e8e54deed
408ab4f1a34b4c08ae4a1805757f08a2	livestock manure	पशुधन खत	जनावराहा खत	fcc0bf0509db461aad207fbb2bafb217
a46bbd13c8b142aa960d0d7841dbeac2	high-density planting	उच्च घनतेची लागवड	जास्ती घनता लागवड	8ceb78bd83504aed97c483f418d6f7e1
62f5e6e7b20644c9a363fa2aaf2d5011	soil salinity	मातीची क्षारता	कादु खारो	fbc3fab73d614ffaa36142475198187f
6f58e42bc4af40328a2713b7db20dfcf	soil testing kit	माती परीक्षण किट	माती तपासणी किट	6a206baf737a4c948d0598f95892643e
8dba868ca2494068adcd0c1501c4716c	vegetative propagation	कायिक प्रजनन	फांद्याकी रोप तयार केनू	08f52427625c43d4954872c1f47cb8da
02924529fa714625bdccf8a53cd4fe8a	soil test	मृद चाचणी	कादू तपासणी	37dc56c60f9e4bf5aa70ffdc33e1cce0
f1c1748e240f4f59a2e904266c8b5513	vegetative bud	कायिक कळी	कोवलो	54086f13d16a4becb0ec8d57c194acdc
07842e5d66a84842a8e4c20542bb938a	soil sodicity	मृदा सोडियमता	मृदा क्षारता	081e86e6944b439f8f8083490cc29a7a
4636ed0d3aff4337a3cc98ccccdb7ef2	soil remediation	मृदा सुधार	मृदा सुधार	74678d7bc3ec492c8834c2518c19b55e
84b6957222e443ca9b45aea5b4e7e207	urea	युरिया	युरिया	dec7664bb5e04ffb84fb507b43a2f061
3fd804f8ab9444839a6dc9e7fbe4dfea	soil temperature	मृद तापमान	कादवा तापमान	76caebc7e5004fa7863d8ab5a5b75a58
4c5bc60be06f4d4c815f9c539d87c03c	soil testing lab	माती परीक्षण प्रयोगशाळा	मृदा परीक्षण प्रयोगशाळा	8feffbcbe4e6464286e737132bfad585
474c695c830941a38c39537c1cbd7c55	soil testing equipment	मृद चाचणी उपकरणे	माती तपासणी उपकरण	5170303fda8c417ea7c682c8b8dfe52d
f550cd5f77954e7cae4b509f82f30b35	soil sterilization	माती निर्जंतुकीकरण	मृदा निर्जंतुकीकरण	74e4b722535444c38ed9ae5eb9acc0a2
6343600e3a1b4d608bb4c984a8792510	soil testing kits	मृदा चाचणी किट	माती तपासणी किट	8a0450b0e59047dd80d730819e6bda93
e79e88a8dd434cf38caaa69ef80e7164	soil salinization	मृदा क्षारता	मृदा क्षारता	ca7f9f17b9e04a838d2dea5b889c17d6
210c98af4a614f31b65421565cd72e3a	up-rooting	मुळे उपटणे	उचलीने उपटूनूं	c038349f3c73411ab81962e7f3e2e1f0
c57eef03d64c4cb5a17b1ad5b3747f61	soil reclamation	मृदा पुनःप्राप्ती	मृदा सुधार	66c2b3d9c59d49da87f2192656a319a6
6994256b433e468aa9227fcaf1a6e8ae	soil salinity	मातीतील क्षारता	कादु खारो	1cca0bad9c984a05bd45ee46ff4be5ce
313b0f4451614eab93e0aea26859a1ab	vermicompost tea	गांडूळ खत अर्क	गांडुळ खत चहा	afb528ddf6d2486b89b2b17cef3efb25
b43e569eb4b04a7988ea7875ea4aba13	soil structure	मृदा रचना	मृदा संरचना	1cbcdd53fe6f4b54b313f6c207d7f332
17a972449a87474a85b602c1d41a10b3	soil salinization	मृदा क्षारीकरण	मृदा क्षारता	e1f936ba0b314fb09a5b9e2f1cd11ddd
edbb7db9b9ee4c68a00095275eecac48	vegetable processing	भाजीपाला प्रक्रिया	भाजीपालो प्रक्रिया	4a6d8a968e654655b54bb7671536aa19
fcdde3c3f8b640248267a656afd142c6	soil sampling	मृद नमुना घेणे	कादू नमुना	fadc03f9f31b41288b7e79011c3f4d30
910c4307a8c94b99946d04fffca5a5b1	urea briquettes	युरिया गोळ्या	युरिया ब्रिकेट्स	b8c0336af1c64ec4a26c39c874c1148f
37dcfe494747495ca2e1c6f86ab21c92	vermi composting pit	गांडूळ खत खड्डा	गांडूळ खत खड्डा	c31b333091f04d97be2dc9068474ca02
1fb4d4862c7d4e908f6d8e79695eef8f	soil test based dosing	माती परीक्षणावर आधारित मात्रा	माती परीक्षण आधारित मात्रा	a008eb063c8b4a1581c8e0d492877fcd
906532acfc174ab89b19b10e2b1c8e6d	vermicompost	गांडूळखत	हेवाया खत	70b6c4f0a2d2444c90d7cf5bd8bbadd8
731ce63f60144d5aaad053b091fa908f	vegetative growth stage	वनस्पती वाढीची अवस्था	वादनू अवस्था	dc7bdf244ecd40d1a309801bc39f097e
55099de7678c4c459d648c080935f82f	soil reclamation	मृदा पुनरुत्थान	मृदा सुधार	79472c984a754edb849f0b45a3f64cd8
3700a924165f4dcab4a257939d1fac07	urea super granule	युरिया सुपर खत	युरिया सुपर ग्रॅन्युल	e2d035352b344cacacaef29cbf85c061
9d5747d508a44606ada68434c812f285	urea super granule	दाणेदार युरिया सुपर खत	युरिया सुपर ग्रॅन्युल	87b09c49f6214511947ea3659053c16b
8bfec1440da24f9eb3f06af15bc241ad	vermicompost unit	गांडूळखत युनिट	गांडुळ खत यंत्र	8a7d059e2b7a4d4d8787b4b8c4169862
bea167492cd04fcb8179d2e4a6c9fe7e	upland crop	कोरडवाहू पीक	उचल्या भागामेने पिक	cd267df242aa4a89a64f0b029f340a98
b06f612ce5bc4f01801d863720402eb3	soil testing	माती परीक्षण	कादू तपासणी	6cb30a6c98194e2e870686907ee6fe43
650f19ae01fa44c9b328fc677dba9760	vermiculture	गांडूळ खत निर्मिती	गांडूळ खत	4571da39367b4fc0b3b6bc9cd5d70d66
4e3231666d354b1990a587061d6477ab	vermin damage	उंदीर व कीटक नुकसान	वर्मिन नुकसान	68fe82c1748f4b82b9da4de02c7a32e5
5e3069f255754b2db0d27352c22c6fb9	vapour loss	बाष्पीभवन	वाफ नुकसान	8a43f15fe4774c30b8d8c6ae75265581
bfc543861ebb489ebcc33ae89656effa	soil salinity management	मातीतील क्षार व्यवस्थापन	मृदा क्षारता व्यवस्थापन	94224dde27504dce9602f366dd847cfb
bc4b9ace488b4a4fb8894d64bb025c6d	seed bank preservation	बीयाणे बँक संरक्षण	बियारा साठवणूक	b7c3ffc865724f7ba07f956b3e118af2
3519750b2ef74edebb131f0d7868a9e4	pulse milling	डाळ गिरण प्रक्रिया	डाळ पोडीन	6649b7c9d6bf4f54ba542a3940e737b2
1017e4fbc58a42dda08a182c5b1e0cf0	flower drop	फूल गळणे	फुले पोडतेहे	e463aec22598433cbcde1794bb8ddc3e
45b370fe7bd8435387b8a71ab895e8a0	flushing (in mango)	मोहोर फूटणे (आंबा)	आंबो	dfa2d11d16044b10997fcad3396474ca
8258ae8726914e9399bdf3a99db0e8f8	seasonal crop	हंगामी पीक	हंगामी पीक	fa6fabcf45c94164b31046603c65d75d
a41501c5c38b48bab3d97c32d6528450	foliar feeding	फवारणीद्वारे खत देणे	पानांमने अन्न देयना	713b46ab25f140ceb711353c54091e82
d3296a135c5f48639f0cc904029d1812	pest lifecycle modeling	कीटक जीवनचक्र अनुकरण	किडींही जीवनक्रम मॉडेलिंग	f1997d8dad7a4426879648858f4781c3
45f77fc74b2d43f696b085ec5e5a8424	nematode control	सूत्रकृमी नियंत्रण	वाळुमेने जंतू नियंत्रण	99ced12cea3c46c3955b8e7e3e459f2e
4061aaa7ad944f1aa5c15dd778141646	pest damage threshold	कीटकांच्या नुकसानीची पातळी	किडी नुकसान मर्यादा	071ce4ddecd74739ab7e848f0478c9f5
ef731d4f0d7e4876ac2c1f2859284fed	night temperature impact on yield	रात्रीच्या तापमानाचा उत्पादनावरील परिणाम	उत्पन्नाव रात्रीच्या तापमानाचा परिणाम	2096b8afc26444a080d3db81a9ff0f24
9db864078854431e87eee906d4020cab	nano-technology in farming	शेतीतील नॅनोतंत्रज्ञान	खेतीम नॅनो तंत्रज्ञान	bdb373bf678344c5b5eed914aa3c9538
13c1cc3186fd487292f63740110e525a	muskmelon fruit fly	खरबूजावरील फळमाशी	खरबूजा फळमाशी	54e05cbbd6a04985a34a05e7c1f8d90d
cee710eed7e448bd825918704400fd14	nitrogen uptake	नत्र ग्रहण	नत्र ग्रहण	c16f6a904460439487c978eae2cff8a0
1be01d913ac94f0d85a774bc302a56af	natural resource management	नैसर्गिक संसाधन व्यवस्थापन	नैसर्गिक साधन व्यवस्थापन	fd1925b5e84449739228f2efbc41ee6a
0f915625b0b847aba49dca64d148fce3	nematicide	सूत्रकृमीनाशक	कृमीनाशक	c2fc65e4c5714e68a9da960eaf0c2e95
941895f87ee74a28aa7f85bfc59a5ad9	nematode damage	सुत्रकृमीमुळे नुकसान	वाळु	11201c04d1dc4341a3e6be0c9e82b57b
b44bb1a3b2e243418d15ac5d37383bbb	non-edible oilseed cultivation	अखाद्य तेलबिया लागवड	बिगर खावनु तेलबिया खेती	6a1057d4f9a54a5e850af33a8acd6adf
ca9f296b6d004f8a9c85723a161f5883	perlite	पर्लाइट (मृदा सुधारक)	पर्लाइट	0e49cf574dda4298867d8f5c77411cff
32a72d458fc04b7491f13d446c9c9047	night soil	सोनखत	रात का कादू	15cac8ad3f6c44b7a1742e564b5aaa13
c8e8abe2312b4cfa8f9414d309f293fe	nipping tool	टोक कापण्याचे साधन	निपिंग टूल	61d0d7280df5489d81de1745ea62fdba
bf476002b667443da7e1554ffdfb9e40	night temperature	रात्रीचे तापमान	राती वेलने तापमान	3b7e154ecbc44ba39ebf42403ab15956
04ec73b550fd4ebfbdd358bba8bc6cd0	nematode infestation	सूत्रकृमी संसर्ग	वाळु	05532c4dc3d5471795bea35a5a1b39ec
44f297a66d1141de9b595e4f524602b4	night temperature effect	रात्रीचे तापमान परिणाम	रात्री तापमान परिणाम	b434b7ec1b46453b9e66b405ad71732c
32c036abb31e448cbf125b82946d1e79	no-till farming	शून्य मशागत शेती	बिना खेडा खेती	8dc8b897aa364d9f82648b1c37d405ff
147f49039e224466b22dd412364f4c08	pest resistance	कीड प्रतिकारशक्ती	किड प्रतिकार	ebc63643213d454e818bb40d02543fd1
87a924e8d49944178720da5b5111fdfb	non-edible oilseed	न खाण्यायोग्य तेलबिया	बिगर खावनु तेलबी	9501f545433441cf8d73291eae98395e
3d40c5577611484591e86e5cae24d921	night irrigation	रात्रीचे सिंचन	रातीने पाई	5feb2c0997994ccc93556159063da59a
007ca17f42b94c40ae3b1ac20a4d88cf	misting system	मिस्टीग फवारणी प्रणाली	फवारणी प्रणाली	0a16c129ecc04da7a30dc9ece59b1cbf
8e2024bea7b04cb1935f8750f7731bfa	pheromone	फेरोमोन	गंध	be3f0f314c3046b493b7627d5ee034d9
f5bd0a78ee9446ee97e9ccd7b78e30b7	non-edible oil crop	अखाद्य तेलबियापीक	बिगर खावनु तेल पीक	c10c1cd7705a441bb6463e4133acdff7
99289f0ae79a4c75a7300261b5fd9262	nematode management	सूत्रकृमी व्यवस्थापन	वाळु	aedf94265d2d40a18c0c832bdd85eb74
65bda98b0b8c4870906ee4539becdf24	nutmeg shoot blight	जायफळावरील करपा	जायफळांहा कांद मर रोग	3223922ee73e44098d5048cc94386d78
eef5fbde79074719817fa9ea834a3b06	organic loading	सेंद्रिय घटक वाढविणे	सेंद्रिय खत टाकनूं	0016464c92aa41a2a6cb7035e7b2189d
051557a683f0425598e2ca3afeccc622	organic farming certification	सेंद्रिय शेती प्रमाणीकरण	सेंद्रिय खेती प्रमाणपत्र	e476f09bc85441f38d40f152e138d39e
46f8d57555df468a9bfbc4f99c03c734	nurse crop	साहाय्यक पीक	नर्स पीक	3ade39d1de6d49d8b99e488f6df827d0
993ddd856bbe4be79c32ca3648d4ea5d	organic livestock farming	सेंद्रिय पशुधन शेती	सेंद्रिय पशुपालन	1b6aa7ae05304ccebdac46f033f5fb72
b52b61408f5b4ad0b835eb32e1f81d40	organic weed control	सेंद्रिय तण नियंत्रण	सेंद्रिय खोड नियंत्रण	7474c8a092e8412d8fa5d0cc887c883a
c9e1f965e9e84cad830f94e4abdc2315	organic composting	जैविक खत निर्मिती	सेंद्रिय कंपोस्टिंग	687d4c3b07e04b8ea0540745c462fea8
4f76d2f28844422bac101a0803be6872	organic pest control	सेंद्रिय कीड नियंत्रण	सेंद्रिय किड नियंत्रण	c0f32a7daaaa44dbbb13206fdabbb326
4f04af9fba8240d8b9aec178f4ff098c	organic carbon loss	सेंद्रिय कार्बन नुकसान	सेंद्रिय कार्बन नुकसान	8b18def6de3845a8873a9e74a6e255a0
7d9afa36f21b476789d79c2f375f08aa	organic labeling	सेंद्रिय लेबलिंग	सेंद्रिय लेबलिंग	39850e4dad0e4b02a3e1ce8d76629a45
14778f0f927444a48d8660de83ae10f9	non-selective herbicide	निवडक नसलेले तणनाशक	बिगर निवडक तणनाशक	2fdbf86f98a842e7aca77805d7af6c95
76f23e71d22545a6987732837ccff2d2	oil palm	तेल पाम/ ताड	पाम तेल	08c9d6aeb9c04eb2a73c209dbff7e395
9fb01a90ef7f4b8099ae5a448c84ca13	nutrient toxicity	अन्नद्रव्य विषारीपणा	खूब पोषक तत्व	ed811d2f8ee7463bbecf5d080f43237a
14a8bc3ca16c483186ab9edbc4648f3d	nutmeg leaf blight	जायफळ पान करपा	जायफळा पानांवेने करपा रोग	7831ca363544469fa328fd3f1c56ea55
31c66034ae614fefa0593825ba835bd5	organic seed production	सेंद्रिय बियाणे निर्मिती	सेंद्रिय बियारो उत्पादन	5cddb24b90394358b3651e7891c34f65
d1e780714e3040598c978a9852319aa1	organic waste management	सेंद्रिय कचरा व्यवस्थापन	सेंद्रिय कचरा व्यवस्थापन	9cb02aa5a42b4538867aaeeec589db6b
0568a5ee0e8f4182961f57a38ced04fd	nutrient depletion	पोषक तत्वांचा ऱ्हास	पोषक तत्वांचा ऱ्हास	6a2c77fa44c44aa282715ef6a7f75133
fab7672729b34951bd75369d3620d60f	off-season cultivation	हंगामाबाहेरील शेती	बिगर हंगामी लागवड	6a10274bfcb043619f4f2142aac908ee
e0a83de4c340420eaa92c5f7f146c395	npop	राष्ट्रीय सेंद्रिय उत्पादन कार्यक्रम	एन.पी.ओ.पी.	f9ecf66df7f2413989eabcc302dfb9df
9706de0e30ed49aaa98135d85ff6ef16	nutrient uptake dynamics	पोषण तत्वांची शोषण गती	पोषक तत्वाहा ग्रहण गतिशीलता	b387d74882da4f1e8c4756b2493b32d8
e8ffb4a0aeb647ca80bef5d1ed5688f8	nutrient use efficiency	अन्नद्रव्य कार्यक्षमतेचा वापर	पोषक द्रव्यांहा वापर कार्यक्षमता	49e125e9dd7e416597f78c501e83b5b0
a59037a9c5fa47c3974261a3562eb08c	on-farm trials	शेतजमिनीवरील चाचण्या	खेतामने चाचणी	f3e3f4c0904c440ea655ccd7bed139e3
9df4d319938f4b38b8776e9d4ac93d60	organic	सेंद्रिय	सेंद्रिय	305222b97ee2487d871907c280e21c81
bef0a41eb2ff4d14990ec2388cfc4596	organic crop protection	सेंद्रिय पीक संरक्षण	सेंद्रिय पिक संरक्षण	89785ad4b7d34599ad21653108d672bb
4654f9c0576b40fc92d0719dcf403eaf	organic pest management	सेंद्रिय कीड व्यवस्थापन	सेंद्रिय किड व्यवस्थापन	3285a92b2002429eb48d576e4966c44b
bfbe59dd91b04064834da139bd7c4be7	nutrient deficiency chart	पोषण कमतरता तक्ता	पोषक तत्वाहा कमतरता तक्ता	59138d8416b94129b41f7214c63ff8f6
fee34aa38b6a467185afbea482ea901e	organic market linkage	सेंद्रिय बाजारपेठेतील दुवा	सेंद्रिय बाजारपेठो	cac6d55f679b4ce0b59af0d81f3e1461
9c207fca4a094deeb97fd724a0c16258	organic crop production	सेंद्रिय पीक उत्पादन	सेंद्रिय पिक उत्पादन	b6231cac9804496fb87ce26851e17345
1a9b8dd61ffd4a9fa05affef91bca096	nutrient recycling	पोषक घटकांचे पुनर्वापर	पोषक तत्वाहा पुनर्चक्रण	e33102bb837543ffa18f6606869abefd
2a4b45201321440a930c942898b85dd1	organic seed treatment	सेंद्रिय बियाणे प्रक्रिया	सेंद्रिय बीज प्रक्रिया	4cdf8dc1cc6043e99bb1eef295576e3c
c41859673c1e474f8f47ade333e92a56	nutrient mobility	अन्नद्रव्याची गतिशीलता	पोषक तत्वांची गतिशीलता	489ca0aaf4514eb6985d08a0d9452dbc
ab63085f36f547888d86975ca1760ea7	organic pesticide	सेंद्रिय कीटकनाशक	सेंद्रिय कीडनाशक	25015081b2be40ee844098058593c986
043567a296ab45a3ad900cef800daaa2	nutrient lock-up	अन्नद्रव्य बंदिस्त होणे	पोषक तत्वा बंदोबस्त	c3e37e43e2d1441f88b64f4e7a2e069d
6a6e5373b33649a2885c9916c166ad42	okra varietal trial	भेंडी वाणाची चाचणी	पेंडों जाती चाचणी	5f5e33390d114d3a83d6a4d1da93dcaa
c2d80d9c8cda4b21af4ada1c18bdc442	nutrient deficiency symptoms	पोषक तत्वांच्या कमतरतेची लक्षणे	पोषक तत्वाहा कमतरता लक्षणे	ed6e83e4e64d418598acc3fa84bdb412
21005a0a269a4d46bef1d58811386ec3	oil content	तेल प्रमाण	तेला प्रमाण	698c88ebc5d549619d820b0b3b1dfa19
2c23d2e02ae04036a552b16f23930a3e	nutrient mobility	अन्नद्रव्य हालचाल	पोषक तत्वांची गतिशीलता	e24d66a7ca6b415a9508aa2814c6e86c
3ee1a694a07d4a2eaddfec4b97316a09	nucleus seed	मूलभूत बियाणे	न्युक्लिअस बियारो	e23f69ac61c44c16a3e73975dadef90a
219a7972a9424e78b8588cd8f32e480b	nutritional security	पोषण सुरक्षा	पोषण सुरक्षा	617624cf37e7403591a808e794a2e5ad
fa23d670d34e4bef901c390e52dfec2c	organic produce	सेंद्रिय उत्पादन	सेंद्रिय उत्पादन	1420f39ec8aa42b3be21df991758ae25
28725521cef646e49dfb463b4d5ff69e	organic seeds	सेंद्रिय बियाणे	सेंद्रिय बियारो	a44c8b3a2f9d40038e3a9e7c297deb90
549dd2432c644aed8b620825167cfa3c	on-farm seed production	शेतातील बियाणे उत्पादन	खेताम बियारो उत्पादन	3282659e01db4342b57e47dfd3aca1a5
5e4bb89b21014c6eb6646c3332535fec	organic farming techniques	सेंद्रिय शेती तंत्र	सेंद्रिय खेती तंत्र	b3490d93a2f34ac08e0f386a138d6015
ab89a1526e3d447ab964501c9abeac1d	organic matter addition	सेंद्रिय पदार्थांची भर	सेंद्रिय पदार्थ टाकनू	862633deb1b045629e7565ae96db7b6f
2fa5811e23094285b9678d94594cb3fb	organic seed certification	सेंद्रिय बियाणे प्रमाणीकरण	सेंद्रिय बियारो प्रमाणीकरण	6ad407363f694334a783a7c8ced9b5a0
2ea11d34ac8e46b488bf9b1da61ad391	organic foliar spray	सेंद्रिय पानांवरील फवारणी	सेंद्रिय पानाव फवारणी	af098d7c465e48ff966edbd34e340c96
e5fa4baef8484164a71126472724d014	organic certification agency	सेंद्रिय प्रमाणीकरण यंत्रणा	सेंद्रिय प्रमाणीकरण संस्था	cddc668dc9e2480eab617ac640c70f44
a94aa659588347418aba71aeaeb94605	organic weed management	सेंद्रिय तण व्यवस्थापन	सेंद्रिय खोड व्यवस्थापन	fe9493f150db4f09a21eacd0722664d6
7fc319a545f1404186eb63e5de54101e	off-type plant	भिन्न प्रकारची वनस्पती	ऑफ प्रकारा वनस्पती	cd1306134d7946faac91bf9223cdc77e
2f830060efde4cfc9167c4c2ab0fd47d	organic matter breakdown	सेंद्रिय पदार्थांचे विघटन	सेंद्रिय पदार्थ विघटन	8344a0f949c14cb68c2a2e0079b11975
4afae8b93f0f4e11aafc6efac5392987	open pollinated seeds	मुक्त परागीकरण झालेले बियाणे	खुला बियारो	0b09bb3e5f4d4bb1a3bdeb3e9defc0c4
4cf69091581d4bf7acf299581581abf9	organic carbon	सेंद्रिय कार्बन	सेंद्रिय कार्बन	d81fba10282c43ffb4d7ab38aa51ad25
de8e274c8555424489a1ae2b76e2dca0	nutrient immobilization	पोषणतत्त्व स्थिरीकरण	पोषक द्रव्यांहा स्थिरीकरण	dd6645f674df40d6bb66202545f2bc59
8d110b3afccc413a8107d79d882d1d7d	organic soil amendments	सेंद्रिय मृदा सुधारक	सेंद्रिय कादू हुदरावनू	72c2dbde74ee446a9d5efb8760455d96
3fa52ddfd1644f71b02788c59d766abb	organic food production	सेंद्रिय अन्न उत्पादन	सेंद्रिय अन्न उत्पादन	1b75cd021e7642ff9c0b1949636c80ad
958dc8838e9c40d0b429d1af16230158	organic soil amendment	सेंद्रिय मृद सुधारणा	सेंद्रिय कादू हुदरावना	de49ffc18e624db2ae5a960145bbe0d2
3dfb775c535e45d89ede7854d8d86a79	onion basal rot	कांदा मुळ कुज	कांदा बुजलो	e86e744643c540c8bf5aff5da18214da
bb27cf2054c94e719783cde762433bf7	organic soil fertilization	सेंद्रिय मृदा खत व्यवस्थापन	सेंद्रिय कादू खत	74640db033a944b489a2dda0c0af8741
c393808bc4b143d28629bc55de58732a	organic matter decomposition	जैविक पदार्थांचा विघटन	सेंद्रिय पदार्थां विघटन	e594768b44be45108587d97e9dfa56ad
9995970e1550475292ea501686728ec9	organic pesticides	सेंद्रिय कीटकनाशके	सेंद्रिय किटकनाशक	166937f3967b402794b97b8a3c9f06aa
e5215277682d41a58b850797acbded30	nutrient uptake	अन्नद्रव्य सेवन	पोषक तत्वाहा ग्रहण	e17a4fea52e14332a7eaba5f38e1a9f8
a900e3dff1cf4c8a8758f57ce3eb6fc4	organic inputs	सेंद्रिय निविष्ठा	सेंद्रिय निविष्ठा	77a307325ba349dea62936921991b3f9
5563bd517bfb4be1898b6c91b1d06763	organic mulch	सेंद्रिय आच्छादन	सेंद्रिय आच्छादन	7fb2e1af4fd2423bb5ec1474d838d955
6d733116c8284e49b986070031794ada	nutrient use efficiency	पोषक तत्वांचा वापर कार्यक्षमता	पोषक द्रव्यांहा वापर कार्यक्षमता	040316c9748341b2bb0b5d501284bfdb
b9abb324d88f42b396e8b7fda348bfff	nutrient management in soil	मातीमधील पोषणव्यवस्थापन	जमिनीम पोषक तत्वाहां व्यवस्थापन	1b0fa7eaac504ebb818bbeafb6d6da57
e66c9fb8edea4c779de7df38754fe698	flower shedding	फुल गळणे	फुले पोडतेहे	b8eb16088378454fa7ddfdbbce15d40a
7556f5965be74d41bc0c97f80b0d2978	seed coat cracking	बियाण्याच्या आवरणाचा भंग	बियारा कवच फाटी जावनूं	3cb2c0dc6ac545b2a535e3826ad65ab5
728553959ea54c4ca1068914322f5dc3	macronutrients	प्रमुख अन्नद्रव्ये	मॅक्रोन्युट्रिएंट्स	c230143a8205422aab52c0dd696952fc
1cffc0c6411d4c888f85cbabaa77231b	machine learning	मशीन लर्निंग	मशीन लर्निंग	decb16eae24f4057bff0cb981e9d8ce9
16d317164ae94c11a8b1c87d416100d4	local farming practices	स्थानिक शेती पद्धती	स्थानिक खेती पद्धती	e516be4bbddc4e6e844ff868c22936c4
533d57afaf284589930727c12c7afaac	flail	मळणीच साधन	फ्लाइल	424fd19d41b04253992280d5a6d109f1
5febeff8671246e98d1c40480b603b19	flood tolerant	पूर सहनशील	पूर सहनशील	e91043762a0a4f229a85a6338753bf9a
c6c5ee400a864391b8bb2a42afa39fef	mango bark split	आंबा साली फाटणे	आंबा साल फोड	30290a7658d342849bd665ef9e7ea5e8
55e91892aff140c4a8dd0a0f6cfcfdd6	foliar uptake	पानांद्वारे शोषण	पानांमेने शोषण	ddd9e74641a64503bca3ed5cffd2c878
f26f3a8024d34b6d8de7604418d283cc	livestock waste management	पशुधन कचरा व्यवस्थापन	जनावराहा  सांआ व्यवस्थापन	6c30f467521a451eb19f37495882d2ba
d22a0f6c710040fd90d7e7d0b4574b69	pumpkin mosaic	भोपळ्यावरील मोझॅक	कोला मोझॅक	50c6365a8e8f44debff324bd2ef97557
e7dd61b4d98849d7ae69901a541b3246	foliar nutrition	पानांद्वारे अन्नद्रव्य पुरवठा	पानांहां पोषण	4d738e0f04f24c188f5e4188bb5bdce3
8bf533cbcb5f42dc9a70560e2c1b7823	livestock production systems	पशुधन उत्पादन प्रणाली	पशुधन उत्पादन प्रणाली	e83b7b28bd5d4025a8bddb11735b6762
680358122b2a4d4083de403bfe532d81	hermetic storage	हवाबंद साठवण	हर्मीटिक साठवण	f237c7c8117b4cbe87cd611a7de2577b
e7e04e25dd1e4595a53238842c3b57b8	fumigant	धुरीकरण	फ्युमिगंट	2872f88cc29c47f28d62303db7cede26
cf89b82d987b4fb9b840c81c8b7bb280	frost damage	गारठ्यामुळे नुकसान	हियाला नुकसान	07c39220bafd4c2980cc66bc5c247514
dc46d372720c429dac382d1cf2a31cdd	fruit ripening	फळांची पक्वता	फळ पाकी जाहे	e4febcbeb6a34d90aff1cd29eab29c2b
7c340e66768942f58a19bb443757575d	fruit maturity index	फळ परिपक्वतेचे निर्देशांक	फळ परिपक्वता निर्देशांक	e52199077603424a96968c3b8f30a079
473ec1602a314bfb8ea1e8d332e12540	foxtail millet	कांगणी	काटकोटी	5103017723bd4aa8a7e7171ee45fc643
e0fcf5733cd0404d9052d1a7ca1021bc	foxtail millet	राळे	काटकोटी	c408db4583714ab89d87cc5fd5be0bcd
722b1c842d89437ab5d33d4e033c43d7	nematode	सूत्रकृमी	सुत्रकृमी	08518481c3a943d6be96c2f52595cc92
0e45c38ab5264dab9e15ca2426e57bfd	net house	जाळीघर	नेट हाऊस	76a7a4672ff24b5099bd41bb98f53b4f
0620b0a4cd05404bb6820c9878d03276	fungal colonization	बुरशी वाढ	बुरशी वसाहत	38b22f7843fb46019dc6a18aa58b79c9
c84c768960a3446a9fc7160029b90dfe	erosion control	धुपनियंत्रण	धुपो नियंत्रण	8faad4444dc44cde8ffe7eb1c7aa5018
79932891cb044d6e913ada942e60684d	earthing up	भर देणे	कादु उचे केनू	5065f416b11a4c1eaf8da53ed26cc444
313c9baa3cf44da980800eff7d0d8d40	egg production	अंडी उत्पादन	हाकवे उत्पादन	09386746ed384773888d454bb0d34db3
4f82ab649a0d47cd947a31d3224229a4	eco-friendly pesticides	पर्यावरणास अनुकूल कीटकनाशक	पर्यावरण अनुकूल किटकनाशके	831d0abac1f94d70b5d8a2db215ec8c6
162e40c8180d41f98f6b11debf0597ac	cooking quality	पाककला गुणवत्ता	पाकनू गुण	c813bb55811948afbaff84608a0e67d0
9fe9e2402415440a9fd4fecef77fcf78	erosion-resistant crop	धूपप्रतिरोधक पीक	कोअरा नाय जोजे एहडो पिक	85ce1690a95544d2952d2f988db3b113
9fcbf14481714e8799c8aa22539ce89a	coriander stem borer	कोथिंबीर खोड पोखरणारी अळी	धणे खोडकिडो	aef05494ea7046779be7e844024ae534
10851852e81347079924d834fcd746c1	cracking resistance	फुटण्यास प्रतिकारक	फुटनू प्रतिकार	7f9568a324a74e5d9d3882e5bc3ca95a
6755f8b8ad734c688b31ae6e9c64e37b	conventional farming	पारंपरिक शेती	पारंपरिक खेती	8a4cfef2fef44b39aa0a613a57e78570
b7ead794ce794829959b8f099e811637	cow urine based pesticide	गोमूत्रावर आधारित कीटकनाशक	गावडी मुताव आधारित किटकनाशक	798ee1e2515b48be804129fb3e64a4fd
271beb686fc04a97be580bb05fb9f36e	erosion control techniques	धूप नियंत्रण तंत्र	धुपो नियंत्रण तंत्र	69624bc450dd40a38bec06babfbb02c0
b0525ff3c7b04719b2d003bfcb4edf4b	sowing	पेरणी	ओनू	7e277e037bef43c6a289e2a4f0128761
cabc6eae46f14b4e928c1dcab9113343	egg grading	अंडी प्रतवारी	हाकवे निवडणू	3ba4efea76324bcf8f1c3a309eabbb6b
5514351a21ff4e78b4eecd60dbb7cb57	water conservation	जलसंधारण	पाई वाचवूनू	fdfb897a7d2d4ddca174fb04679a063d
e42b4042bc7e40ad958b922623d907a2	soil texture	जमीनीचा पोत	जमिनी पोत	63f794de477342228b44a8ad1e955457
006330878a8a492f96e8f122cb466cdf	solar pump	सौर पंप	सौर पंप	b58b25030be947c88ebbd52d132d3799
eeff6a9d08e5437987b7d440f80b5562	solar energy	सौर ऊर्जा	सौर ऊर्जा	9e1c995c5e544f9285597f88469f7cd8
b3fbb7ab768543b999dd2a415530609d	solar-powered sprayer	सौर उर्जेवर चालणारा फवारणी पंप	सौर उर्जावर चालणारो फवारणी यंत्र	3448dc5f5cf74dce955e97fd354055b8
a864152bfc764d4bb24e7dcecea2cfde	sowing depth	पेरणी खोली	ओनू खोली	b5f7f15f4d9145b09385fe195ac18a43
2a049d4be42b488cb033f3749cf775f8	water harvesting tank	पाणी साठवण टाकी	पांया साठवण टाकी	c9b45fa9f4894c37babbe4abce8b5401
c583c05e2a974d6eb6319a7c64517fab	soil texture	मातीचा पोत	जमिनी पोत	4b5b325d17854d21a010f92036866159
2f1081fab20a4c5499a58522685847d6	soil tilth	मृदा पृष्ठभाग	मृदा मशागत	5f6e1854269e4e08bdb9e1894b90c64c
08b62bf52f5744bba7481adee0d3b154	vines	वेली	वेली	ac3ad61eaf8447a285561175af4d99bf
070d78ee42494f80b11b676195d25c42	soil water retention	मातीतील पाणी टिकवून धरणे	मृदा जल धारणा	340f74c337034d909301d13273e30731
896b227bde1343ef8d5a96f826d133b5	water harvesting techniques	पाणी साठवण तंत्र	पांया संचयन तंत्र	4ff8bfd9925941f98c55eb3dcbc5383a
2ed09f3756354dadad39191835a18a30	vertisols	काळी चिकण माती	व्हर्टिसोल	7e3f7982f4df43019789bd8744c9654b
ae2caac8821840e69cdc478b9b8b5818	soil tilling	मातीची मशागत	खेडनूं	9d11400e440241d3baae1447ba5e9ecd
34a879cda6404df19bced981c23fb839	soil tilth	मातीचा थर	मृदा मशागत	cd85b803565a4a2d8fa6b2709c700b72
764c166b6f3f44c1995f3eeb74608b33	water budgeting	पाणी अंदाजपत्रक	पाणी नियोजन	d39ed32aa4e242cabc9b4e8993ee259c
1a2cedece84d429e95478db0caba4d7c	soil-water retention	मृदा-पाणी धारणा	मृदा-जल धारणा	d88f8fb451c6474f891e07c936ec38a4
a311e24157b7494d84c01c09f059e770	soil tillage	जमिनीची मशागत	मशागत	113b0b27368e47139e0fcfc9461b5962
c7cd3945801f4abfbfb5e1a0539a9ec7	soil testing laboratories	मृदा चाचणी प्रयोगशाळा	मृदा परीक्षण प्रयोगशाळा	bb2e3d6f1e6e4e65bd2ce203b8d2b6fb
7d1028de18ac40dca979863975b95971	water budgeting	पाणी नियोजन	पाणी नियोजन	af4be2b8ddcf42128e92342ecad7bdd7
b35a1d5cee934c728c21e7368a0c2f54	solar drying	सौर सुकवणे	सौर शुष्कन	49c10df988fb43f08112e62c2d1a47dd
eb721a967e2c42edb5aa72c2f8c89ddd	volatilization loss	बाष्पीकरण	वाफ वेनू	bd27c0297cfb479aa741542e697f9236
0caef9619e9c436c85e01908f865d0e2	gully plugging	नाला बांधणी	गल्ली प्लग	c79caa10e776446dbfda37d7dad41524
b760812efff04c42aa5f36973c74f51d	farm mechanization subsidy	शेती यंत्रीकरण अनुदान	खेती यंत्राव  सबसिडी	9171f404beb5440d980c67c7ec5f1dfa
54e7f8a612184e4faff2a1bfe253bd86	fertilization	फलधारण	फलधारणा	6517bcee9d1a4b16929573866fc9899e
fa499bf616ed43f0861e40198059f888	heat stress	उष्णतेचा ताण	उन्हानू ताण	fc86ad08c27e44ff9d118f317f471dfa
40f029dd272d4704a70dc7ec6970ce1d	freshwater fishery	गोड्या पाण्यातील मत्स्यपालन	गोड्या पाण्यामने मासे पालन	80ae7b6058ce40ddbf1f39cd5f088774
86992516dc424a1386d695ef388a5f98	fruit thinning	फळांची संख्या कमी करणे	फळहा विरळणी	c6f2e73fc2be4c2db5c2557ae0b9683a
3b2d9f281f9a43889ea5647ce753f916	fruit ripening chamber	फळे पिकवण्याची खोली	फल - फलवे पाकत केअनु खोली	dc5055df959940819995b8f585148563
6cca769e80e2473082de5436bab3dc8d	non-reversible wilting	कायमस्वरुपी मर	उखाय जावनु	d0cd4f0a47614088ae6dc995213e2d4b
24b0e611500a42b9b4f27f3e9b933440	nano urea application	नॅनो युरिया वापर	नॅनो युरिया वापर	fa0b5654e88749599b5cf140f2d559d7
c5981bd52510480cb704418b14b40108	fruit ripening	फळ पिकणे	फळ पाकी जाहे	4f9c9b7650204a6bb13aaf2f237d5eb3
af785633419f41d58445df39ad22a1ac	natural predators	नैसर्गिक शिकारी	नैसर्गिक भक्षक	0ec3c4ddbf1c4ee1a5c5d16db9d46bda
4ec73fd4998e4074bf335866b9607524	farm machinery maintenance	शेती अवजारे व्यवस्थापन	खेती मशिनांहा देखभाल	a4fe78324af940d4a9c7de315dc11667
3d7b12d366244846880669d0749f3479	harvest index	कापणी निर्देशांक	कापणी निर्देशांक	09afcc389cdb43c790ace15020341c03
b9d55606d43342d492aa7edddc360397	farm input subsidy	शेती निविष्ठा अनुदान	खेती निविष्ठा अनुदान	76912309a1194b349075073f55afb277
cb9885e9d3124e2cb4f4dae6ae3089a3	fenugreek powdery mildew	मेथीवरील भुरी रोग	मेथी पावडर बुरशी	a0baff222a904cdeaaf75aabf275d589
b76692f6ebbd4d4bb0a8c817f924e953	farm pond design	शेततळ्याचा आराखडा	खेतामेने तालावा रचना	29a23272c6f34741bd03790b0e30704e
e2c9ad8d78714972bcaf4762bd089882	hardwood cutting	कठीण फांद्या कटिंग	कठोर लाकडे कातरुलो	6a7a390a1daf400fa59191d0bdefc282
c5a12d0180bc4b229271dcfee43efef2	harvest-time logistics	कापणी वाहतुक व्यवस्थापन	कापणी टाईम लॉजिस्टिक्स	239e0d95d42b4ce897caf6847a4d28f5
dcfa24914fe84a8db1cabe1f23036c95	farm management	शेती व्यवस्थापन	खेती व्यवस्थापन	84962fceeb4d42f987e01788750713f2
6b5feb2e9d3c464c87e8a36f21b4ff20	heat stress tolerance	उष्णतेचा ताण सहनशीलता	तोपा ताण सहनशीलता	ae3775517d5f4f17b7501bd7546e656a
b2617093b4e04912bae524428259c971	farm planning	शेती नियोजन	खेती नियोजन	f10266d0dadd4dda8d16165248cca6d0
abfb99b422c64e9bb85eb2fb1991f56d	harvesting stage	काढणी अवस्था	कापणी अवस्था	faeca3e82d544c68a61e2975579d9a0b
4403d76533f34b438bf6e989f101884c	fertigation unit	खत मिश्रण यंत्र	खत एकक	128b5b12a65f4e03afe1d2815b7db3ce
2461f416393045c6be8b3d8c12ede6b9	farm-to-market	शेतापासून बाजारामध्ये	खेतामेने बाजाराम	7be51664dabe4dde8f9681aabb57a58b
6633f5922ed746b6a99595ee5dce93d0	heat tolerance	उष्णता सहनशीलता	तोप सहन	1f6e3caf9b0947f1be65a094b5441544
6736d4fa4be743e1a1a654e8692c07be	fennel root rot	बडीशेप मुळ कुज	सोप मुळ कुज	24682b79e94c4047b674fdceafc8fc2b
42441cb6136c43ffa826de814f06ed5e	farm worker safety	शेत कामगार सुरक्षा	खेती कामा राखवाल्यं	a1e205e1d45f4e26b47d563d2b2b7d4a
ee9b8465a7e54837a7fd3a3168a0f93b	gypsum application	जिप्सम वापर	जिप्सम वापर	0111d34c86e54f048cd390c0418eacbd
11ea2f297d8f49709c9ca888dc0ed92b	farm-to-table systems	शेतापासून ताटापर्यंत प्रणाली	खेतामेने टेबुलुहुग प्रणाली	24e26ca2297d46a5b9a5b76b517e63fc
c059dcf1362e44b18dad9f9c29903523	fennel blight	बडीशेपवरील करपा	सोपडी रोग	b13f8d8a9ce840178a23f823b2168f56
74118395d9ed4f51a8c9847386622c2c	farming practices	शेती पद्धती	खेती पद्धती	1f890fcef9094a619f75ce2a4a73fa20
52dd0d083abf4d26a9a6ce1488d8d57c	hatchery unit	अंडी उबवण केंद्र	हाकवे काढनूं युनिट	17ffb935633043df96f37dd16e5f8d0a
26475ee0df354b27812f2046cae8e5e1	farm machinery	शेती यंत्रसामग्री	खेती मशिने	7c31a0e222e24646b81ce936f9cc0ad2
190617f9ff814568914ef9754430b780	farm input	शेती निविष्ठा	खेती निविष्ठा	0f632b82e6d046f08d2a1710040266a3
2b3344e183e24bf5b7ecf2215d0123d4	heat stress index	उष्णता ताण निर्देशांक	उष्णता ताण निर्देशांक	3745cd93b2ec4e60accf4211cc62c272
bef00c5f515f419484fabeb8a0cd0718	fertigation schedule	खत सिंचन वेळापत्रक	खत देवनु वेळापत्रक	db671b7bd7f140ae98b4f5a0137c0979
f5114a027a6f4e82a9c23875e12c6f1c	heat stress management	उष्णतेचा ताण व्यवस्थापन	उष्णता ताण व्यवस्थापन	d0b3a52a4b964b1f8ca6bb89c77beba0
1381f1b3e7344febb772bee1a273d33a	harvesting equipment	कापणी उपकरणे	कापणी उपकरणे	ff4f7282fe194976a378cf6b5ed27952
e8a4e978b3d346caabb0ec25f6d17681	farm-to-table supply chain	शेत ते टेबल पुरवठा साखळी	खेतामेने टेबुलुहुग पुरवठा साखळी	cb74de244be74ae68eb8c6a1537912a9
60997ce97efe4c208ca833ec2e286d8a	harvesters	हार्वेस्टर (कापणी यंत्र)	वाडणू	f0b67f9f9fe0499db96b144025b65b42
065a12a5cf9b4e15ac9629375952ecd8	farm mechanization	शेतीचे यांत्रिकीकरण	खेती यंत्रा वापर	72f71d065ae54de09fc239338c5795c4
aceb17b509594393a4ec23619133a733	farm waste disposal	शेतातील कचऱ्यांची विल्हेवाट	खेतामेने कचरा टाकनु	efb00e5cdfbf4d659c19e58f872543ac
e8364463cb654430934baac068d471f3	hatchery	अंड्यातून पिल्ले काढण्याचे केंद्र	हाकवे	98d4c5d6e0514fa7ac5a58ae19f8ac33
f58ea9703404443ca99a4e1f0ad662e5	farm record	शेत अभिलेख	खेती नोंदी	25ca3d83c8804a4b85ac7ce89e0ab71d
009cbf5d4d594da1bc2b8b2087ca0141	hay baler	कडबा गठ्ठा बांधणी यंत्र	हे बालर	f9b0d2144a784eaab4f1ce8c02de1a95
1b3bddab683b473ca879961f5b25ba00	haritaki	हिरडा	हरिताकी	1b8300023d44479592e2f0294249c14e
f6db6afae2994d418f0acd21d3919b21	farm irrigation systems	शेती सिंचन प्रणाली	खेती सिंचन प्रणाली	3b514b5aaf064a7483661371febd5866
0aa7f583f8b74c08b224de32b4738bb9	fermented organic manure	आंबवलेले सेंद्रिय खत	खाटवुलं सेंद्रिय खत	1aad3631dcc4464eb3b2b6cb1b1c6539
baca51cfc19e420a974905a8b79aa387	harvesting window	कापणी कालावधी	कापणी येळ	6c4c506ed2414b42ac4e78ee959067d1
5e0511e7fad74f4b8a4eabd728c4a500	hard seed	कठीण बियाणे	कठीण बी	6d83a88778ce4f2888ecc2edcd779a51
e2964af6fd014c119df1251518a60b3a	harvesting machinery	कापणी यंत्रसामग्री	वाडणू यंत्र	dadcaf1e41634d8186323d99f1199e35
d7fc51ff4a3a401995c77e90703bde81	harvesting schedule	कापणी वेळापत्रक	कापणी वेळापत्रक	2a37f05648b844a1ae3f411b3d12c55a
a93b33c2d5e94eb4aa0e453b875bb902	farm productivity improvement	शेत उत्पादन क्षमता सुधारणा	खेती उत्पादकता हुदरावना	9e2da4405a974f20b996b0940fc664df
5138ece22e6e4b8e97628593e5fee108	farm nutrient budgeting	शेतातील पोषण तत्त्व नियोजन	खेती अन्नद्रव्य नियोजन	017acdd50ddf41838016be481f0105b5
abfbdb69bcac4d959a31d6e6ba50aff5	feed grinder	पशुखाद्य दळण यंत्र	फीड ग्राइंडर	7920e98953f34878af536905c71db146
0d9a3bc985e1456cbce1dac60a03628f	hardpan layer	कठीण थर	हार्डपॅन थर	745a0789bb81490889374bd0f0e0efd5
bf672c600e96493281422480d0b5753b	guava fruit scab	पेरूवरील फळांवरील खवल्या रोग	जाबूरखातोर फोलवावने कातरो	15cfd92e18c24c1aaada4d108e34bbc4
603da8c3ddb341c7bcbe513a85c80352	farm productivity	शेती उत्पादकता	खेती उत्पादकता	053216508551475a806ac02f7db15a12
98aa679e4f084f8d997b1aef4302230b	fennel seed	बडीशेप बियाणे	सोप	bc7eb581132045f09e98f58ed035f17a
23d1cf8b5f9642abbe23723fd35f15d5	harvest management	कापणी व्यवस्थापन	कापणी व्यवस्थापन	abaf214f609c4e69b1909c0342c2a34f
dcf9caeadc3248869a362d78e536ff60	fermented manure	आंबवलेले खत	आंबवलो साण्योखत	533cbc7b636b43188381d4a57594f5b3
e7be2e6f5cc747b8b5cbe396be83441f	guava wilt	पेरुवरील मररोग	जाबूरखातोर मर	68d196007c384dbfae0d975c8f30b2e1
5323bb09a52a4937a44e789aa91ef300	heat stress	उष्णता ताण	उन्हानू ताण	f9fbfdb8384e4e4ca17e0b363e07dd5d
dab6dbfc43c9403488d9befa64031145	crop duration	पीक कालावधी	पिकांहा कालावधी	fb9ec8194705472f80231d32c52aefaf
89ad17519fa14762adaed98b225d59e2	crop growth stages	पीक वाढीचे टप्पे	पिका वाढी अवस्था	540b8b4b795d440aa244d7ee4264ff7b
cdfd3b123726491aa2719a5cb99d78d8	exudates	अवशेष	सोडहे	247a69dea7174192b413e385583a8347
28321d21357c4b48a08242da48c33b95	early blight	अर्ली ब्लाईट	माहरी करपा	afa5194a0b484befb2fc8c0d6403b1cb
a0402544545e4f509ff5fb5060b5d803	crop lodging	पीक आडवे पडणे	पिक वाडनु	04491d4cf6d94679b4ede0c9e59a7b44
b3ac56e7ee7f4a20a0517ef1d96727fe	crop health	पीक आरोग्य	पिकांहा आरोग्य	eead9f3122804c6690ba99b362600cbf
5a8d51594151478fa832fc68036294e5	drip irrigation system	ठिबक सिंचन प्रणाली	ठिबक सिंचन पध्दत	fadf6faa06344607a0269b2ca11ba258
ab3b2cf551634d61915134a3ae8bfe0e	dry weight measurement	कोरड्या वजनाचे मोजमाप	कोअडो वजन मोजनु	34c46d2181c64cb7864581f66fff7bf1
fe28864988c048d5949c76d12efc13bd	drone spraying	ड्रोनद्वारे फवारणी	ड्रोन फवारणी	d7dc9a5fa6424deba41cd96437ef01b6
528e5d2a8f1a4e6badb2c4e73475f703	dry seed storage	कोरडे बियाणे साठवणूक	हुकालो बियारो साठवण	bd2b0c165e52431081fa0bd2589808a4
fc1f5747e8a04cfc8d689b9d22ac279b	stalk borer	खोड कुरतडणारी अळी	खोडकिडो	0098830920c34ebaa42e940963ca2cc0
def4c7c4e59e4b78b2d5ecbd872277ba	sprouting	अंकुरण	उगवण	dcf692b355ab495ba725c1fd577e2aa9
ae04599db8af465da80b4dc9b339bf47	spiny amaranth	काटेरी राजगिरा	काटालों माटलों	8c9279322e1e491bb857231b9e0cdb4a
dd11cdb12cd845a9a2d5eb66fb1376bb	spacing	अंतर	अंतर	54339b74b64f4f07980dc1d871aab550
686b4c12c0ac43a4893d41cf32d1df05	spray volume	फवारणीचे प्रमाण	फवारणी प्रमाण	910dce1285194e7cabefd6636a84a41b
637cff31839049fe9892664d0751ee34	spikelet	कणिशिका	स्पाइकेलेट	2f1f791c21f54b00bcbd221b9e50611f
dd8f7b1994094a999686f8b37eaae76f	sponge gourd	घोसाळा	स्पंज तोंबें	cd1798852a984d0cbc6ca77ef9648569
eb01dbbe835948b7a1d1c30fc91b7997	squash	फळापासुन तयार केलेले पेय	स्क्वॉश	3954db33eb7e476a8ff58797cee0eed3
015d0302c19943b2b4ce829d3129e3b6	spraying	फवारणी	फवारणी	fea2fe3bb4d947f4aebaeb84a1d25b7e
196f424dcc9545efb8aec92dbb7b986d	spiny gourd / akakara/ bodakakara	करटोली	काटावालो लांबा	f690519a2d6e4aeebfc7dd6f364bcff7
da9c7fb2d7eb4d9086de598932bfd68f	spray pump	फवारणी पंप	फवारणी पंप	3cb2218c94c7404db3f3419145ce8acc
7a892c0f3956438aa0c26810f2768b9f	spikelet	लहान फुलोरा	स्पाइकेलेट	be78e2a35c5e416a9134903f94c59b12
b7993649b1a54d6d8767d3289a095ac3	water management	पाणी व्यवस्थापन	पांया व्यवस्थापन	622e4cae7acc4eda97eec3013db03476
5870511acc0e4454b6c489236a04c3fb	soybean	सोयाबीन	सोयाबीन	c72b37316dd440559c6a4376e4f6a07b
ad4144a4298d4dbe86c645212fe7d195	water productivity	पाणी उत्पादकता	पाणी उत्पादकता	9256fa79180e498b8817299ec7ab0686
96b807924f8a4ba99ef69f0f28f94d9c	spices	मसाले	मसाला	8410eacc05144755a0309b02334903e5
fba0399723f84823a6a3952749c44507	spinach beet	पालक बीट	पालक बीट	d32ca7ee0f744074a4e8b1f85a0f9f64
45ecad3292ba42389f9df67b85f7204a	sprinkler	तुषार सिंचन	तुषार सिंचन	0134a58661cd499a92a7ac6839286d1e
7665aac00b264992a2dfb007c1c775e6	sprouting	अंकुरन	उगवण	d2f34c3d30d74700bd49bb4c4efcc1a5
f96a5b2ab3884d7d8df3b4703fd07228	spice crop	मसाला पीक	मसाला पीक	d8530e2304d64348a0b277d055a3c877
4b699a45913241dc8cbfe81f6e11975e	split application of fertilizers	खतांचा विभागून वापर	खतहा विभागणी	9ff40b6163ce4b978af0386b2e90c1c0
cb9b269fdeef4e08a6a80bdad35bc33e	ssp (single super phosphate)	एसएसपी (सिंगल सुपर फॉस्फेट)	एस.एस.पी.	f184713d91f04f889554093c148d1803
19b5de58cc47489ca9ebc065a59398ee	spotted pod borer	ठिपक्याची शेंगा पोखरणारी अळी	ठिपकेदार हेंग्या पोखरणारी ओली	08db72b7fa9643989ebac12d5fef8285
e4ccbe58609b499db7be5f109f3b049e	sowing window	पेरणी कालावधी	पेरणीनी येळ	c11ca01764a543aa8512bd2053f5cf5e
3af1a729f3224c12b9146a3c755b4714	sowing implement	पेरणी यंत्र	ओनू औजार	4b4be00b121f41188ab119b8023a7bb8
6b2a0eb6762a4fb9bb3367f51b929b3c	spodoptera/tobacco caterpillar	तंबाखूवरील पाने खाणारी अळी	स्पोडोप्टेरा / तंबाखू ओली	5045ee18c49244b8a4c5a3baa8d9d2ae
6f961505d87144bfa7e18a280e01cc1c	spodoptera litura	ठिपके अळी	स्पोडोप्टेरा लिटुरा	e1fe9c52a5f14076bb2ced1b3deb2033
23ba51d710a54b40ad3df35eaa464ae5	water pump	पाणी पंप	पांया पंप	d08be867739d4525a73d08c6e0967979
fcae5dbb06404da6a8d0fecda69af61e	water infiltration	पाणी मुरणे	पांया झिरपूनूं	593ff8e80c614f1fb086fd9c5c97e795
b5e29e0ad57642e2a4d80c69af724039	sowing equipment	पेरणी उपकरण	ओनू मशीन	27a7da070c8746828a3688e81da71938
2a99f09ffd454ff1a103d2f5b97ac7e4	stem borer	खोड किउा	खोडकिडो	0403ffe14ea8457787523cd6f3613ab5
39f65e3f8fd147c88a7a63646ae56d53	duster	धूळ फवारणी उपकरण	डस्टर	55063af37e944779a609140b74d2c4e3
b65f9451ad7745f587d279e42826571f	export	निर्यात	मोकलावनू	9817748fb58a4742b8ea09d2b688f85e
809545a3edd64065b40583640df7b367	night temperature effect	रात्र तापमानाचा परिणाम	रात्री तापमान परिणाम	048d955e3b6f4914946ea6570fa56b7d
b4a1dbdea317411ba03d09775db599e0	horse gram	हुलगा	मुग	a87fbbe5335d4847a2e5d13a3f23e9ac
c1fa0c28ad434b4f8583739a7325d7a8	mango powdery mildew	आंबा भुरी रोग	आंबा पावडर बुरशी	3b7a927392d44dd6bcb8e66f266ed95f
de6e649f138246bfa19a29edb431ddf9	low external input agriculture	बाह्य साधने कमी वापरुन केलेली शेती	कमी बाह्य निविष्ठा खेती	0c8ce03f8ce5453f870ddee483398de8
35192ad94a204c77818c858b1993634f	market linkage	बाजाराशी जोडणी	बाजार जोडणी	f38231666aec4a988065c4b4812eb29e
e09098cfd5d24da39846f58e02a1f123	indian council of agricultural research (icar)	भारतीय कृषी अनुसंधान परिषद (आयसीएआर)	भारतीय कृषि अनुसंधान परिषद (आय.सी.ए.आर.)	73c6884c181c47b9b1246b19ba1dd4cb
10cc9436c37c404bb855e85817a16cd5	indian squash (tinda/round melon)	टिंडा/ढीमसा	भारतीय स्क्वॅश	666b09da55294ecc971065813f6b61be
ecfefc1fdbf84a6c9ce9a7dcab9988b6	indole butyric acid (iba)	आयबीए मूळनिर्मिती हार्मोन	इंडोल ब्युटीरिक आम्ल	8997da77eae7472c8c44745edba031e0
c19274302140446abe56d8b6e7c29d04	crop disease control	पीक रोग नियंत्रण	पिकांहां रोग नियंत्रण	af6eceb9122b493391993635380a09ff
6abd839938394407bd30fdf3fae3b856	discolored seed	रंग बदललेले बियाणे	रंगहीन बियारो	669f2a5f729b444fb37cde4b31c19f31
e6b302563fb344039d1000c64f66478b	direct-seeded rice	रोवनी पद्धतीने भात लागवड	बिना बियारा चोखा	6bc8d6a275d64a6d8e03b4e03fb15751
26f0690327844482b663fd9e3a653e3d	desiccation	कोरडेपणा	हुकवूनूं	107577ba12454867968e7c485ed3d700
f633a2c389784b39b2e04c8586045fc2	disease vector	रोगवाहक	रोग वाहक	da70dc420cc047e78ec4f9ad05ddb586
9518bf44b614499f8160ea86873eaaa9	digital farm tools	डिजिटल शेती साधने	डिजिटल खेती औजारे	88a7087a36a04aac8501e3c1171b4c8a
ffd96868f4e54c2c8838401aef7e2872	dill	शेपू	डिल	bceba97605804ae6b0f23d594e3a39b0
08bfc64e2886438b95b2d5d455d5dffe	desiccant	ओलावा शोषक	हुकवणू	88faaa4eb8d24cc99ddc4f6c20134273
0afdf1d541d64c6ca7a27d25d4229664	nitrate accumulation	नत्राची साठवणुक	नायट्रेट साठवण	0f9da6a7f0674bfbbd1a0c835ccd36b9
424902c0a1474d73ab312780b1433e89	digital soil testing	डिजिटल मृदा चाचणी	डिजिटल माती परीक्षण	804615a53042451e91dceaa4fcd2674c
0ee959641b294008b24578a113b6db0f	deep placement fertilizer	खोलवर खत देणे	खूब उंडे खत	ed3291c796ed4e218688853f5ebadea5
4ae82ea092404d649bd69262344a1e43	dehusking machine	साली काढणारे यंत्र	साली काडनूं मशीन	0fe09208cdae4c0b89e6aa8498699357
c4f822c0b8554453ad8288b99342a7a3	diurnal temperature variation	दिवसभरातील तापमान बदल	दिहा तापमान बदल	b6b9ab8b31534fa7933e8ae1b985751a
938b9b2a36d64ce9a988646057c2b535	fungal blast	बुरशीजन्य करपा	बुरशीजन्य ब्लास्ट	12db8c70ed134129acd25cd890ee4916
08575f5c605045308de526dc5fff8164	digital agri-market platform	डिजिटल कृषी बाजार मंच	डिजिटल कृषि बाजार मंच	1a614951b6ad4710be02e78f65ff3ab0
3514896a1159418fbeaa2a70449539c1	direct seeding	थेट पेरणी	प्रत्यक्ष पेरणी	7c8fca0faafb44e4b28e79a0831c7e20
e2d1b8be09b244608937b54f4038f1c2	dormancy breaking agents	सुप्तपणा तोडणारे घटक	सुप्तता भंग केनारा घटक	a6f68e0a01ea486cb458d1559d165c73
d9c8cda3bbad490c95c0094936c1dc68	disease outbreak	रोग उद्रेक	रोगहा प्रादुर्भाव	3271aae54c5b4ec689a3aa220c8564d0
dee7739600964636bc2d49301c361a6a	nitrogen fixation	नायट्रोजन स्थिरीकरण	नत्र स्थिरीकरण	7061576af2154bdcb30088bef0636901
89791847fe994e4d8f8a09138c88be57	demonstration plot	प्रात्यक्षिक क्षेत्र	प्रदर्शन भूखंड	e33a3db827544856ad3fca11b2ae22eb
c30e6fb739b8404e86c1d0f5734d3d94	diurnal variation	दिवसा होणारे बदल	दिहनामने बदल	44ba312c61884cd1b97ea436acfdbae2
19c80d86e4b54e7a9300e0cf07088b7a	dragon fruit stem rot	ड्रॅगन फ्रूट खोड कुज	ड्रॅगन फ्रुटा खोडकूज	6c96ea3c2eb9452ba32099f462a203c8
40e741d4574e4dc3afb9d40a30e3bca4	mycoplasma	मायकोप्लाझ्मा	मायकोप्लाज्मा	286c64ab74cc4854b495ffbd5a21e99c
3520dbe8b0314534b8ea4dec6836b67e	dill aphid	बडीशेप मावा	सुवामेने मोदरी	e5f36ed24b9c4e469836db3718f45a7b
d3105638f68343179e8b92979aedfbef	drainage congestion	निचरा अडथळा	पांया निचरा वेरा नाहा	c4c79dbd0b5347d4a60d0433b477221e
e894569a45bc4b929a5bef9643145b6a	dehulling	टरफल काढणे	छाल काडनूं	74e21515ee3b4f04943fa380b362abe2
db52e493c7334d54aee590eebfa9af57	decoy crop	मुख्य पिकापासून दूर नेणारे पीक	फसवणूक पिक	954cd54d063a4bc5b9f29b704a2824e6
78969f1744f14022bc14591fdda72153	double ridging	दुहेरी वरंबा	बेन वरंबा	4413fba3fc41425f8c742a097564617f
5ebc1c63abcd4675b4fcac72718c6037	deep planting	खोल लागवड	खूब उंडे लागवड	2c66d23f20944c5283d599d5eea82920
002d271511104664bc17a25d90e114c6	digital agriculture	डिजिटल कृषी	डिजिटल खेती	2641eb3e64514918b8f1aaed0b2047ea
3561a2b0a2d64b3bbb30c8a83434e438	food safety management	अन्न सुरक्षा व्यवस्थापन	अन्न सुरक्षा व्यवस्थापन	2e17e123579b4c289a8f0385473ab9a3
20ea7db8594a46b2bbf8e6af44fd1556	drainage outlet	निचरा वाहिनी	पांय निगी जावनूं मार्ग	4c5b13eb48b0401bae80b241d3a9e0fa
56eda659474d4c7cab5b9de411af01de	disease forecasting	रोग पूर्वानुमान	रोगू अंदाज	c16bf1fe8fd04ce9ad904bc784dd616f
fe56f79ac34043dfb28b394412b1dae8	free range farming	मुक्त चारी पद्धती	मुक्त क्षेत्र खेती	d8028730f5854c99ade3423e48bfb273
7b0615f8ce6542fd8748fee2d4419a2f	drainage system	निचरा व्यवस्था	पांया निचरा व्यवस्था	0acdfd66f6944445a4bab0b35e37d968
7efc144fe25647cea9d40fc73df1a913	drainage pattern	निचरा पद्धती	पांया निचरा पद्धत	81d4776c66aa46539a06b944c908c71a
736cbafbdf6441628315560f48f14ad7	dieback	शेंडे मर	डाईबॅक	42ed615683a643c99b027ceae949d947
2df5c77121a34b78bf1a179166468b2c	net zero agriculture	शून्य निव्वळ शेती	नेट झिरो खेती	458f7007d23b4173bdc21b74548b6a1f
2630e78ee26d47eaa0564b33799f6357	de-shooting	फाटे काढणे	डी-शूटिंग	f2194f7904414cd4aada05f630dcf2e9
74f353e1eace41079851df207e15ccb6	delayed germination	उशिरा अंकुरण	उशीर वेनारो उगवण	b35284b93fe245c4a4541a79a726c264
b3b9c5fbc93e4563a01b440dd17b0cb4	nigerseed	कारळे	नायजरसीड	389b07e23a03477e989b76ed1950e4cd
90332b137c74463ea374a7791a6bf05c	fruit bagging	फळ पिशवीकरण	फळ पिशवीकरण	500371f288b04ed5b0c5e03022a81360
5648c0e6dffc4af6b979f2886d448d6e	fruit grading machine	फळ प्रतवारी यंत्र	फळहां प्रतवारी मशीन	40c412769e964332b11e30920cd8ff62
84ebe4115506466297730a295f25a754	disease control	रोग नियंत्रण	रोग नियंत्रण	a92b0007d82040d69973efe5a33556c1
6f35fb9b73824eae89f67347013d550f	date palm scale insect	खजूर खवले कीटक	खजूरुवेने खवल्या किडो	b4fb0c83704f4bbab212b96d73708c70
30b2c407ee234029973965991b06023c	fruit cracking	फळांना तडा जाणे	फळ फोडणे	3b28dcf6cdd54133992edc2ce0d0ab08
ba5f1c3d28f54ddcb68de449dd847da4	deficit irrigation	सिंचन तुट	कमी पाई	a75e99c9391043be9df316c27dca0374
6721c31e576e4d28af1e2cd0384237b4	disease-resistant crops	रोग सहनशील पिके	रोगप्रतिकारक पिके	7ff81e9ab5cb458499198401d8eac8db
7eb85df163244dea865c864c3af18730	fruit bearing	फळधारणा	फळधारणा	285fdeb66e2341d498b8c89f34b7c922
cc7eba4c581944b8b3645a7aafb1da9a	desilting tank	गाळ काढणारे टाकी	गाळ काढणी टाकी	883fbf60b12449a794f5ec2bce619565
c3efb49367024b1b804676d7226b6b21	disease resistance	रोग प्रतिकारशक्ती	रोग प्रतिकार	fe0097a8b77e43f282a026f7c0a47cf3
f6426b090899435bbdeeee671497edb0	desertification	वाळवंटीकरण	वाळवंटीकरण	7f0e27ceddbf47f085e45d7fa4ea7a81
0deec4a71fa24b8f81335072ab249daa	disease forecasting	रोगाचे पूर्वानुमान	रोगू अंदाज	62888ca35ad249e88a05a1e8c3d7939d
30ae28f03dd94725b0e178a3f27ef7a6	desuckering	बगलफुटवे काढणे	फळवे काढनूं	1f3249fd664149a38942c8b836e907a4
03c9f249423044ac8dccccbcc5a8008e	food quality	अन्न गुणवत्ता	खाऊलो	60b59747f1ae40b4a6f91d50cecb933c
57134bbb827d4baaaa28737e2a60749d	detasseling	मक्याचा तुरा काढणे	डेटा सेलिंग	09f55d1e9ed44d4f99952c2ea077fbe1
de5c1d005e9246c99ed2475ea12238e6	desiccation injury in crops	पिकांतील कोरडेपणामुळे होणारी इजा	पिकाम उखाडी जाहे	4a3a0c20fc364957ab6c6355213546fb
f80888a8812843d9a16b0d5f2e7725d1	disease-resistant hybrid	रोगप्रतिकारक्षम संकरीत वाण	रोग प्रतिरोधी संकरित	6dd413a7d8af46a69e23d8d78ca9b012
d9c442eece6248e4a2ae0912e13af4d0	diurnal movement	दैनंदिन हालचाल	दिहचक्र	757c7ea5d32a4ead99ea05b782c16a8d
853162fbbea84e6992eb948630e4a47f	dehulling	आवरण काढणे	छाल काडनूं	c62cd3d2d573494b889cc24bf1fb5b2f
deadd801eb6c4a54ab276b807e43abee	disease resistance breeding	रोग प्रतिकारक्षम प्रजनन	रोग प्रतिकारक्षम प्रजनन	4b7ecd5adf484961beef62c2a5a8b094
30b252b1265e4f36a58b76cffc5c1731	decorticator	साल काढणारे यंत्र	साल कातरूनारो	1d3071ce0329432aa7b04a6f9ee91337
877b921c52bf43f39d97b80d32677480	disease resistant crops	रोग प्रतिकारक्षम पिके	रोग प्रतिरोधी पिके	f2103a10aff445018070a62daf933c7b
f8efb5e47a634354b63356570fd83422	dichogamy	भीन्नकाल पक्वता	द्विगामी	c49897ba4b6c4f0f81629ba087a41af4
ed15529f723c4981a56cc5f1d9bcaae8	fruit vegetable	फळवर्गीय भाजीपाला	फळभाजी	f7108056505d47d0ad33210d110cfc33
05b746add7ba4787b00a2d38c1a615cf	deodar	देवदार	देवदार	f01696742a2e46738c9e3c070ff3818c
e4eea5adf93c4c7fb386e532b3bad25b	disease escape mechanism	रोग टाळण्याची यंत्रणा	रोग टाळणू यंत्रणा	f206f3d3c93942fcb95a4a2db3fff0e5
ea607eaaaf43453cb6900d36ac5de5b7	disease indexing	रोग निर्देशांकन	रोग सूचकांक	3808a1b2d6cf4b73b42428a340d0cbf2
cfc74cc790d24cceabd4bb0210033dbd	digital soil map	डिजिटल मृदा नकाशा	डिजिटल कादु नकासो	fd36171fd56b4d779de1e89a2323746c
ca3062c3c8234e558b8204a7087ec8f2	dill seed	शेपू बियाणे	ओजमा	06d6263c30c545c28c6ba5aa13c5fea2
d6c7bc87e68145caa8f31fd2c3d09d53	disbudding	अनावश्यक कळ्या काढणे	डिस्बडिंग	5e7c22e09fab4fdbae85eb34c313cead
b55d6b5d655544c1b2ed6770d5df6b81	digital agriculture platforms	डिजिटल कृषी प्लॅटफॉर्म्स	डिजिटल खेती प्लॅटफॉर्म	4e754b9f786544e38b0315e2084939b4
18fab07de4d54d93a0062a5c34fb5e17	food waste management	अन्न कचरा व्यवस्थापन	अन्न कचरा व्यवस्थापन	91375bb3c49544e4ae9b1b93ffb8f82b
7bd42d70bc60427388f783a16340d2ba	greenhouse cultivation	हरितगृह लागवड	हरितगृह खेती	d35551ddcacb40a6a621bedaab039a8a
c2c48fd0629c44029f087ac0aae01767	growth promoter	वाढीला चालना देणारे	वादनू प्रोत्साहन	6fda8ad1faaf493499361c3b038f71c6
f0d840be8be6407186b7136d214ac978	green technology	हरित तंत्रज्ञान	हरित तंत्रज्ञान	a305591cd71a49bf97390cfb67d90752
1fc71766dc314e17b46bafba5d32bb2b	green leaf manure	हिरवळीचे खत	निलो पालो खत	75bd1e72e7be49c98f7fcdfe100b8f32
696820aa9ef142e892551711a7ac3c25	grafting technique	कलम तंत्र	कलम केनू तंत्र	8450ff0dddeb4b7bb0aa1f6f07270d05
8afd24ffe421437ea0c0e0b9431dc658	grain cleaner	धान्य स्वच्छक	धान्य साफ केनारो	aba7372c49eb412b8a3275ceac7eee61
233d3f2c55e84810975b91a7044b2792	greenhouse effect	हरितगृह परिणाम	हरितगृह परिणाम	7901dc4274034afb98e3808766ab7519
f5f02f9a7fc245009e60d83aab66172d	greenhouse gas reduction	हरितगृह वायू घट	हरितगृह वायू कमी केनू	c9f4af83d8924fc6a8136c97b3187fc1
e1ab52d5579445eb8b561895fa7fdd29	gis (geographic information system)	जीआयएस (भौगोलिक माहिती प्रणाली)	जी.आय.एस.	3e1c7a4aa34349458739468382f9da5d
425258b771df48be8b53f22e49240220	grape mealybug	द्राक्षावरील पीठया ढेकुण	द्राक्षांवेने पिठ्या किडी	c07ac7d410dc476690cf8f60fe8ab13b
3ee8a6b6b2064536b4a66fb7e222fa8e	grapevine trunk disease	द्राक्षाच्या खोडावरील रोग	द्राक्षांहा खोडा रोग	fc8dd12c614648fba38af59e0bcfe196
455f87d323cf49c98b9e78ea044d61fa	grapevine fanleaf virus	द्राक्षाच्या पानावरील विषाणू	द्राक्षवेली पंखापाती रोग	203affaee0944086b0df25235649e518
f3cf5e27e5814b51bb24b5b83ad9945a	germination percentage	उगवणशक्ती टक्केवारी	उगवणू टक्केवारी	40c9cfaceba6482e800c20eaab502bd8
fc5b67994769467c85ba2875678c6d24	granular formulation	दाणेदार स्वरूप	दाणेदार मिश्रण	5759e1bed5ab46f392d0afd0818a4670
7227beeb49844844b48ef91bf9b49c80	farm gate price	उत्पादकाकडून थेट शेतीमालाच्या विक्रीची किंमत	खेती माला किमती	b0af717814f24c8faedfdb53fba99725
8d65a513b88d4412ac46f7a8ac79b70c	grape vine	द्राक्षाचा वेल	द्राक्षवेल	b98ecedf04b64ee4821835f7e3fd673c
9b2bb11ba43a46a9a55a68c0c6cd176d	greenhouse	हरितगृह	हरितगृह	6c003a8046d24197aa15930b6f4f6c16
ba02eee690f941cb95573f42588f0d43	green mosaic	हिरवा मोझॅक	निलो मोझॅक	63b4fc4700e142d585f3fd785e4a6374
640f533a8f5647fc852b0b938a8f6b1b	grazing	चरणे	चारो	f206915c817b45ebaa4eeeb44f0afa97
a8ef6513c4734a6487ae5cdee251c6cd	granular pesticide	दाणेदार किटकनाशके	दाणेदार किटकनाशक	588c05b3961b47dea719a81eae503452
4b0e1292eef34d5aa252e40e24ad4637	green manuring crops	हिरवळीची खत पिके	निलो खत देणारे पिके	14d998c8c5c74bf7a8ed182565e32eb2
f6e287c8b1784a998958a0320f86827f	greenhouse cooling pad	हरितगृह शीतकरण पट्टी	हरितगृह शीतलन पॅड	b62c31e28d89443ab9dad412d245453b
beb589945c494a6dabe5d8248b4f1911	gibberellic acid application	जिबरेलिक आम्ल वापर	जिबरेलिक आम्ला वापर	9b9ecfa57a114128ad2ed01bd3fa6a98
4180ad946947423a9468d336ad263ee3	greenhouse effect	हरीत गृह परिणाम	हरितगृह परिणाम	1dc46c5318564cda887740eb885eb86d
2dd009ae070c4744b8457b8ef94aa48e	growing degree days	वाढीचे तापमान एकक	वादनारो दिहा तापमान	678c4fa7d59d44609d202338e4afad26
ac786891189742c2a25016c37378b197	greenhouse farming practices	हरितगृह शेती पद्धती	हरितगृह खेती पद्धती	507c0a318e34452b9a39d1028d27120f
beeab4390a48477a8c9e5c88cebcdcd9	guava fruit fly	पेरू फळ माशी	जाबूरखातोर माखी	de2b0094fdf44f8c85ddfab9df53084c
a9c62b5006204bd0b2acb7f872b2ab82	guava fruit borer	पेरू फळ पोखरणारी अळी	जाबूरखा वेनारी ओली	8978e144da364355a184b3ac2e172491
adf1f0370e994adbb2f7df4101a4efd5	green pruning	हिरव्या फांद्या कापणे	निलो छाटणी	1ba7e17bcf224eaab2cde14ace2eada0
a90309a43d1b4b088036d1aa572108a1	guava bark canker	पेरुवरील खै-या	जाबूरखातोर	745aa1a5b39e4b8b98510e68b8a8d43a
f74f87c964c34069986fd589144466c0	growth regulator	वाढ नियंत्रक	वाढ नियंत्रक	547c303169d542beb672fff87497acc1
5dc1b9725287466094a724220f8e993e	greenhouse gas mitigation	हरितगृह वायू कमी करणे	हरितगृह वायू कमी केनू	5aa4fcd0f2c746aa92344107315a4128
0373763ba991423ab7042dd4b76a154b	green energy in agriculture	कृषीमध्ये हरित ऊर्जा	कृषी क्षेत्राम हरित ऊर्जा	1908a30635e04693a2fb8d1d458fb6e0
272c02da248a43cbbfbc709a49380bff	grain moisture content	धान्यातील ओलावा प्रमाण	धान्यामेने ओलावो	6fc171851b394b4d987f23dfe5ba8f59
078918d6e24045bcbec62d7e2e649f42	growth retardant	वाढ मंदावणारे	वाढ रोखणारी	d5372d43c8c34e3d9a4faabd0867b636
3a7624c02c7f41faa887039269c42401	germination test	अंकुरण चाचणी	उगवण चाचणी	8e1d7e61402341b294145663db3c59dc
47df4b043050445bb436dbafa912ca87	greenhouse gas	हरितगृह वायू	हरितगृह वायू	a37fe16f964143a885189d2ab083522d
0386390c2e5441fca6ae12409463b597	greenhouse farming	हरितगृह शेती	हरितगृह खेती	9ad3608d8ae941dfbe36a47a610c4df7
7b745839657e4ae9853a6154648fb6eb	grain grading	धान्य प्रतवारी	धान्य प्रतवारी	f3fbb0525742475883be04ea39e07252
e6626694de1f4d0d9d535a3a19703975	gm crops (genetically modified crops)	जीएम पिके (जनुकीय सुधारित पिके)	जीएम पिके	6af4ba8d93bc49ff80c96ecb24c9a92a
0b21201781dc43259f0e18129ebd15c7	farm financial management	शेत आर्थिक व्यवस्थापन	खेती आर्थिक व्यवस्थापन	7cc4d757f37749009dc92883c68a8cb0
7dc623a4f4e84438863a306602efe1d3	green energy	हरित ऊर्जा	हरित ऊर्जा	44709e6ea6c34e22ba7dbd67b443e61d
7703a9a8e011470c977ca59b7fd0bc45	greenhouse production	ग्रीनहाऊस उत्पादन	हरितगृह उत्पादन	958c5fde946f421daf7d20d965e36417
625f022755fb412fb29efaae93b9808f	greenhouse technology	हरितगृह तंत्रज्ञान	हरितगृह तंत्रज्ञान	5c862a3256a24f1bb501dc3e0b2cd719
83f2256919b94f64bcf93dd4cc3e13ff	gross return	एकूण उत्पन्न	एकूण उत्पन्न	eb854cd379cc48b1af8922da3b942f40
70ca24f7f2844d5ca495c1303e70efca	grading machine	ग्रेडिंग मशीन	गालायना मशीन	8ea52c99f0484bcd8437bf7f1d9ab0ee
38bfac8215264e7cafa0ac865af98306	gm labeling	जनुकीय उत्परीवर्तीत वेष्ठन	जी.एम. लेबलिंग	a9dd52b97da4486fb21794da7700c769
ba9be4df7b6f4abb8fce3a9f749d8413	grafting tape	कलम बंधनफीत	कलम टेप	3a3b308c226740f6aa9cbfe6ffeb4862
125e3e390bd34fdfaeb3cf9d0b027f6f	gps in agriculture	कृषीमध्ये जीपीएस	कृषी क्षेत्राम जीपीएस	88a5b43db57e4cfe9a5e820d817b946a
fb147d1bb85147369afaf9eb5ba4ac8f	groundnut shelling machine	शेंगदाणा साल काढण्याचे यंत्र	हेंगी फोडनूं मशीन	a17ce9306fd1489ba155a6f5427376a6
b2062857e9014ba096770339ac8993da	gibberellin	जिब्बेरेलिन	जिबरेलीन	2acaa197ab6f49698abdfb0b298d5628
013fc37e48ca4cc0b454a978e28dca3c	graft union	कलम सांधने	भेट	473ff84767aa476c8995402ee0c3b12c
58d50ba33cfc4c64abf6d96b91d6f7d3	growth hormone spraying	वाढ संप्रेरक फवारणी	वाढ हॉर्मोन फवारणी	b97f65bbd9f54cd9a40467e7d6f71278
977ce0022b814d24817eaec94e6dc92f	drought proofing	दुष्काळ प्रतिबंधक उपाय	दुष्काळ प्रतिबंध	361c6d5ed28349789edfca61add86d25
c37e0d6625b44ce3a36caefa4853eeed	dust formulation	धूळ रूप	धुळ तयार केनू	e3d6ee53e0d5420dbb6391880bbe8855
9d1ea277ca3c41cd8bd0312a6b185b4f	drumstick web worm	शेवग्यावरील जाळीदार अळी	हेगवा पोखरी	7b57c5d5292047039ec13a361a0ca4f8
a7956c0ce8314f3581a4dc2f1356618d	drumstick mortality	शेवग्यातील मर	हेगवा मोय जाहे	dd0d678e28c54e0f8c0d329dea18d789
0976d649388240d0873a52bbd4a9f9fe	drought early warning system	दुष्काळाची पूर्वसूचना देणारी यंत्रणा	दुष्काळ पूर्व सूचना प्रणाली	48c2ea4653474c9eafe0b7b3fceb7562
e23d624c125d41ee88849eac074842b8	drying yard	धान्य वाळवण करण्याची जागा	हुकवूनू जागो	a87fad6afd4e4bb1b592084d14ba5b7d
78b73755b83f421eba56daf8b59b8954	dust form	भुकटीच्या स्वरुपातील	धुळ फॉर्म	d165a4c3aa2043d3a143d7ef62428d16
be3ddcdeadf84e3983f2722918bf0cd0	non-ruminant	बिगर गुरे वर्ग	बिगर-वागाडनारो	6a0f77477158426a8f667e4c282c0639
85d70f0577a24668bc9999c4f1fead4d	drought resistant varieties	दुष्काळ सहनशिल वाण	दुष्काळ सहन केनारी जात	6fdab5f992684a5eb432777a30f300b6
6f165bcbeec94dc085e858105a5ab5d7	dry rot	सुका कुजवा	हुकालो कुज	2d80ed3b767148418dbdd88053247ed8
87c0861c0db74683abb0dc8f1e0b6015	drone farming	ड्रोन शेती	ड्रोन खेती	01371d41694941eb81e807bcfdf5f9cf
9bc631316d5a4fb7842c856aba78d973	ear formation stage	शेंगा बनण्याची अवस्था	लोंबी तयार वेनू टप्पो	e63174ea6861438d82dbfafb2afff7c4
cdbe9d70a8b0456eb86e1fa40d8c32b5	drought escape	दुष्काळापासून सुटका	दुष्काळा मेने सुटका	065139989cd8406ab99ddff0e855b2b8
0800360fc93a4d53aa36f4167d849300	drought tolerant variety	दुष्काळ सहनशील वाण	दुष्काळ सहन केनारी जात	7b74073718c44c26811fbf25ce534709
416d1258d62549adb0ea75232eb41c59	foliar spray	पानांवरील फवारणी	पानाहाव फवारणी	ea42627cb4084afe91e2230947600c47
e16f27bf3c7d4c8d936a25824870bde8	earthing up	भरणी करणे	कादु उचे केनू	5111bac0eb0a4f579c5e36ed98f03262
a2f0867819a54394a9bd5da2b0f68e3f	earthen pot storage	मातीच्या भांड्यात साठवण	कादवा बासने थोवनु	1a139e6a1bbc4d7ebeb64b683c15fb26
e3b82759b5ee4dc6b6ddc628e0f5407e	drone-based pesticide spraying	ड्रोनद्वारे कीटकनाशक फवारणी	ड्रोन आधारीत किटकनाशक फवारणी	7cf0a1301ee4433896b1d473af596ada
117ef50327fa4fe8b70e188f0bb9f4ab	drip lateral	ठिबक नळी	ठिबक सिंचन	5ee7cdea49f04f6fa0f5c015da74cbb8
ce617872a7a2487e9c0bf738cbbd1df5	drip line spacing	ठिबक ओळीचे अंतर	ठिबक नळींहा अंतर	47e397ad0b6b46938958f184b187cbf9
5d90f1228bb64b82aee3f49201cedc59	drip irrigation line	ठिबक सिंचन लाईन	ठिबक सिंचन नली	4d9e1156ecc243ed88c94e05cc54ba8a
fe5672c025a84edbae2c5a4938c89472	canker	खैरा	कँकर	eb7cc5cacb1e43eeb201d8b6b683bac7
d225ebfd4ba1496780feeeb7efd1c4ab	drip line	ड्रिप ओळ	ठिबक नली	412b719617ba42f9a6a9add972cce97d
123e22048d454139ace5121824a330de	drought mitigation plan	दुष्काळ निवारण योजना	दुष्काळ निवारण योजना	cd5c9b1e617c485c98a6097dd0af1a84
565e3eb5ce8a46dc8053bf900e70e7ba	drumstick canker	शेवगा कॅन्कर	हेगवा रोग	60c6fa6a29ca4132b56f74fdd017b391
438e3dcfbb8245f0b9886ac308d6ac04	green gram	मूग	मुगड्या	9765e0fad0934f1a88fca5457ffbb0fa
367e196da1744f889a6e56a7b40815e3	grading and sorting	प्रतवारी आणि निवड	निवडणी आन वर्गीकरण	e13f2152bd1b4a148af993d4b5fe423d
f786b74076434f2d9700a7a7daf5fba8	green agriculture	हरित शेती	निलो खेती	8447c3e4899c4c96a01d26b6fce832a6
67fd0ce2b8594f3e8bfb3c579b4fd685	granule application	कण स्वरूपात वापर	दाणेदार वापर	01a6ba8351624b6b85dfc05acabfd08d
d4deeb30afc545e4b7a81c2d7b2f9416	grain threshing	धान्य मळणी	धान्य मळणी	b1b67b19c6cb462d82724ce5be80391f
2a29940ff33444eeb5b75514b89c0900	grape downy mildew	द्राक्षांवरील डाऊनी मिल्ड्यू	द्राक्षांहावने डाउनी मिल्ड्यू	041ccc006a204bb8b44e2ac0abc009ad
438a382d7bea4776b60c9049ad1e91aa	grafting union	कलम जुळवणी	कलम केनू	1a9d97566f3c467fbf92d1d530f861e9
65bbd416d23b4363b5f4b9711d55f93e	grain hardening	धान्य टणक होणे	धान्य कडक केनू	4b5b368ce6cd4eb184feb1a0ff5dc228
fb4501e6cbcb4bbda48d34168b21cf02	grain moisture meter	धान्य ओलावा मापक	धान्य ओलावो मापन यंत्र	af78bd994ded4e8589a958bd868472d4
735612d97e11458d8fc39fac34188564	gray leaf spot	पानावरील राखाडी ठिपके	ग्रे लीफ स्पॉट	9acc4cdabb2240c7978285ebac7474f8
b59e2be987554813bc70f4ce9dfed13c	grain cleaning	धान्य स्वच्छता	धान्य साफसफाई	44984c4b2272424b921549c5c08f0633
63f974488a17412f942cdaf0ad800ba1	golden rice	गोल्डन राइस (सुवर्ण तांदूळ)	गोल्डन राइस	691f270962c14e2f9426a9b11a02a028
cd41d88970c44687884657f12f82d48c	global food security	जागतिक अन्न सुरक्षा	जागतिक अन्न सुरक्षा	969b34fa1b1f4f67a943d7353c75595b
594d5edfb15d4f9aa6ef9055d45c37f3	grading	प्रतवारी	ग्रेडिंग	e7e95bd1417247c3851bb636b8ab9c3e
54073508323b41779a01f6b8acb02a4d	grain moisture	धान्य आर्द्रता	धान्यामेने ओलावो	a75ec9b9eef5478cabe53bbd4fd7bfc8
5877ec13b53d45c2ba4090e5e8c4fb51	grafting techniques	कलम लावण्याच्या पद्धती	कलम केनू तंत्र	87384129032f4d129addf6b098103bd3
b135d4e515db4990bbd6f576ad7ee2c2	gps-based farming	जीपीएस आधारित शेती	जीपीएस आधारित खेती	0f28b11f5293434295a71cf3b602fcec
ae78d84aa9574581ad07e622df0bd277	grafting compatibility	कलम सुसंगती	कलम केरुलो हारो	50c18744e828469e9b6c72f89e89e57e
a51309a520564674aa128f7ef2edea7b	grain shattering	धान्य गळून पडणे	धान्य फोडनूं	58dcb1474b7b44828e30ba20c87e6577
5879a572e82f4ce3bb5076d19647af46	girdling	झाडाच्या सालीचा गोलाकार भाग काढणे (घड घालणे)	गिरडलिंग	56069f39da374aa5ba0056730509720b
48dc30203c99436d90073438359b8284	gibberellin hormone	गिबरेलिन संप्रेरक	जिबरेलीन संप्रेरक	8796b73a9fb84b2d9a84b442fef79c95
17dc4c2f49ba44369eea80ab9009533b	green energy in farming	शेतीतील हरित ऊर्जा	खेतीम हरित ऊर्जा	326d63776f3342d490037e9e2d7f6f20
c8efa1d149614d9587b467217ff0f690	ginger shoot	आल्याचे कोंब	अद्रक	de3130fa0762412ba227cd2d930042fb
43e5070233d146ff978ae207182a2f11	graft compatibility	कलम सुसंगतता	रोपण सुसंगतता	0a16ff5e379b47218474e3e2813ada2d
982edd0a95ec4c3ba632857a308eb630	granules	कण	दाणेदार	228a51714cd84a17854963899d77c41d
56b629bf01c8479988a230dca66b34c9	grain weevil	धान्य भुंगे	धान्यावेने भुंगा	563eaee8cd5c453ba9038ad41d20c223
7c634de3d16c4ca4aff2ee4eff5bab5e	gobhi sarson	मोहरीची भाजी	गोभी सरसो	2e071d69ef5b4f208ce5092c51fef38c
d42a6e5131364fe59cdc28cfb911845f	gravitational water	गुरुत्वाकर्षण पाणी	गुरुत्वाकर्षण पाणी	e8ba492c4a1f44f7902bbaadd56e4981
c452d9d7199f47eca3f620f581b7ab1a	ginger rhizome rot	आले कंदकुज	आले कांद कुज	f6cf9b7aa45d4c548eb4a9957df49d0b
a1fe353d90ef40f696973d5909cb343b	granular application	दाणेदार खताचा वापर	बारीक वापर	6693c4acfd8f4e6ca4dca367426d376b
b9f487c6e6084bc9b09c5c63c81a17c0	granule applicator	दाणेदार औषध फवारणी यंत्र	दाणेदार दावो देवनु यंत्र	56ea0521478040b9ad4523154ee4efe0
71ed6240e70c4a65af31c9d4cc978ee3	gibberellins	जिबरेलिन्स	जिबरेलिन	99c6bcf8a17148369d5e0eea8a1b006d
dc56d1d6b73b4314ab1cb9dd3bb2a942	grassy shoot disease	गवताळ वाढ	गवत रोग	33d99aafbd93460eb215e184e2972355
f49d1947e4164bbebdb14a7ee13dd459	ginning percentage	जिनिंग टक्केवारी	कापणी टक्केवारी	730347bc7d7b482e97cefa735e1bddea
4f7f42a900864825bfe03e2e048cc580	global gap	जागतिक चांगली कृषी पद्धती	जागतिक जी.ए.पी.	28b7a31d2e2147df8d52ca23bf5c7259
83e42e66eb054a80b8feb3ae7db7df55	grafting knife	कलम लावण्याची चाकु	कलम केनू सुरी	47701009fc2446e781606248a435aae0
c90166f5794746bea159086e1a06b14c	gis in agriculture	शेतीमधील जीआयएस	खेतीम जी.आय.एस.	30ab2b4bd14e48809ef1ac1f027c5581
f72a28937ef84f8896cde210b2e65b67	global warming	जागतिक तापमानवाढ	जागतिक तापमानवाढ	e08cb5e46f1b4c758cbb373cb2ce06fe
b93a235f0d2743b591d27845d74b3312	germination rate	अंकुरण दर	उगवण दर	5aa0c4dbba70411f98c1b5df9fb44c97
6671278cf1184c87b8db42716d5b1324	grafting	कलम करणे	कलम	a185c1a94a14480da070c357478c0302
d8dd163eeb9a41b491ec04e76e135a7b	germplasm conservation	बीजसंग्रह संवर्धन	जर्मप्लाझम संवर्धन	c11088dc5e8e48f8a1a5d7da3f50cc2e
481559ea8188459195c05e1fb04dd6b5	grapevine mealybug	द्राक्ष पिठया ढेकुण	द्राक्षा वेलीवने पिठ्या ढेकूण	103d509b748549f480d3834bebd4a5fc
e5b8b34f82fc4a739b0345819a36ca66	grazing intensity	चराई तीव्रता	चारो खावनू तीव्रता	7a09d029bd4d46d29f941fb07b9e09ab
3d611246dbe24737b1bfb2f6b81f9bca	greenhouse structure	हरितगृह रचना	हरितगृह रचना	be14d910f9f54e1e956bedb2f5adaa6f
0fda107451954e1f8ba77de53ac488dd	greenhouse farming techniques	हरितगृह शेती तंत्र	हरितगृह खेती तंत्र	bab67c1324b54af583b57513f6a8615b
9a69266c7f274a41a28284e7a6da37a9	germination test result	उगवण चाचणीचा निकाल	उगवण चाचणी निकाल	f13301a902f6412a9bb920d47569d0e3
859b6a1b5fd54b97893cb9964748bfe1	ginning efficiency	जिनिंग कार्यक्षमता	कापणी कार्यक्षमता	5571e60c99c54948915796d9ff6eb496
9819bd6b93364d8cbb9f247d672f2122	greenhouse effect	हरीतगृह परिणाम	हरितगृह परिणाम	563e610cbfc64c90a81c4a500944cfc2
723e72c15d4e4bbebdae50fcc9b70281	greenhouse structure	हरितगृह संरचना	हरितगृह रचना	50fa5e6ffb594ec08d56566b3d742e43
7f1b71aea6a049828185fb9f21457fc3	chlorotic streak	पिवळसर पट्टा	पिवलो पट्टो	fb61db7bd9c648dbaaf73fa42f388319
453668a59be2474d92ff25ccd7cdee79	climate resilience crops	हवामान अनुकूल पीक	हवामान लवचिक पीक	6ac8a6353fd74b959a12128b8566d73d
dfaf1ed0e0ba448886c98a8c0f0b78f1	banana bunch cover	केळी घड झाकणे	केला बोंडा आच्छादन	d5811b5b6bfd435ebff3555151c582bf
8e531f5584294e5bbe88fe6a5b22a1bd	citrus black fly	लिंबूवर्गीय काळी माशी	लिंबूवर्गीय फळहांवने काळी माखी	eba90e27d72642e688bfddd83d49c5fe
28fe1315bfb04c3086ae702a839e36e5	stone weevil	कोयतील सोंडे किड	दगड भुंगा	576577237f384463b5dbaa908f4f499d
20afd8b9a6fb4f3db7157ab4f3651800	sustainable agriculture practices	शाश्वत कृषी पद्धती	शाश्वत खेती पद्धती	a538dcc5cd6046138b45c034dba7b7b8
2c3b3ca4a5e64e11abe27aa14fd7eaee	stover	कडबा	स्टोवर	2f791c8c5b584075b123962877c1dbe7
b99d3c102fb9476e87df889ab9752f31	storage	साठवण	साठवण	17fcd255be174eaea49df892faa95ac7
aed3d71f8f054353b62fccdeac29c2f8	sugar content	साखर प्रमाण	हाकरी प्रमाण	eeb57265b588441f8ec99e7be7eba544
3391bf90701741bf9f0a09baf21c7dcf	stubble	खुंट	पेंढो	63e40f28c95e43d58257b32adf61682b
a730a197e6f24434a3833f821209ca96	sustainable crop production	शाश्वत पीक उत्पादन	शाश्वत पीक उत्पादन	acf8f347540944ecbbcd5c05abcd7af1
f4a715b945c34795bf0659f951d7e8c5	sugarcane sett treatment	ऊस बेणे प्रक्रिया	हेडीव खत टाकुलो	7a79b5a825b744bc8b524445fb5454c1
bcce53654ca2452184c78f7670195bd7	storage technology	साठवण तंत्रज्ञान	साठवण तंत्रज्ञान	3d2e2830671843f6aef703a43cc1e252
35dc74b7bae14dd7bd858578440b8e5c	stigma	कुक्षी	स्टिग्मा	f0bced0b044c4f0893a0ea1a3428a64e
f538e26238f64264a146e1ee21cbb3d8	storage pest	साठवणुकीतील कीड	साठवणुकीतील कीड	1de002ca6f364c819bfdbcf66bedd06e
2d106b0a16654a38a8ba37390316904a	stubble burning	पेंढा जाळणे	पेंढा बालनूं	f3cc04cabcfa4648ae1fe3544e267c1d
41c806af0e33403babaec5b03eaf84bf	sustainable agriculture education	शाश्वत कृषी शिक्षण	शाश्वत खेती शिक्षण	8d56f1259aa248ab89d0e23637fc2612
c04244cb96124c28b844731f022a359c	sulphur	गंधक	गोंदरों	cdc08080e32947e0be55ab20a6fea8f4
3591088d160c409d9d5a9e86ebb1917b	subsidy	अनुदान	अनुदान	3856f49ea5a74d1cb03260332399c344
9acf4ba57a8b435984eeed6be18e6de8	storage insect infestation	साठवणुकीतील कीटकांचा प्रादुर्भाव	साठवणुकीम किडीही प्रादुर्भाव	76aa8bd831f941e39746f3dea252eaa2
6efdfb9a9300490fbd90c4ac7ba13b84	sugarcane ratoon crop	उस खोडवा पीक	हेडी खोडवा पीक	7dafc4e30b1941479ff586f9ae316657
57e0f4755dce4ae79b2d68729734ed1d	sunnhemp	सनई	सुंहेम	c925a44ae2174273bdfc05946a3841fd
f5fa4a2612ce4966b3bc586d59804639	sunflower	सुर्यफुल	हुरजा फुल	172dc12f3708479aa04d10d3ee3d65cd
81b26f09de91433db814b8b8cac759d7	stem weevil	खोड पोखरणारा भुंगा	खोड भुंगा	418a32eb358f415eb6ca2eb9f8c7691a
32221854cde04afca0b2df67a3e24c85	sugar recovery	साखरेचा उतारा	हाकरी	965861d50f7c4187a11e41e6afee12e0
cf8bc5345c1b4c6a86afd6179706a948	stone bunding	दगडाचा बांध	दोगडा बांधणी	e9343c044e9f4852ab23e2b4b8354cf5
6510bfa1c670487fbbc776a388c78be5	strawberry	स्ट्रॉबेरी	स्ट्रॉबेरी	581ef4d752634f2eb8b1ad1b60026d76
d9c73ffb08ef4f9cb9f966b092588968	stubble burning	शेतातील पालापाचोळा जाळणे	पेंढा बालनूं	d608e691002d459bbd645f60e791ede5
7167bceb444b443ba424976b5399bc9f	sugarcane	ऊस	हेडी	cbe3f8c02e6c46cba032c15a0267f99e
29e79fadc37c4b99b88ee7e0547070b7	storage bin	साठवण बिन	साठवण पेटी	429b0a921bef46d3a1ea929faaad24be
293a14315c454bdf9da5b9d981a15e92	sulphur deficiency	गंधकाची कमतरता	गोंदरों कमी	89227b9f5d36408c9d4aeb1b18a46e92
51183ba50fc34f1d9f2fc129880d6240	farm equipment	शेतीची उपकरणे	खेती औजारे	823ec620204c4ce4bbe4f812c5dc9a43
cbddcb09b5c249a59b8a213ab97e1510	microbial agriculture	सूक्ष्मजैविक कृषी	सूक्ष्मजीव खेती	7d711a1462c84d04a252e9b373987dbc
b68c3b1d85f04869a6c9b5312dfc6e24	microgreens	सूक्ष्म हिरव्या भाज्या	मायक्रोग्रीन्स	8d3da7a288ea4d5d81f9286e4c521eb2
f8fb407555f541fc9a403db4ae0a9568	import	आयात	मागावनू	9b695dbd6e674397ba75278b29f89459
c0d7f6b29bc641408097cd1f71f393e6	hypoxia in roots	मुळांतील ऑक्सिजनअभाव	मुलांहाम हायपोक्सिया	6b999141611c425ebc6a2966825b0c78
009cb6d13ef44495bcfb347dd90249a0	mechanical harvesting	यांत्रिक काढणी	यंत्राकी काढणी	a5e9b346ec2241689b79302e012c9438
22844ba1335b41ff83132c5e1fb584b4	micro-nutrient spray	सूक्ष्म अन्नद्रव्य फवारणी	सूक्ष्म अन्नद्रव्य फवारणी	93719c98a98d4b69b2d5dc5b27d86254
58b0913f070e44bda3c071f7ea46259e	migration	स्थलांतर	स्थलांतर	52cf392aad2946d2a1033b9ac660f872
4d7ecc7930684ea7affd4c8bf5ffe3f6	ict in agriculture	कृषीतील माहिती आणि संवाद तंत्रज्ञान	खेतीम आय.सी.टी.	cbf4ead213f6436a83f7a3b3fa324535
259c836047b043b6bda5ec9c38551dcb	midge fly	मिजमाशी	मिज माखी	2c5f9c6f9c8544ecba280124a4e43c06
2f706c9792ec47c984e6920d853d8d65	humid climate	दमट हवामान	आर्द्र हवामान	55f0b6c8a9a4473c8e87884d3905136c
c17984219b6548f3b47e8d9f4a7d2c2f	micronutrient	सूक्ष्म मूलद्रव्ये	सूक्ष्म अन्नद्रव्य	6b6c1cf7cd474a3ebbe802afb11cbd2a
189fc2fa4540483697eace79f6f506d8	hybrid seed production	संकरित बियाणे निर्मिती	संकरित बियारो उत्पादन	5ac7ae88f94f4a4eab6afe3dcdfe1703
01393188b0d34272a3d78494cc65df87	hydroponics	जलकृषी किंवा मातीविना शेती	हायड्रोपोनिक्स	895e4551d4704beeb2d670df16f82d90
ae418875bf5743f9809a65321ec1766d	hull	कवच	हूल	7195be4e4c1c4314ac769fe529a09cbe
cc23ab75200b4c008fc4a4816801b2ba	micronutrient mix	सूक्ष्मअन्नद्रव्य मिश्रण	सूक्ष्म अन्नद्रव्य मिश्रण	7786489076724769afd0d025d2696724
25ce786f41c746e6a018293f9e8824a9	hydroponic farming	जलयुक्त शेती	पाअयाव खेती	e6a5923cdf4945539709719ae3b719d5
c15c983f1c424945a14d5ddbc94433ba	hot water treatment	गरम पाण्याचे उपचार	गरम पाणी प्रक्रिया	d1401e1b7c7041cd9e085d6657f73bde
cc2a0a6cdc6a4c49a0b9f05b63b16385	microbial consortium	सूक्ष्मजीव संघ	सूक्ष्मजीव समूह	9ef09b185f044bb59220f5afe8c5364c
d93b69ef97a24a9c8f979d92ea2f7a95	humus	ह्युमस	ह्युमस	3c2a5e21c82e4b568b550126d9826737
a6ff659c15a74f7c8071f3cab6f0ad94	microclimate	सूक्ष्म हवामान	सुक्ष्म हवामान	06f2e317fd294dc28cdf3e2701123580
9c780811a32f4898b4731b7c113864a6	microbial inoculants	सूक्ष्मजैविक घटक	सूक्ष्मजीवजन्य रोगप्रतिकारक	e223009d58aa47d2bd68637a67cb5fcc
b7ea58e1248a468ca4accef6b973a276	hydroponic systems	हायड्रोपोनिक प्रणाली (मातीविना जलशेती)	पाअयाव खेती	747d231ed4aa4548bf2fb37be0f4fd70
6ac37d77ff924eb583e7eaae6cf09aae	improved tillage equipment	सुधारित नांगरणी उपकरण	सुधारित मशागत उपकरण	ec3bd681874e4ad385d6a3842fae206f
b50281a985314b6fafa995cf6795ba65	hydroponic system	हायड्रोपोनिक प्रणाली	हायड्रोपोनिक प्रणाली	0be2e3858cc44d4da0128c9942921f88
a5a48014fed94cb7ae9cb28ce3a6713a	micro-sprinkler	सूक्ष्म तुषारसिंचन	सूक्ष्म तुषार यंत्र	08aebd9f3b9748ac83b2af491ecb3c6c
c7e94e6329f14728a1bbc5c2fd765c31	mechanical weeder	तण काढणारे यंत्र	यंत्राकी खोड काडनूं	47a4ec22b29c4296a4374ee21a2eecd0
782b7537e85c492da3c2c09795462f5c	hydroponic vegetables	जलयुक्त भाज्या	पाअयाव पिके	48c4e853e5b64d8d804c93be3e5dc48a
d2171fef0f4d4cab9c35034b3fa5c122	hot water seed treatment	उष्ण पाण्याने बियाणे प्रक्रिया	ऊनो पायांकी बीज प्रक्रिया	811561ca31ad48bdacb821a14541ba25
7ff66deb55974a80ae73b7c2562e2e79	humus formation	सेंद्रिय पदार्थ निर्मिती	ह्युमस निर्मिती	d1172f9659484a7dafb1cb8b8f9afb77
be20673df63043e4a492ccb12cc2ac93	husk shedding	टरफल गळणे	सोत्रो काडनूं	1c5d3182732147ffbfbec9b78555594a
3c9231ca6e7a45a682bc5cc930bd3e41	micro-sprinkler	सूक्ष्म तुषार यंत्र	सूक्ष्म तुषार यंत्र	fb8193f6f9674656b0afbd265788ffc8
1ef060ccc8f24fbdb34302f5c4cdbd0a	hulling	कोंडा काढणे	हूलिंग	62c890ed1c4d4da9b4c1390df7f98a42
c60e7fc17bc24bea9925fe9303cd73e7	microbial biopesticide	सूक्ष्मजैविक कीटकनाशक	सूक्ष्मजीव किटकनाशक	764ef35f418b4805adfc8b095f367c1b
de7169dc3dd64fa98e9b253b93210853	hydroponics farming	हायड्रोपोनिक्स शेती	पाअयाव खेती	b7130e55a2c745a1b1e4358196ef3315
665f7a55e9184ac99a34b9f0b0d6b7cf	hormone application	संप्रेरकांचा वापर	हार्मोन वापर	c64d18896f8f430d89ca2cc4a444a891
0c687905dac042258530fa1dda888b28	naphthalene acetic acid (naa)	नॅप्थालीन एसिटिक आम्ल (naa)	नॅप्थॅलीन ऍसिटिक ऍसिड (एन.ए.ए.)	94231b4a1d914176bc2aaf0b1fd2f3fe
aba082c4d913436ea691fd8756510668	high temperature stress	उच्च तापमान ताण	जास्ती तोपा ताण	6906b9fb7b4d4260813a4613afe9add9
b04008b2960a41648516d4add53d2329	manganese deficiency	मँगनीज कमतरता	मॅगनीज कमी	d6bf60882271464c99df206d01daf421
7f95eb28a100490d9f44a49b9d4bf435	high tunnel	उंच बोगदा	उचो बोगदो	a781bf0f4d094374af6acfa6da4a0512
4df558ef89c741988d303f47a740ec0d	marker-assisted selection	निर्देशक सहाय्य निवड	चिन्हका सहाय्याकी निवड	2890ca343adf4427960867a64452a564
a929b47b6aff4393a04add6c9e8fd7e0	livestock monitoring systems	पशु निरीक्षण प्रणाली	जनावराहा निरीक्षण प्रणाली	f88017b5a76440a9a265ad744c31209a
4bde408c9f554091a78c168e8f0c785f	infiltration rate	पाणी झिरपण्याचा दर	पांय मुरनू प्रमाण	954a5d2e7c354ed0a4e4f31fbaf1b6ad
6fc442ca990041f9a2bf6cd1e8d1e426	livestock management	पशुधन व्यवस्थापन	जनावरां व्यवस्थापन	a4dbfafdcf3b46daa47e4180cac0c488
89fdc83006ba412e8c376d213fa43301	integrated crop production	एकात्मिक पीक उत्पादन	एकात्मिक पीक उत्पादन	903bdbcbfca343af932ed345e402ed00
9919776f5ef444e9b7fd627bcc7b7ddb	livestock health management	पशुधन आरोग्य व्यवस्थापन	जनावराहा आरोग्य व्यवस्थापन	5993cbd06a874a1491e48b66b98aa84b
4abb1d49191f48259f6de62c8a8ab3a6	nitrogen cycle	नत्रचक्र	नत्र चक्र	f4f6deb300214809bc0fff57b638d469
4710fdcaff1143558aa7a663a1a55263	mutation breeding	उत्परीवर्तन प्रजनन	उत्परिवर्तन प्रजनन	05de1ef9c39044149f26e9cf9792e4f7
403c578c0761413c9533dae70e1f103f	nematode infestation	सूत्रकृमींचा प्रादुर्भाव	वाळु	98aaaa293ef54c379061de51b575eb22
41fde0624d424783aa587ad54c3b1921	livestock waste composting	जनावरांचा शेणखत प्रक्रिया	डोगराहा साआ खत	8731acceaf34482583dd7d0e57623f46
d1beddbd7d6f49a7995d1641f370df13	mango anthracnose	आंब्यावरील ॲन्थ्रकनोज	आंबावेने अँथ्रॅकनोज	127f3b9f068e4b938f48b1bb31b712f8
6c6e235095a14892acfd50acb9e16e08	nitrogen fertilizers	नायट्रोजनयुक्त खते	नत्रयुक्त खते	6d56393bf971448cab073ec3b1df0937
ca78d29ff74843c78aebd2b86ebabdcd	nitrogen-use-efficient varieties	नायट्रोजन वापरास कार्यक्षम वाण	नत्र वापरुलो हारो जात	c39d6169564f43f790c2e1bb4e455b4b
6611c2366011402c8854325fd6876e74	livestock productivity enhancement	पशुधन उत्पादकता वाढवणे	जनावराहा उत्पादकता वादवूनु	1f15b38c110d4d739f00e250568ab6ff
690b42ac8ff74b539d2edc6dfb4aad95	nodulation efficiency	गाठी निर्मिती कार्यक्षमता	गाठी तयार केनू क्षमता	e2eed13ecd6d4e6b884d33a6ddfbae6a
0288ed10530a4f7d8aa4b71f9f21f0ad	nematode trap crop	सुत्रकृमी सापळा पीक	वाळुमेने जंतू फळहांवे लागनारा रोग	ce32355b414d44af99ed200537d2f8d5
e411c2be46354c1d84e103c05ef2c633	lodging index	पडण्याचा निर्देशांक	निवास निर्देशांक	9e516bc0b25d4945abceb4f8b013a7d1
c86e86baf6b245ae8353ca825ac452a7	natural pest control	नैसर्गिक कीटक नियंत्रण	नैसर्गिक किड नियंत्रण	4d8e59b77df7427e8b80c1d2bcf06597
d50410c764aa43ebb7498e3f8ec71f86	indigenous farming system	स्थानिक शेती प्रणाली	देशी खेती पद्धत	6aea5acc0cd64046b06624ac40f98ae2
6489f87f004349e0a967efdfe1e0646c	mycorrhizae	मायकोरायझा	मायकोरायझा	53a0355fb7be47b1a27066a5aa3f34a9
b826279f02f348c1887afb032e312ac7	climate risk mapping	हवामान जोखीम नकाशा	हवामान जोखीम नकाशा	365d8fe042254b958c29d6041aa40f26
763ce069ddde4e28b5d779a9a65a23cc	chlorosis	हरितद्रव्यहरण	पिवलो पडनारो	3e42efaaf10a4907b6b3e95d5a50b8bd
f0102a30545447e2875e91ab834592fb	climate smart seed variety	हवामानास अनुकूल बियाणे वाण	हवामान स्मार्ट बियारो जात	f1c94237e5914b52940598ba54ec5e54
92c2b883cb474098b14f911a06eb148a	climate smart crops	हवामान स्मार्ट पिके	हवामान अनुकूल पिके	60bb3146363140c6ba8f640e5c3be18c
642660b4a01b4263a9277a75ac42a1bc	climate smart agriculture	हवामान अनुकूल शेती किंवा पर्यावरणपूरक शेती	हवामान स्मार्ट खेती	1c6c83ad522f4befad8bbed8ff0317c1
e8f8b76a3bc54c1aa42e1cbe0e0b09f9	climate resilient crops	हवामान प्रतिरोधक पिके	हवामान अनुकूल पीक	5e8ea1c74c2f485dbfc73d9c4f21288c
dd7ac49772fe4a1896e27265d9c10e4e	cation exchange capacity	कॅटायन विनिमय क्षमता	कॅटायन विनिमय क्षमता	639e11c53e884e479e1b1d6e4b1f275b
2d494bc39d414873952b28aa6ee29a3c	chlorosis diagnosis	काविळ निदान	पिवलो रोग निदान	ea8cacdc90034dcc8498a240c8b1369c
eef9d1f2922145fda8e35905fe8d55c4	banana rhizome	केळीचा कंद	केला कांद	d48e1fd1e2544514a3313d61a6020819
ee74ea7e547d4051928ffdb6484b1eb3	banana aphid	केळी मावा	केलावेने मोदरी	2deb9af7dc1d43358af8e50e32e0bc26
c7a2d230b9ad4096b484a1eccbd1ed74	century plant	घायपात/आगव	सेंचुरी प्लांट	8be97817f00f47189fe7a0510f621aac
9ac4b5cdf3a343b6a38b124b8c53be64	climate change adaptation practices	हवामान बदल अनुकूलन पद्धती	हवामान बदल अनुकूलन पद्धती	c2c512af30764c70aa342c388999a334
a590161b9b124afcb6d0b5b090c867ff	climate-resilient agriculture	हवामान-लवचिक शेती	हवामान अनुकूल खेती	26b528bd66d741dc911425db102450da
d78e0f442a67419081d8cbf5c9806b26	chlorophyll	हरितद्रव्य	हरितद्रव्य	d0c0391561064bc883b9fe067618b60e
64087a1a46ff4037aa595a057fb2bb55	chelated micronutrients	चिलेटेड सूक्ष्म अन्नद्रव्य	किण्वित सूक्ष्म अन्नद्रव्ये	a673bb69b46a44458c601d8736941cae
6cb58223fc834fbc9991983da8a43c0a	cloning	क्लोनिंग (प्रतिरूपण)	क्लोनिंग	e27cdaf963fd42c09a21942f1166679e
c41f8f415b7942e799be5baf4ef9f480	microbial diversity	सूक्ष्मजीव विविधता	सुक्ष्मजीव विविधता	14eb7b2de42b4dcdbd59651ceb57cad9
f6c94e7cc78d44b0b9260ee23291c94c	climate-smart variety	हवामान अद्यावत वान	हवामान अनुकूल जात	846050761ab34650bb84a8422652a4f5
38a98cd070cc4e4098e381b545d5bdc0	basin irrigation	थाळ सिंचन	खोऱ्या सिंचन	6218fc5775aa45219b89d1733c612a73
26ecf7129b234505958077034361daf1	greenhouse management	हरितगृह व्यवस्थापन	हरितगृह व्यवस्थापन	55c71bc03b5a4be0bcbc6e1b8e808e0f
b80bb626191b417398b7f9307ea9ef3b	greenhouse gas emission in farming	शेतीतील हरितगृह वायू उत्सर्जन	खेतीम हरितगृह वायू उत्सर्जन	0c4682ac9e684d1bae9171593f7a7765
780fb9bdaaa44d979cc67a843db6beb9	cloud-based farm management software	क्लाउडवर आधारित शेती व्यवस्थापन सॉफ्टवेअर	क्लाऊड आधारीत खेती व्यवस्थापन सॉफ्टवेअर	f8807e8846454dbfa2672be23628b570
f52f3777538e43bc880d0f4b573f103c	hydrological cycle	जलचक्र	जलचक्र	f319974240f646c692db5b2066df13d8
454152c0cb15405d95e9b01c29c702f9	cocoa pod borer	कोको फळ पोखरणारी अळी	कोको फोलवा पोखरणारी ओली	83145311e3494662b50ad4fdf281e6ff
376fac56432445ef995c4dd24d72f98c	micro spray irrigation	सूक्ष्म फवारणी सिंचन	सूक्ष्म फवारणी	0f10e9c32f844dc28b580a1314207515
1d8ff6dec5624e8fbb708584fd7458e1	bay leaves	तमालपत्र	तेजपत्ता	d15bd93f8edd429c82e8072009a2ed6d
ff893eb6593442339c9349afe8faece7	cocoa	कोको	कोको	bc2d4c1afd194db792a24e2d2062e1b4
0514d5b5fe6448bc915b514debc7f1f3	banana weevil	केळी भुंगा	केलावेने भुंगा	393aa4ad661645d3952dd68053f7d89a
23dfdb231fc246b4a5e311cb0de65763	basil downy mildew	तुळशीवरील केवडा	तुळस डाउनी मिल्ड्यू	c09b34de7623415e98584411d84d559a
359815062edb459981f77db02c6fd412	inm (integrated nutrient management)	आयएनएम (एकात्मिक पोषक व्यवस्थापन)	आय.एन.एम.	2013e9e1e2ba48fb8dfb54d1f78909a2
e580149fb587441687f2f781f71caeef	climate-smart agriculture	हवामान-स्मार्ट शेती	हवामान स्मार्ट खेती	e6691dd41bd541189d03aedbf791b041
ddd9d55eee3e49dbb73e829e02782667	meat processing	मांस प्रक्रिया	माहा प्रक्रिया	be7ab54d035543348c1136a304501454
ce943eff007e48dda8bfc275813cac2a	night temperature stress	रात्रीचे तापमानाचा ताण	रातीने तापमाना ताण	5b5f4e876df0441a8f7aeb8808cfb3bd
47e2ab8a9f9e49ae9fedcd60f18f475d	horticultural therapy	उद्यानोपचार	उद्यान चिकित्सा	6e104d55ca3d4bf3a67a041f7d257135
7d772439e5e445268c2469465e84936d	makhana; prickly waterlily	मखाना	माखाना	fd5d0600353f4d148aeec40a0df2bd9d
98a9e68bb40f4a50a8dadbf6bc659b6a	livestock welfare practices	पशुधन कल्याण पद्धती	जनावरांहा पालन केनू	98abf9d28b044fea8844d956020683fc
b48a659f75a14ea4b37306b5be0aa0bc	heterosis breeding	विषमतेच्या जनुकांचा वापर	हेटेरोसिस प्रजनन	d0a7367b4753406b9fe69d56cd9d808b
976d1bf43cf04382bd26d483912a8bce	lunar calendar-based farming	चंद्र कालगणनेनुसार शेती	चांद्र दिनदर्शिका आधारित खेती	4f63a9c0e43946e8835854585a14797e
c9bfcbc243114da5adfa6dd854e54c5b	crop calendar optimization	पीक दिनदर्शिकेचे अनुकूलन	पिकू कालकुला हारो केरूलो	383db953349748cd9978d08088cf1b9f
b9cd1850af2744dab8b618a12ac87dcb	micronutrient solubility	सुक्ष्मपोषकद्रव्यांची विद्राव्यता	सूक्ष्म अन्नद्रव्ये पिगलुलो	8fa9177fc46146beb777dd478b7720fc
7cf5e410a4184b75a8e277aa64157e3a	crop calendar	पीक पंचांग	पीक दिनदर्शिका	6a5314d35f25409699ffe463c15caf62
7c892cf5ca204244a2131af9926b66ce	ephemeral weed	अल्पकालीन तण	अस्थायी खोड	0631a27f16cf4f77a9fa4311d2eff0c2
0313f795aca746fd88e8e62d3a0df08a	environmental impact	पर्यावरणीय परिणाम	पर्यावरण परिणाम	fbe925b32b05488e82b84d83bd662aa5
ba5cb4dc27944bffaa72908e8894935e	crop monitoring	पीक निरीक्षण	पिक पारखुनू	d35dd681a624454babd01b5681631021
84d71c2c770645b7870b1fd952e86634	erosion control practices	धुप नियंत्रण पध्दत	धूपो नियंत्रण पद्धती	5b0472a6c18b4eb4a4082e424c0a0cc2
228ca033a87144d587e58337da402314	crop growth regulators	पीक वाढ नियंत्रक	पिकांहां वाढ नियंत्रक	83d55e7ad786492e817347ded3a49fe7
3ac7bd9d5b714b98855e8b044ff21134	crop establishment	पीक स्थापत्य	पिकांहा स्थापना	0692a9079aad44fc88b9b0cf5586cc6b
99cb749cdf684f5094f187707aa7c54d	microbial biofertilizer	सूक्ष्मजीव जैविक खत	सूक्ष्मजीव जैव खत	c6196db09dab41db813e87d4305a8c0b
ab50e7fd6146459391602898ef5c326c	crop management system	पीक व्यवस्थापन प्रणाली	पीक व्यवस्थापन प्रणाली	dfdbd4b443a143bfbc04100159a7a58f
2ac4864e47734051af9faff35fda11af	crop monitoring systems	पीक निरीक्षण प्रणाली	पिक निरीक्षण प्रणाली	0458daf391df4fc19ae5501494c9a937
9a360376c1904a37a3c9a1ca0b9d46bd	ephemeral weed	अल्पायुषी तण	अस्थायी खोड	9adfff55722c4ffab4c19d6b5dfba5a2
e88bd2d250b5499e9684f5f2f8566ed2	cover cropping	आच्छादन पीक लागवड	आच्छादन पिकांहां	26ee629bb88044e89d1c270acf09ffc8
a6ecf719f7d749818290f246daa87560	crop maturity	पीक परिपक्वता	पीक पाकी जाहे	834a3633fed14d1b99c8fd31b1a5e313
e6c3a88a72b646e183898e2c68a29000	integrated nutrient management	एकात्मिक पोषण व्यवस्थापन	एकात्मिक अन्नद्रव्य व्यवस्थापन	39eac1ac59134af79e3819e6080d804a
5f1876218961425c897e86f69e3c466a	micronutrients	सुक्ष्म अन्नद्रव्ये	सुक्ष्म अन्नद्रव्ये	4518ca8894ca41838c748df7f121b570
c70adff246b342b4aebce7c46040a327	erosion-prone soils	धूप प्रवण माती	धुपो वेनारी जमीन	8ef6ecd3079849fe98ce5ae7602e0eb0
80f63162e85847b19b215a0a110936d3	crop disease diagnosis	पीक रोग निदान	पिकांहां रोग निदान	e51f6d3266ef41d2a1ebab28e5b0fc8e
b653df1d4fbd4240b6e3a57d261f23df	grey mildew	दहिया रोग	ग्रे मिल्ड्यू	5178adefb0794c4b81c810f9aeadcfd5
33d6a6a0fd5d46c1bc5c2abd7b5ffa1f	critical growth stage	महत्त्वपूर्ण वाढीचा टप्पा	महत्त्वा वाढी अवस्था	ce4ea66a370b4d4b8aba24ffcf00bb90
76604195aaf647fc82cd922f2743bd01	crop disease management	पीक रोग व्यवस्थापन	पिकांहां रोग व्यवस्थापन	ab8628ded6ad40faa69ea9049ba177b6
aae654bfa447447cafe24b1f3d90223c	crop management software	पीक व्यवस्थापन सॉफ्टवेअर	पीक व्यवस्थापन सॉफ्टवेअर	aa8e9aeaa48d42328edecdbbd1a4d9c1
26c7060f2574441cb5f225536a79912d	humus formation	सेंद्रिय घटक निर्मिती	ह्युमस निर्मिती	a51c5215e5154742aec3f7f2c3fec4c3
fe64011cfd9c4772a4a6fe62bba32523	hydroseeding	जलबीजरोपण	पांयाकी बियारो पेरणी	c22dab0320754069b0396aabae038935
88f894362a024b82bed2bb23185df375	hotbed	उष्ण वाफेचा गादीवाफा	हॉटबेड	6292490a7d0f49c2a3f077e8e757fb7c
dfbe32384d274cbcb91e3524c434ac98	hygroscopic water	आर्द्रताशाही पाणी	आर्द्रता सोखणारे पाणी	d98e62c52a8144ba9707332439ca251f
113cb08015824f3d8c0f96e54c9acb3b	crop monitoring app	पीक निरीक्षण ॲप	पिकांहा निरीक्षण केनू ॲप	8a0adfd2c81f4708a2a086b84de633c0
7e5fe443f0214f3fbf990642ed08cc96	cover crop termination method	आच्छादन पीक काढण्याची पद्धत	आच्छादन पिकांहा मोयना पद्धत	1aa7f9325de149c784078725187e7c9b
4e48d0b20af7409991b3246fe69cb581	grading standards	प्रतवारी मानके	ग्रेडिंग मानके	556b7ff5e53145fd9efdde5cf658ef8a
da5e564138b44f74b199c746d241a0e3	erosion-prone land	धूपप्रवण जमीन	धुपो जागो	1f961dfe9f05461187b9b733963c3ae3
71e1221965f3471f80be235900e769c0	crop audit	पीक लेखा परीक्षण	पिकाहां लेखा परीक्षण	0c2295d9c1b740afb732fc0aa9e630bd
918926ee1bed4d899f3eb045a1b93c07	humic acid	ह्युमिक आम्ल	ह्युमिक आम्ल	270005bf0c934093998e4ef1620b4d32
c7d8d325966a4f3fbc4412c89369b163	energy use efficiency	उर्जेच्या वापराची कार्यक्षमता	ऊर्जा वापर कार्यक्षमता	51cc3054ecc148678358ddcf6e182545
571b3b3137ed43cb8f43354720bb0bef	export inspection	निर्यात तपासणी	निर्यात तपासणी	9f8c2d00785c4a70a54322dc6b9503e5
71fd9dbe57914f8bba696473ad2e770f	hydroponic nutrients	हायड्रोपोनीक पोषकतत्व	हायड्रोपोनिक पोषक तत्वे	9ea29d56329f4c6a9abeb764ccc66229
54e5bd9d503a41bb97191570ca4c92ca	ethylene production	इथिलीन उत्पादन	इथिलीन उत्पादन	4a3877f2649e42f9bd907e19dde05efc
bf362115e0f944d1bd07c17082d040f3	crop insurance premium	पीक विमा हप्ते	पिक विमा हप्ता	d8c7237a39ca4879811e61748a8106c4
f55a87e12b264c178097f4714bb37d4d	crop cultivation methods	पीक लागवडीच्या पद्धती	पिक लागवड पद्धती	36cebce91ed748808b1cef4ac3b0553e
ef83082541cb47199c049a7819989a41	exotic vegetable	विदेशी भाजी	विदेशी भाजी	1658345d59ba4746bc48654b6eba427b
1d61c4810f544390aec4dacb626a90ce	external boll rot	बाह्य बोंडसड	बोरू रोग	a1fd9d94575049dda6605c25f0cf40b7
a509547449c945a987d7de7693f531b8	internal boll rot	आंतरीक बोंडसड	बोला माजमेने कुज	31c24e92b016465fa4daf8b3105c1857
52350f90de2041eeb2f3fa6e63f80322	crop health management	पीक आरोग्य व्यवस्थापन	पिकांहा आरोग्य व्यवस्थापन	5e1bd4262ffc44a18984da473800864a
eeb86d30b71048b2b02627a71510c92c	farm budgeting	शेत अर्थसंकल्प	खेती नियोजन	8aff342689ef471c8bdbef4b24d4bd7f
dd653cb5614144219ca1dc5a1cdb68a7	farm advisory	शेतकरी सेवा सल्लागार	खेती सल्ला	6e62b43d727b4b6ca9c776c5c7223d0c
3a1ffb34e6e64d8e8ef5e5188819c369	intercropping system	आंतरपीक पद्धत	आंतरपीक पध्दत	f7e5958ffc4341c1bf0b9cf594a6d50e
83a3e4b345e04c3ba26d648cabf93f27	farm equipment maintenance	शेती उपकरणे देखभाल	खेती अवजारांहा देखभाल	293cbab0002540bcbba3a270bc7d2e7f
6a81e293abd24feb9f6486d156b651b5	farm budget	शेत आर्थिक नियोजन	खेती अर्थसंकल्प	f63e0a26c5d24448832abd8db6df3f1f
b1f7d223c8284d5ebcfc401000c5da5c	ethylene	इथिलीन	इथिलीन	df7ad32a029a47ab9fd1eb861a82e0bd
e25cbad7d3f04669baaf4babbf65773e	ethylene production in fruits	फळांमध्ये इथिलीन निर्मिती	फळांमने इथिलीन उत्पादन	52c504b3f8bd4d63a24385ff9ca3e4bd
0eab344f72504ec08daf5edace5720b6	crop fertilizer application	पीक खत वापर	पिकाहां खत वापर	1c7bab93af34449b85b3230385c34441
2ca0fb0f1dea4728b87b33b1bbc8bc2e	farm diversification	शेतीत विविधता	खेतीम विविधते	26372fb93653415ead26d0731e612463
be3274481bc34e8c9c02a3913169c9e4	fallow period	पडीत कालावधी	पडीक कालावधी	b156140b02ba4c24a513329c89ec2d97
19cbea156d1f4311890019615dcc7d03	crop canopy temperature	झाडाच्या छत्ररचनेचे तापमान	पिकांहा चाडा तापमान	16df3a5eed0b49edb9a245d2ba16162e
39dda5d87c30423986a20bf516db3883	intercropping advantage	आंतरपीक फायदे	आंतरपीक पिकांहा फायदो	57d6ce74212541ed91e980381ed0915b
35fff7c83fc24a6782f82d7df031bc7b	crop fertilization	पीक खत व्यवस्थापन	पिकाहां खत	daf5e1f5e2b642728c487d3cba4e3c80
6ccb1fa0b68c4e3e9d3c3c1a51327a65	crop field mapping	पीक क्षेत्राचे नकाशांकन	पिकाहा खेती नकाशा	29b616b8457c43fd95229947fff4f21b
31e99d6115c8480ca686f3289db72248	crop harvesting techniques	पीक काढणी तंत्र	पीक काडनू तंत्र	020ba44fcb0d4f6b8e0f5eb43c3577cd
71c063a8f8e840bba599a2bee30ca422	crop growth stimulation	पीक वाढ उत्तेजना	पिकांहां वाढीस चालना	8b44b8f74f9e401fb1a772fed2c73da6
b367b26770c745dd908a167c25fa47c5	seed vigor	बियाणे जोम	बियारा जोम	95d44301f41f45169e3318c20fc9affc
42f2fcbc2ea643a98c8ce3ebe62c5603	sustainable pest management	शाश्वत कीड व्यवस्थापन	शाश्वत किड व्यवस्थापन	e65d378d3bab4e10a831aa9928b99768
c6d14fe1248f41998b3e0478f77918f6	seeder	बी बियाणे पेरणारे यंत्र	बियारो पोनारो	642cec112373441eb7a9e97e586e22c8
c023b6389f564db99979286bc49279ca	seedling transplanter	रोप लागवड यंत्र	रोपांहा लागवड यंत्र	fcb4418af1e14841b0793013e7893a2a
60208d1e161a4834ac7ca87387ef8249	seeding depth	पेरणीची खोली	ओनू खोली	f798112c31524678a591d44543800a47
7a27c68560064210bcbda9a97f4ec067	seed replacement ratio	बियाणे बदलण्याचा दर	बियारा बदलुलो प्रमाण	78b9633de6674963b218b5060341d55d
e8818cfe522e458a99b8879df23bf91d	sustainable yield	शाश्वत उत्पादन	शाश्वत उत्पन्न	f64fcb4653984f14b74ad6556d380c04
45b46a6d6af943b2a3868623ce4ea68a	seedling stage	रोपट्याची अवस्था	आदो	f1af7944c16a43c28420a87927068cb6
16122db665df4860878585649fd7db88	seed soaking	बियाणे भिजवणे	बियारो पिजवूनू	deb1fcad6f2748a1a0a28735046d0787
52c79a9271fa481aa959796e857b5f04	semi looper	उंटअळी	सेमी लूपर	60ea0ce7cfeb4084bded5187e13a2f76
322e3e0081364b48a58c338a82b96e77	seedling	रोप	रोपे	d9d93434776b45bebf17bdcc82fd2c54
3c604e2b93d543b58a20626583846072	seedbed preparation	गादीवाफे तयार करणे	वाफा तयार केनू	79aa8ad753ae4911bab2454f4a53ad7a
f4d89ee274c948c8bfb48f437077d787	seedling emergence	रोपांची उगवण	रोपांहा उगवण	0359ed61ef7e4d1cad30ff85571ea695
b7cbabc836d74f1c9aa9b4c4e23136d7	seedling transplanting	रोपे लावणे	रोप लागवड	8a3d86dc2b30419ebfa443aa39beed0e
3de2eca7faa94f4c86b714325957f0d0	seed testing lab	बीज परीक्षण प्रयोगशाळा	बियारा तपासणी प्रयोगशाळा	905123ea79e347d4966dd4a05b1dfed1
4064e21dd5124f478f60c3c960ab7f79	shade net cultivation	शेडनेट अंतर्गत शेती	सावलीम खेती	0c234c5257b346e0ba5dfa062a15fc47
a73d0297b9294801827d64b89e47ee79	sesame	तीळ	तीली	af2012679f3946fca4b3ba1b102c33a0
bda8a69b99ee47ad840e1d946c08b339	swales	दलदल	पांय	35e38198a00d436c86df2d0edda24bdd
dc59f79a17f745fb9a33591e522e2417	seed treatment drum	बियाणे प्रक्रिया ड्रम	बियारा प्रक्रिया ड्रम	c09ab8addc1746498113b91dd8d3a370
c2e718764f0d4652a2bd8018c7cea67f	seedling transplant	राोपांची पुनर्लागवड	रोप लागवड	52d9079815c84a38980417331a2bc4f5
8e19606af4214d5f88c19a4ff0774c6c	shade net house	शेड नेट हाऊस	सावली जाली पोंगो	38ff1926737a414582b3cba7fcb967f7
1b5da872cab34bbebaf1078b1dc8a4cb	seedling production	रोपे निर्मीती	रोपांहा उत्पादन	0090a1b91d4f4aebad112c850864fa8e
09e389be18374f59a65b06172ffb321a	seed-borne disease	बियाणेजण्य रोग	बियारा वेने रोग	d983dd82feb84f3eadd5695be66db2ba
d24172e0572e4b8293127adf16597bce	seed priming	बी पेरणीपूर्व प्रक्रिया	बियारा पेहला उपचार	f4e934238c994d4797e033c93b4cf854
794c77f6614a4c458c9c7a91fa36c393	seed selection	बियाणे निवड	बियारा निवड	720020a4cfc6447e8d591e8b88eb2fb8
33232dd32be34f749a42764bf9a80704	seed sowing	बियाणे पेरणी	बियारो पेरणी	2d37e614888545c1be82c4a583979e50
e1800fae69264b27bb7a3969c5ca4cc6	seedling emergence	रोप उगम	रोपांहा उगवण	a8fdf2bb731f41ae96e05b3f62599b9f
4284c06ff8594abab89dc485f35bb30f	seed production techniques	बियाणे उत्पादन तंत्रज्ञान	बियारा उत्पादन तंत्र	8219608f8ac74502b17bbd5fd0b6a66c
575c7d359fed4154886efcdc5aac7ab9	seedling growth	रोपांची वाढ	रोपांहा वाढ	94833279560441a1b883376b8a9e3598
c94a2a88faa74e42a6333f639c2174c9	seed treatment	बीज प्रक्रिया	बियारा प्रक्रिया	91617b9eb7344d878be7f6acf6ab3f8d
a4d0a056bd47458e9f9851178513bb81	sericulture	रेशीमकीटक पालन	रेशीम उत्पादन	9a7f6bc9db3e449b86c543e0a5881187
baa5efc498b94cfca224bd087f808846	seed production	बियाणे उत्पादन	बियारा उत्पादन	6bb6ee91f7cb4149bb1dd62603c97463
a45a826c99554839bc10b0f5adf35b53	sweet potato	रताळे	राताले	ff239cc731764f909899729a298280fb
913a13c282eb4031bf7162c2fabecd8c	seedborne disease	बियाणेद्वारे पसरणारा रोग	बियारा वेने रोग	3171cc5723d446cb97e21acd82367250
28873474eec9445fba32c3e42b6ea3f8	seedborne disease	बियाणेजन्य रोग	बियारा वेने रोग	25dd167b60f44467b2819fc7834e60c2
cd76177f757c4b718744c0ab278324ab	sweet orange	संत्रा	मोसंबी	6ab3e33b18464b3386ed120df1bb024d
0505aed6d5554362ac280900e7e7f18e	seed technology	बियाणे तंत्रज्ञान	बियारा तंत्रज्ञान	38372ae5c17140008a54658751bcc918
71208ee44e074341809c4a82f33deb6b	seed storage	बियाणे साठवण	बियारा साठवण	665a8ccf36b64f27af32be7383a90448
8fdd73c720a949e3b41def9c011c40e1	sheep rearing	मेंढी पालन	मेडी पालन	d30221da6bd84e96bb339eef3285cb2a
6e182f3911364220910103bb9643459f	sickle	विळा	दाहलो	379048ad0d6d44419ce4401a2ac16f60
60d4609f46464340bac82596555b804c	small farmer	लहान शेतकरी	हानी खेती केनारो	0a46235334e340aa89aabc586e709a02
a47cf9c6706f4139ad6f94a57ee12556	shevri	शेवरी	शेवरी	3d2c158739f14f7c9c34ea0c129f141f
862a9320929f4b73b8668c4f6c2fb29f	soil bacteria	मातीतील जिवाणू	मृदा जीवाणू	c93d40738d4b473682824a005724248e
e38c4eb46a7c45f09cfe39e8f8211b6a	shallow ploughing	उथळ नागरणी	उथळ नांगरणी	56f6b47fc0cb48b988fb3a138a44cce2
c58b4b48aff24acebf3a3a19e4777ac9	sheller	शेंगा फोडणारे यंत्र	शेलर	a104fe68afc04ccb99323e9ce4fcf303
1fc6444fd4c543d4baf915f6e74f9627	snap bean	घेवडा	स्नॅप बीन	96b8cd259ba942958c1addacb28dee9a
e6c3fa89c27343ad9bab5f60f7bf476a	shelling	सोलणे	गोलाबारो	61b87a6bf48f491e98df34ededb24b05
4699dc9749cc449ea5fd8544972bea61	soil biota	मातीतील जीवजंतू	मृदा जीव	0cf30e4855d8461695bf9186a9388c96
8a22accf6ff341f3b6a17a105e18cbb7	soil	माती	कादु	58197b76ad714b969cfcea19295af91d
d5a60551f7544d6f92d1a04d09e62212	sloping agricultural land tech.	उतारावरील शेती पद्धत	उतारावेने खेती जमीन तंत्रज्ञान	d24f851919434045b340a98b85ee10aa
0bf387d0496944b38f15b454c8f0845c	shisham	शिसम	सिशम	88eac590701443b2ae308abd833cae32
97d287d1dc914bd9b3b662f3c2ae4e7e	silviculture	वनसंवर्धन	वनसंवर्धन	2408e48389194ae199f870efa1ae9d1e
94232bf79aea4f3d8e26fa14a08b0caf	silt deposition	गाळ साचणे	गाळ साठवण	519603f615dc4e66916d85080e113d34
7d940ad573474e0fbc0446e3190a318a	soil aggregates	मृदा संघटन	मृदा एकत्रीकरण	6981f28a1ed74f4ab9525c04ca6c4ecf
ef20c5b207174910b630ff208b65898a	siltation problem	गाळ साचण्याची समस्या	गाळ साठवणू समस्या	4db82841032645578aa1f26bfbe1e3c2
382fa0498bdc4fa2b3718e8eb14e3ffb	shattering loss	शेंगा फुटून होणारे नुकसान	शॅटरिंग लॉस	cabcafc545a4422dac17a3a4f52e9a15
0e024e1f36e047d5a6a60084e41b73ea	social forestry	सामाजिक वनीकरण	सामाजिक वन	f35ed1ed10024d1c847a3476087e2644
380f919023124165a7c88db6ea3bd3a6	sheep farming	मेंढीपालन	मेडी पालन	5f87d34ecbfb44d394cbff30ab8b5588
c31b89fa22c74467a2035b0f06d8206c	shoot fly	खोड माशी	खोड़ माख	3ca55ed9f32c4c60a42a7550b8cccceb
a9bbdba1cc0d48d8a9ee721668f7e9e3	shrivelled seed	सुकलेले बियाणे	हुकालं बियारो	8105f456650a46c5940b57a2c3fd081d
3e7c52d35c7d421cab1c73fb27a7a08b	silty soil	चिकट माती	गाला कादु	e6aea7f506524a15b1fb8d6b138aacb6
46cad1891d2b40ffafdec0c1113c9efb	shovel	फावडे	पावडी	cacde3b0049742d190bf8265af2acbbc
c3feadb4af2f431a847558a3a6cccb06	shoot borer	शेंडा पोखरनारा किउा	फुटवे खाणारी ओली	8d1217e08aea496491e7b8f8c613f30f
c4371e88cdc64fdeb8a46cae3f0e17cb	silt	गाळ	गाळ	bf514530d25f41c7a9e139191bf7fe3c
0137aa8fcdee4cddac3716fff0cdbc14	container gardening	कुंडीतील बागकाम	कुंडीमेने बागकाम	0f9950f0f4ab4bb9b552207f4cd69cef
cbfa0dce107c4f4d9442435da8423155	biodegradable mulch	जैवविघटनशील आच्छादन	जैवविघटनशील आच्छादन	4a109ddee0c644e58b9e2fe0d2666cf6
2ea1c1b6ccbc4d96a7aa8ac37ce25707	composting toilet	खत निर्मिती शौचालय	कंपोस्टिंग शौचालय	fa30d16a2f74494e966c2e404dad7fa8
4fa9243dd74849bcac0d0b92cb5d80e8	bio-pesticide spraying schedule	जैव कीटकनाशक फवारणी वेळापत्रक	जैव कीडनाशक फवारणी वेळापत्रक	14d8d8d3696d4b1d8f610d9fd8575e14
d298cad2eca246a1882ec211ed3ced96	biodegradable fertilizers	जैवविघटनशील खते	जैवविघटनशील खते	caaaa22aab6d4e9a950d0e19f31e5abc
82ac4dbe55b74fb1b7de665d2a4fe53d	conservation agriculture	संवर्धन शेती	संरक्षण खेती	33cc1ceeb9dc4ca9a91637e857dcaedd
e711a58d499a43778caad644961d305a	bio-slurry utilization	बायो स्लरी वापर	जैव-गाला वापर	10b8873149894ffca382d854a28293d2
c5953febbc294c0989215955c5f34855	companion planting	सहयोगी पीक लागवड	सहयोगी लागवड	cf8eec0bd5654868bcd887520b7f29ca
035220c2826a48fb95ba6c5d81eff203	bio-based fertilizers	जैव-आधारित खत	जैव आधारित खते	5ae44301c7b64aff808bde19844c1061
b813ae4ebbfa45e1a51cb28ffd91e203	bhendi root knot nematode	भेंडीच्या मुळांच्या गाठीवरील सुत्रकृमी	पेंडा मुळ गाठीतील अळी	6a1169fbc1cc47b8b748fdc520ba5014
2d0d5478b60e49ffa9074bc798f1af94	contour bund	समपातळी बांध	काँटूर बोंडो	696caf3229cc46e8ad7dbbadac05d076
b27ff62ff4af4c4bad92d373458a5b55	biodegradable plastics	जैवविघटनशील प्लास्टिक्स	जैवविघटनशील प्लास्टिक	15d900bf8e734f3fb8b61fca383d91cb
60e41698e3614e45b6e00cce65a91411	bio pesticide	जैव कीटकनाशक	जैविक कीडनाशक	1c3516c50bd6430d91de9f97b198b5c8
c6f67cac60b14b2fa3f69aa699e21545	bio-intensive ipm	जैव-सघन एकात्मिक कीड व्यवस्थापन	जैव-सघन एकात्मिक कीड नियंत्रण	81635b74b79541acb735a6a2a68e0672
dfbc1c798ab64604bd4f7a90ae165542	community seed bank	समुदाय बियाणे बँक	सामुहीक बियारो बँक	7216d50af5ad4b27af15d9a94e8e05f1
5e3c5400e37a42318932eadfd550fb3e	cold storage	शीतगृह	थंड साठवण	e3912404273f4b5b85cf17556f30a90b
8ed5a61857184273b3a5566e8c9ef596	bio-intensive farming	जैव केंद्रीत शेती	जैव केंद्रित खेती	ee0cff2533954fa389dfca29a790c31e
cf8d88d0447442c987d0a03c0a733bac	bio-remediation	जैविक उपचार	जैव सुधार	7d19d2906fab4b89b4c8bbafc8f7e913
7acb41419a8041a888918ee9c60b75d6	biodegradable mulches	जैवविघटन आच्छादन	जैवविघटनशील आच्छादन	34e85c7d440f4755a746a9d3e3bfde04
d8ce9e53f3da4d9284c2beceefc91794	community-supported agriculture	सामुदायिक समर्थित शेती	समुदाय समर्थित खेती	939eddcfe4a44eec9752f2ff2567685d
a7e2425c480342678ca87467f067fd88	bioagent	जैविक एजंट	जैविक घटक	86e8d2921a5b4d3d9ff1f6ad10c612fb
4c2b92c77bc942f49608627a1fc28dc1	composting	खतनिर्मिती	कंपोस्टिंग	0da3989ec6974ec19c850c7abf2be7e2
5901cd22eeb14872bdca8ca5f8404cf5	biodegradable products	जैविक विघटन होणारे उत्पाद	जैवविघटनशील उत्पादने	40a5dfdf668c4cfebf0854eca2f28a67
b3a8141be28e4757aa23bce95c75599d	contact herbicide	संपर्क तणनाशक	संपर्क खोडनाशक	521a3014b1ad42b7950cdce8ad4ed06b
ba2d045a9e3b4d3ea6d15c90fd281694	compost turner	खत फिरवणारे यंत्र	कंपोस्ट टर्नर	a46cc293fcd2426b8adb5dd788c60085
d782670c4e6742eab1915851d668fa1d	controlled atmosphere storage	नियंत्रित वातावरण साठवणूक	नियंत्रित वातावरण साठवण	8dd40019377d4873b8bdf05dd012cc1a
f57cf49e88614e6093cf5b538656dd19	collard greens	मोठ्या पानांची कोबीसारखी भाजी	कोलार्ड ग्रीन	b539675bc0834db6914f21bc1161af55
1469bc5c19c34d7d9098d321406ddad6	compost tea	कंपोस्ट चहा	कंपोस्ट टी	96b4cce27cfe4c06819438487f7116d3
634622a365fc4c31bfc3b6f9a55f3cae	biocontrol agents	जैविक नियंत्रण एजंट	जैविक नियंत्रण घटक	71d065d2843348aead0a7b7e4a599ea4
9b47caa93fc94962b77f49828c81a9ce	biodegradable pesticides	जैवविघटनशील कीटकनाशके	जैवविघटनशील किटकनाशके	a14cc70844f6465db0f69e652bd1cd5f
935f29a1fc0f46878905a8fcb496f99b	biochar amendment	बायोचार सुधारणा	बायोचार सुधारणा	122543fd87ac4b968ef817ac4f5aca9b
aa6f5f14703c4ce2865e1cfb2e3fdeee	concentrate feed	संकेद्रित खाद्य	हारो खावनु	9f68f35301c74ed8abe5fd1df731d150
4902a92b43234146baef0827baea622f	coleus	कोलीअस/ पर्णयवणी / कंट्री बोरेज	कोलिअस	6f1f82df339e4f1c9a1ab5a5183dc981
55b44faaaca148bcab350e61af0ab39f	controlled humidity drying	नियंत्रित आर्द्रता कोरडे	नियंत्रित आर्द्रता हुकवूनु	c4e69b24208846ec9a0181097924c099
0d4dbd1e9a3f4f35babfc0246a953922	contour ploughing	समतल नांगरणी	सपाट खेडीलो	14335643a1a94530997113ab97e0e6fe
bc47d8c8ac2943caaae73a6e37b8dbc6	contact insecticide	संपर्कजन्य कीटकनाशक	संपर्क किटकनाशक	9086625318b046c2bd0c78f9d669cb29
4282b75b3c4e4e3bafef61baedc61fac	cold tolerance	थंड सहनशीलता	थंड सहनशीलता	da0b6270d05b409a862ac31c8d09509b
fc399e43bf6c425ea195aebf4a77fe9f	biodegradable materials	जैवविघटनशील पदार्थ	जैवविघटनशील पदार्थ	b1d1a4ff84c14fea92a9cf947576c58d
1c11b7eb9fdf49aea7c84e632358ccaa	biochar soil amendment	बायोचार मृदा सुधारण	जैव कोळसा मृदा सुधार	5c98453073074717a74810cb45a287ab
4d8b8ccc59114590ab71c40f70cb16ec	compost pit	कंपोस्ट खड्डा	कंपोस्ट खड्डो	e54d838a9557441888defda4f41ddeba
bc4615fea29f4b58bf208bf242d25194	combine harvester	कम्बाइन हार्वेस्टर	एकत्रित केनारो	15f6cd55486548f5b5b04cdbb464d62d
81e8d01905fa46d6ad501f8a06c81bdd	companion cropping	सहपीक लागवड	सहकारी पीक	e5c838590c0d486c8a505618978e91eb
a7f329d20e5c49398a50e9d94c26b86c	contact pesticide	स्पर्शजन्य कीटकनाशक	संपर्क किटकनाशक	bcf4aa26a8554568bea1d2418ed0e4c9
db7f54e8058d4b90a58bc99e3508220c	community nursery	सामुहिक रोपवाटिका	सामुहीक रोपवाटिका	8810731e626e4c9ab3ddbdc09ec00099
4f5cff4b9d6e4ca080d07c3f662314d8	bio-based products	बायो-आधारित उत्पादने	जैव आधारित उत्पादने	61fb7fa40aba4b82ab076588744d1fe2
b34fa1bca0494029a1da814f3327b05e	compost maturity index	कंपोस्ट परिपक्वता निर्देशांक	खत तयार वेनू सूचकांक	09f953875c4e4799a4f1c46b4dc72632
26b00a3ac8dc4014a043ba7f2ff97833	biochar	जैवकोळसा	बायोचार	2976242dd44441c589111202ceb8fe19
0052a781380045939af473caec164cea	bio-pesticide	जैविक कीटकनाशके	जैविक कीडनाशक	ad033bea265143219af5c56fd53176c5
0ab12ad74bca4b8080cbdc9086d069e5	biodegradable pots	जैविक विघटनशिल कुंडया	जैवविघटनशील कुंडी	9422697202d04c54b40fcba2ff121b6e
4a8a7ee8b67d4ffc8068165c3d874ca0	biochar application	बायोचारचा वापर	बायोचार वापर	c31f9dcbfb694eb597f6cfef768c82b8
123a3370f66c4bdab4c33ed85a13a601	cold stratification	थंड स्तरीकरण	हियालो थर	d343c39ae529420c81d26106d71737fc
c50c832adc60465ab765a3471cf40a48	bioaccumulation	जैव संचय	जैव संचय	32035b3fa4bb40a490dba08bd95af2ea
f82c70af81c04677abebaf6738b12ff1	controlled environment agriculture	नियंत्रीत वातावरणातील शेती	नियंत्रित वातावरण खेती	6746ac8229a54d6d8b88e59ef4f9241c
bbfea37e527442df93bf813c11a6c1a5	collar rot	मुळखोड जोड कुज	कोलर रॉट	b37dca4adc7246408355374633e601ac
37e3e3651c494bf3af660bb1d6ad0739	community supported agriculture	समुदाय आधारित शेती	सामुहीक आधारित खेती	3c02d4000e7f48fc86b2997c85d1f32f
31df79a6e3884182beefb5e36bcbcfa7	biodegradable packaging	जैवविघटनशील वेष्टन	जैवविघटनशील पॅकेजिंग	98edfb704b414a5a8da910f9bb26d16e
ae5e8f6931bf44a39b82305813bec4a6	bio-drainage	जैव-निचरा	जैव निचरा	47a4cd2f7b30424d9fed03431d14ec04
b624ef38a56549febf732cd813faebec	compact block plantation	कॉम्पॅक्ट ब्लॉक प्लांटेशन	हेंग्या लागवड	131d4c58e2c54446ad44f3e092579726
211dad3e6941420c8650631f672f4dd6	contour ploughing	समतल मशागत	सपाट खेडीलो	a48c47a4de044f12ae6d6dc90938b0e3
fa91ddef7dce473b8e24fa2fb1e121b6	bioassay	जैविक चाचणी	जैव परीक्षण	306f5a83ab5f45a6aaa9a6c3bff2c74f
f2caa8dbfbaf4788ac58acdecf4f0bf4	cold stress	थंडीमुळे होणारा ताण	हियाला ताण	1db166444a5e4eb9ace49e6637984ca4
12f91357f9464db4b2a3fc3d28c27038	bio-farming	जैविक शेती	जैव खेती	7f992de11f1f46fc991c12d2aed7b6e4
416647b026394acc97b942e11e8a1709	bioagents	जैविक घटक	जैविक घटक	7d648c6cce6e4260b317882ed813c782
c748c4ee88624b84bc7652e2e87d067a	bio-priming of seeds	बियाण्याचे जैव-संवर्धन	बियारा जैवप्रथमांकन	ca3eb94663c4455087f178919ed0e595
39b115e8a5da4e09915460ec9a689bc5	biochemical pesticides	जैवरासायनिक कीटकनाशके	जैवरासायनिक किटकनाशके	ad35f93dd3cc4b79a95e11afcd7a3cb0
2501d045ec8a41fe815cb1ccc9464504	collar rot	मूळ खोड कुज	कोलर रॉट	dc518c069a974f4b8171b6c415577308
fc418bb5f376481fa232a33b5e4b4383	commodity	व्यापार करण्यासाठी वापरली जाणारी मूलभूत वस्तू किंवा उत्पादन	वस्तु	29ca0693b0774cf7be2b674242ba4db0
c00b082e06ef4b04a569634d0f439d6e	contamination level	दुषिततेची पातळी	प्रदूषण पातळी	43ae77eb691d4eb9a1d1155572b7d96b
d4185227cf374c8b91a8bbe13bce9e8c	bio-pesticide spraying	जैव कीटकनाशक फवारणी	जैव कीडनाशक फवारणी	973aa567195945dd861bab68ae335171
067eb7bdf579403d901ff9fb6559d057	companion planting	सहचर लागवड	सहयोगी लागवड	43869ba23a864918b723a795b371741b
803e008f5a334561afc6b84ff90c0b5a	controlled atmosphere storage	नियंत्रित वातावरणातील साठवण	नियंत्रित वातावरण साठवण	135f4b7687f44e098f7d29a0e5eee322
7910421a0fc343d3842f570ae7f90e6d	bio-based pesticides	जैव-आधारित कीटकनाशक	जैव आधारित किटकनाशक	a49fed3455e040bf9e961f029c1d62bd
31eedfe0627448e49191f40382287eb9	bio-priming	बायो-प्राइमिंग (जैविक प्रक्रिया)	जैव-प्रायमिंग	263f099913e240fa9df9227090540a99
5148a2b7c3e94b91872e29554d302e84	binder	बंधन घटक	बाइंडर	2ad6d5aea0f0471d9cbee6cac568f91b
0701f5b1835b4a06beed46bb347ab0d6	commodity exchange	वस्तू विनिमय केंद्र	वस्तू विनिमय	6d004f3ce66e4a9b95d5eee466bfc3a8
d945bd73929a4daf9da7773422ef57f6	cold storage facility	थंड साठवण सुविधा	थंड साठवणूक सुविधा	f7262830446748c59198deedef85c1b8
f3a09d9668334635a86efdd8f7fbe068	bio-based fertilizers	जैव आधारित खते	जैव आधारित खते	e99d8a7501464d3db95e8586b81c005b
79f3be22866b4288a69b2c37d51093e5	biocontrol agent	जैव नियंत्रण एजंट	जैविक नियंत्रण घटक	8baa8876385d4ad184e09a9e3b436ad4
d5c7539ef9cb4a4e8c8f21957babc047	bhendi cercospora leaf spot	भेंडी सर्कोस्पोरा पानांवरील ठिपके	भेंडी सिरकोस्पोरा पानावेने टिपके	41e28801473746799f0eaeae0a6ef88e
488e7cea1ba14c8ca118c9e52859f75b	bio-fertilizer carrier	जैवखत वाहक	जैविक खत वाहक	64bf3487846f492a8e9e2e085ab9a071
fdd82e4b81464f018d77ff85737daadf	biocontrol	जैविक नियंत्रण	जैविक नियंत्रण	dbc61a4f7d5f436c83cc74f2af8ce64b
68ce2fe296f748d3add8cb52f962dc1f	bio-pesticide application	जैविक कीटकनाशकांचा वापर	जैव कीडनाशक वापर	8a9e101177b94f5794ade211aac616a6
c56d6b5557bf41db9dbc58933472bfa7	contour bunding	समोच्च बंधारे	आकृतीबंध बांधणी	286973411a37453b80a76d1d0694a99d
8598099361b8464283133a3c41aeecee	community farming	सामुदायिक शेती	सामुहीक खेती	cce6b6afd8354dceb998ebae9c971c47
add99d2a27b4478f8ddef337050efdb0	bio-intensive gardening	जैव-केंद्रित बागकाम	जैव-सघन बागकाम	1cc028391a824bf996f05c5041d722d9
5c69ec3f25ef473286b4037138b1387b	bibba	बिबवा	बिब्बा	1bdf4f849ad149119a3ea2101123cee8
c039c6f6cf9f4dcebc184871fc5b7c86	cold stress in plants	वनस्पतीतील थंडीचा ताण	वनस्पतींमने शीत ताण	cb18d344eeb74e01a31d93ac84120e20
780988c3a0554607ae6826e0b4a89097	bhatt	कमळफुल	भट्ट	ca790da5b3d0484aa41dfeabde17172c
1c55453edad04b07afc026f625b9e74f	contour farming	समोच्च शेती	समोतल खेती	e7a9675f017b4a9eabbff366c319c495
49341432955c4f8083da5af523f16a3c	biodegradable plastic	जैवविघटनशील प्लास्टिक	जैवविघटनशील प्लास्टिक	cf4136e8413146dc9099cb8f4999cfed
713d1f143e82469ab275fd32e40e1aa2	bio-control agents	जैव नियंत्रण घटक	जैविक नियंत्रण घटक	28482409009e49528477abb399657fd8
fc4e367cc6ac47ffbb266afec82e9845	bioaccumulation	जैव साठवण	जैव संचय	37b673bcc33b41dca0da5a45afc7e7d7
284f9664554a4ea6aa4e9e416e57f3d1	bio-control agent	जैविक नियंत्रण घटक	जैविक नियंत्रण घटक	5d5b72b7e6454855b65b9337e6792e13
5499b2c125e4417b8f2439a2e1be51cb	composting techniques	सेंद्रिय खत तंत्रज्ञान	कंपोस्टिंग तंत्र	27640d15f8bd4d0e8c2c3daf9ec91ffc
bbd7cc9c017e402e9b6e575e82d2f2ee	commodity handling	वस्तू हाताळणी	माल हाताळणी	bd235594a065418da25ac662c92c1528
3ae342201f4245f9a99f73c08adb63ce	conservation tillage practices	संवर्धन नांगरणी पद्धती	संरक्षण मशागत पद्धती	040c6eada55f47a3a607c6a3155c15d3
5370d4635458485abf4777a6baaf41bf	contour farming	समतल शेती	समोतल खेती	b159c21e470047c1969a3add2441e6f3
40643896a1884edab8005988eb3f4fa3	cold wave damage	थंडीच्या लाटेमुळे नुकसान	हियाला नुकसान	457369e144004a758c381dc415a7c7bb
b0ab73bcd9cb48c3a981f8ccf4bd546a	composting process	खत तयार करण्याची प्रक्रिया	कंपोस्टिंग प्रक्रिया	3a133e3f499640a8b54ba689530ca660
c80d141dbbc648e3ac30ef9163c99c25	bio-pesticide residual analysis	जैव कीटकनाशक अवशेष विश्लेषण	जैव कीडनाशक अवशेष विश्लेषण	aca06e94f83341d8a24813608ca69350
f6ae16216af24748877d192dafa7984f	irrigation water use	सिंचनासाठी पाण्याचा वापर	सिंचना खातोर पाणी वापर	4cc45baa99b045b393e885722ea184ea
cce17e3541314609ac849c34bb0ce6e1	irrigation canal	सिंचन कालवा	नेर	9493c16efd2a4ac69cc970a5ee55a242
234085fe8eec4c84952a9c9ce53ec5c3	genetic resistance	आनुवंशिक प्रतिरोध	आनुवंशिक प्रतिकार	5672904b927f4e82aea829b08f055440
f7652b227b3b46b1a2b7b57921ef7efd	irrigation	सिंचन	पाय देवनु	c431873d8a6a41d983cfebbd8ddb6768
1d67a8623b894ec3b1f93ab9704ef850	label instructions	लेबलवरील सूचना	लेबल सूचना	54431e2a9ee14b028dec23beec66a5ea
90c327746a0b4cb7a8f7ae255ec1a33f	irrigation methods	सिंचन पद्धती	सिंचन पद्धती	74a615ca95f7430bbb55b20ed0bf0c38
9faaa7bb69d24fefa4571e7d3f4be098	irrigation audit	पाण्याचे सर्वसमावेशक मुल्यांकन	सिंचन लेखा परीक्षण	ade54e19051f43939e8fae025f2a8e11
8099e52dfc0b40138580006df66baa27	ivy gourd fruit fly	तोंडली फळ माशी	कोला फळमाशी	e2d260dc7a794478a57ab1d94c81faeb
2bdb38e616c444859d4af0ebba482a56	germination energy	अंकुरण ऊर्जा	उगवण शक्ती	0996adf4344d4baaa26dae1d0419872b
a6aae14db139411c9ac15ec3dd8e5e9b	genetic modification in crops	जनुकीय सुधारित पीके	पिकाम जनुकीय बदल	009817c01a15473e9d283a1fd6b0c2ad
dcf22cb8f9264729a49b4fca80afe10b	interseeded crop	नगदी पिकाच्या ओळींमध्ये लागवड केलेले आच्छादन पीक	आंतरमिश्रित पीक	d82a8399d1fb4317bed97e659e2b5c6f
36ca9fed86874e1eb97933fc77a50a0f	irrigation nozzle	सिंचन नोझल	सिंचन नोझल	e85a854adfe0475db7234f6cb458f10c
7b2d3af479bf47c8bfe5a1a3ecfa1856	interveinal chlorosis	शिरांमधील पिवळसरपणा	अंत:शिराजन्य हरितपर्णता	01d1649bd27f4d60bd3f20cdb60d3f3e
bd8cf69e07ff49f285c00904e328143f	iron chlorosis	पंडूरोग	लोह कमी वेहे	f94d0480f06f4208ae001549c7434712
4f7cbd23b65d49f8a157431c738e3468	iron chlorosis	लोहाची कमतरता (पानांचा पिवळेपणा)	लोह कमी वेहे	29cea13456754763a82215d182db0650
f1ac3552752f44c79a112e6e2b0b1bcb	knol-khol bacterial spot	नवलकोलवरील जीवाणूजन्य ठिपके	नोल-खोल जिवाणू ठिपके	e5b7a5abbc3347d1b0e706bf92ead94d
bb4ef10229d344b48b0b41380710fef6	irrigation system maintenance	सिंचन प्रणाली देखभाल	सिंचन प्रणाली देखभाल	ad74f816ba384e71a82fe8f17781806d
26711acf0be0464692601187d3d87fee	kodo millet	कोद्रा बाजरी	कोदरा	7d2c00c4f9a548c1b8e5a5bf7ad7a9c1
ce32e36975944002a8a2b0b38b1519f6	genetically modified seeds	आनुवंशिकदृष्ट्या सुधारित बियाणे	जनुकीय बदल केलो बियारो	9fa4a7aa628548158c899abe7e23427d
be668804ae4a4014b530176156e22f7c	kole roga (nut fall)	कोळेरोग (सुपारीची गळ)	कोले रोग	c208b5c8ae364bb88a705422014b456f
af1bbe4f8daf4ef9997b4662f895cf22	geospatial technology	भू-स्थानिक तंत्रज्ञान	भू-स्थानिक तंत्रज्ञान	a900b3337cb2491bb77e512f2cf16f0b
2799114d6f874e8b922600edd8e1bf72	genomic selection	जनुकीय निवड	जनोमिक निवड	ce313b5833a24482a645ac01bed63194
6674abc27f1d4edda7186601256eb6e6	genebank	जनुकीय बँक	जीन बँक	90c6fe1e7ded4bbda58400477ff713fe
164439dbf25648b49e9035257f549948	irrigation water management	सिंचन पाणी व्यवस्थापन	सिंचन पांय व्यवस्थापन	9e2ccb14b0b64987ad76ba6a7e35a647
d1313217023349f88cc6835ab9e1ac96	kazra	कजरा	काझरा	524f9cdc14eb4bd2b317ff262ed3808e
f97ebd999b814438a689b2de60587197	kerosene emulsion	रॉकेल मिश्रण	मिटटी तेल	d549e5ac0c9c4a2e90c5ada41748b681
39a44ad75cc049e3be2cb9efaf04d296	genetic erosion	जनुकीय ऱ्हास	आनुवंशिक धूप	4d1316869f564a16b233ae03b022e400
7b9a3a96509849d0a52ef8a20a46bc5d	irrigation systems design	सिंचन प्रणाली डिझाइन	सिंचन प्रणाली रचना	adbac959e30c4458bdd6dd346357f682
5a16afb22ac54206a45dcfd9cf204abb	jute bags	तागाची पोती	तागा पिशव्या	113f6f7228574d9481568b64b2296a2a
a06c98c008e345a4bdb3a600299d6273	ipm (integrated pest management)	आयपीएम (एकात्मिक कीड व्यवस्थापन)	आय. पी. एम.	b151437c8ddf488a935be2c4e964d2bf
f77925a19880413385965dfa847ac80e	kardi	कर्दी	करडी	f9c36a39657440e1afb9daa84469e14d
6619d568c2404d93af8a45fbbfa86b7d	iwm (integrated weed management)	आयडब्ल्यूएम (एकात्मिक तण व्यवस्थापन)	आय. डब्ल्यू. एम.	ca538e6874fc44b6abc269d52ff0621f
23ab8638d5da4b3f839f1ae9250d8e16	iron deficiency	लोहाची कमतरता	लोहा कमी	eb9c8fe263f7481daad54564b2294b16
a96f8af18bfc4ed3a0c9a4f2282fa709	genetic resources	आनुवंशिक संसाधने	आनुवंशिक साधन	39bcf9f5629b417b9a2ea61f770cfb06
1e922096a59e4ad2a0955c2f2771723f	irrigation scheduling	सिंचन वेळापत्रक	सिंचन वेळापत्रक	2aa2453dadab44f8a03fb97d63eda47b
baa0459a72fa4a62b5ad5b18ca67d6a5	iso certification	आंतरराष्ट्रीय मानकीकरण संस्था प्रमाणिकरण	आय.एस.ओ. प्रमाणपत्र	17229b2124684a28ac10de6639e40c1c
1d0dfee37c0e466d92110303f575b89c	jackfruit dieback	फणसाचे शेंडेमर	फणसांहा कातरणी	b270d68d5d974c4c84ba73ba822ba97f
3672f2047f7c4266b872e393e93c4318	kadamb	कदंब	कदंब	48f0745915634352af4323c5bb297e58
a6648bd33a564c05bd42e8369e6b38b4	kiwifruit; chinese gooseberry; woody vine	किवी	किवीफ्रुट, चिनी आवला, लाकडी वेल	f145886cbe694c8289f75cde7da9a76c
51079b22a2a04987ac248de7f212e8e2	intervening crop	मध्यवर्ती पीक	मिरची	46e0725ed4e94e72938890e7082e6b01
1c9ae428fe8a4c0ca173e04320b3a9c8	jamun fruit fly	जांभूळ फळ माशी	जांबु फळ माखी	0f704ee7c0c84561a0630c6ccbf42871
9bdd6fe8cf4f4a8480f8b97c4b7a7e96	irrigation efficiency techniques	सिंचन कार्यक्षमता तंत्र	सिंचन कार्यक्षमता तंत्र	9a75bff5975d488a92bb433d6277d028
a4358b131b874bfbb6a3e8bc57965bdc	invasive pest species	आक्रमक कीटक प्रजाती	आक्रमक किडी जाती	4528c5b9c3874f5883627df0bfd04678
aa0cede2066b4963a3be4a013dddd889	geographic information system (gis)	भौगोलिक माहिती प्रणाली (जीआयएस)	भौगोलिक माहिती प्रणाली	d40c55912deb4f9a8b025b5152723949
ea2ee95c06594d5e98a51dcc7a5508d0	irrigation pump	सिंचन पंप	सिंचन पंप	9321b82ab18a4e288898cb2cb67700db
a6fb2025fc4447f1aa261b1ea3c9b39d	irrigation efficiency	सिंचन कार्यक्षमता	सिंचन कार्यक्षमता	63a9366b49944501b435a1ee579237cb
c23a890b36c144ac8b241a55bfe457eb	invasive species management	आक्रमक प्रजातींचे व्यवस्थापन	आक्रमक प्रजाती व्यवस्थापन	30e16938509c4afcba3f81d084282933
54ae6167f6ef4b3ba4a1ce6fa85953ed	irrigation interval	सिंचन अंतर	पाय देवनु अंतर	ca856105c26a4481a4d35f8078942cd0
b72be97130d444deb6b199e705f6e2a7	jointing stage	संयुक्त स्थिती	जोडनू टप्पा	0ff3b1b9f2a64fa7a7a92dd4beed17b3
46853e6212d849c9bd28b63437ad2893	genetically modified crops	जनुकीय सुधारित पिके	जनुकीय बदल केएलो पिक	613dd9ce9de2420b95a45049c51373d5
9f9a767f27f04afa816312b6aed733db	iron chlorosis	लोह कमतरतेमुळे होणारा पिवळेपणा	लोह कमी वेहे	7c9be0c77e6c4c11be9d3f37b539da30
c7d033575f114c34ae604fc5c283b411	ion exchange in soil	मातीमधील आयन विनिमय	जमिनीम आयन विनिमय	f716cb4803004d098cb26217951b17a8
c9873c714794491a9be13eb1f39ac1fd	genotype	जनुकिय रचना	जीनोटाइप	b9b5ac03e1b64e2e9123868b71ffbccc
18324486b27247b3b0e721e8a8ca0fbd	iron wood	अंजन	लोखंडा लाकूड	d13f6be4c7304b2f92d547add6e099dc
cc017ffdfb2a4c9cbbf6f63c088ec9b1	genetic bottleneck	आनुवंशिक संकुचन	आनुवंशिक अडथळा	164ec1737fe84c6d961dc1ff8f4148a8
f4c0748b85f2462aa5a2371b8cc837e5	jafra / annatto	शेंद्री	जाफ्रा	8905bfa653f843d6a0850efa8a2aa44f
98ed1c478d004beb806b93f8dea668d6	irrigation management	सिंचन व्यवस्थापन	सिंचन व्यवस्थापन	545fd512685e49b396d8d84a0bfcb861
7e7f9d8234fd40d6b261b1764e52b24b	genetically modified crop	अनुवांशिकरित्या सुधारित पीक	जनुकीय बदल केलो पिक	fcb2cf13e75648c2ba738029cdf75ab3
dfd6ff6aab6541629964f164ee2d570b	genetic engineering	अनुवांशिक अभियांत्रिकी	जनुकीय अभियांत्रिकी	a81f3bca22474c398aa4abf5e0c96289
f10a2d799fec468292972648a0420a00	irrigation system	सिंचन प्रणाली	सिंचन प्रणाली	d44c4408572c4b30926bf94560f48534
bc38da2648bf475dbba80e9cb835b3fa	irrigation technologies	सिंचन तंत्रज्ञान	सिंचन तंत्रज्ञान	86343b62f8d24181be0f7295f97d75ab
530c4f566de542259cfc260efd5ea7a1	isolation distance	वेगळेपण अंतर	अलग केनू अंतर	538ce34c71fd4be3acc20e32aa7a1f8f
7dc481e093c349bda8c930ce2dae47d3	jackfruit borer	फणस पोखरणारी अळी	फणस पोखरणारी ओली	1533b8df1e4241bb88eb539e1d6b7b2e
5e5ac2db68864d24ac14ae30f340ea49	irrigation system design	सिंचन प्रणाली रचना	सिंचन प्रणाली रचना	29b2d424aadd4790a89f1d0ed4c3ae07
9b37cbba0ab544b9971216ccc58252c8	irrigation head	सिंचन प्रमुख	सिंचन केंद्र	d8d5f56c9fb9429e82bd22882705497d
24b717a5e6d34462962b22d291bd49de	krishi darshan	कृषी दर्शन कार्यक्रम	कृषी दर्शन	40fa05408c1d485b8ef1fe291c732330
9ca905ac054944ab90f3ff3ecd61109e	kokum	कोकम	कोकम	83a79c46bc8f4ba9a52ff2beb9ff2561
e04351023ed842cdb7960398ab92a30a	interplanting	आंतरपीक लागवड	आंतरमशागत	39f0c730607c4d5e897c046620656adb
b7091f9dca0a452b89ed3c1c6e4b1e77	genetic purity	आनुवंशिक शुद्धता	आनुवंशिक शुद्धता	87fa87f973484d7eab0d988b84c2bf79
4d8fe071c73c42d580b99234973a7dab	jamun leaf spot	जांभुळ पानावरील ठिपके	जांबु पानावेने टिपके	fe82776ea0ae4c3287dcd63f5af76264
3633fc0c240d498497f966f9fdf31d41	genetic modification	आनुवंशिक बदल	आनुवंशिक बदल	ea4753cb425343ba8faee008e362f217
7b63ce64f0724bb294fec7e65481d03d	isabgol	इसाबगुल	इसाबगुल	d31c26afb16049eea516ac826a6b55bb
10fbd4ae0c594097b9dc7832c236ab6b	genotype by environment	जनुक व पर्यावरण परिणाम	वातावरणानुसार जनुकीय प्रकार	a745e68e23374b48bbf4566b4959f4d1
0a5e181e271647c59780a8650756280b	interseeding	मधे पेरणी	आंतरमिश्रण	7d252926c13c4ca4b7f8e99ae5f472f7
48dce87ffb1b452fa7a5d9793b9c08fe	irrigation efficiency improvement	सिंचन कार्यक्षमता सुधारणा	सिंचन कार्यक्षमता हुदरावना	a1af0095e1494b04a2e9db704e4a2a71
823e3044dfaa4cbe8ca08cb9a0f22d4a	crop yield improvement	पीक उत्पादन सुधारणा	पिकांहा उत्पन्न हुदरावनु	8db48c19c0564d12a5dc95b7292e0bb9
09ea2f574fa44d188fbacfa12bad6c24	crop rotation management	पीक फेरपालट व्यवस्थापन	पिक फेरपालट व्यवस्थापन	ce3a621095554a52825e7d7b9460816d
00f99e8d078c4752a9f002beb239a372	crop nutrition	पीक पोषण	पिकांहां पोषण	ef4d2d0d4ab3420d88caec06aa8be5a9
426a9a1f12a94f5ea81182a71cc1a57c	micro-irrigation system	सूक्ष्म सिंचन प्रणाली	सूक्ष्म सिंचन प्रणाली	f62fa1d3307440e78a6d0d0f91562d31
72f2a25fc0f144d89e20d3cdbe0113c3	crop pest interaction	पीक आणि कीटक परस्पर क्रिया	पिकांहां किडींही आरी क्रिया	3ebc685d99e144009efc71c1590ab7f5
07b2d74e13ca44f7bd609ee770889f69	blue-green algae	निळा-हिरवा शैवाल	निली - हिरवी हेवली	03f4cbd254224872849dcde25e89cb4f
81eaa8dd19014a67a890452c6c1d6284	biological spectrum	जैविक कार्यक्षेत्र	जैविक वर्णक्रम	dd27dd3bf61f4242be4449cf70a9f296
ac11a4c9817f416f9131a0ead7b272f9	bioenergy production	जैव उर्जा उत्पादन	जैव ऊर्जा उत्पादन	568928f7d331445abd84283033ea315c
36436f620f6e452d95f1ecc92e1c4a71	biosafety	जैवसुरक्षा	जैव सुरक्षा	2c810d444fea4d5cae5ab3a5f417083e
dedc8aebd33743ae80b1efc5119a6882	bioherbicide formulation	जैवतणनाशक सूत्रीकरण	जैव तणनाशक मिश्रण	7323c597153f40b9985e480840db54fc
7f1ebb281aea44808ac41e9c72ff996b	biofilm formation	जैवचित्र तयार होणे	बायोफिल्म निर्मिती	6306174c8fca43eaaaeb7f275bb23d74
60f57a7ef787428e82f9490e38d4ef99	biodynamic agriculture	बायोडायनॅमिक शेती	जैवगतिक खेती	cae983b0e81f48f980f59ba405300bcb
842a25554cca4889a5a59cb0feacb5d6	biotech cotton	जनुकीय तंत्रज्ञानाचा अंतर्भाव असलेली कपाशी	बायोटेक कोपाश्या	18ac6967fc254609bad9e015c582f035
1f1808c822194cb4a744697ccafc2462	biotechnology	जैवतंत्रज्ञान	जैव तंत्रज्ञान	8fe524fa9c59429294ed9d031b62d540
6d53e11227c84c82b7ab81639e67a1a8	biofuel production	जैव इंधन उत्पादन	जैव इंधन उत्पादन	c652e7a7fe184c40829b5040604159dd
bef21ed38d3942d7b273ae99d40f537d	biological soil crust	जैविक माती कवच	जैविक मृद कवच	41e21fd6331941babe8b27d92bfbe503
2130ea9f263b4bbabc6222566f0dc613	biotic stress mitigation	जैविक ताण कमी करणे	जैविक ताण कमी केनू	f75f701ebfd3468dbd0e07ac55eeef9d
cb522d9790774665bee60442a740fd54	controlled pollination	नियंत्रीत परागीकरण	नियंत्रित परागीकरण	8dfc73234bbb4d368153abf9f4b6c6e9
235e5f94fde845edb230c27dabc425ae	biodegradable waste	जैवविघटनशील कचरा	जैवविघटनशील कचरा	62d60190fbc841f58a383fde02c6aa95
459d2bcf340a488eb0234cd564f893af	bioengineering	जैव अभियांत्रिकी	जैव अभियांत्रिकी	375bc805181445aaa579653bf0fda7e9
ce968e8c8b1b4efba9941462f73e870d	bioreactor	जैविक अभिक्रिया पात्र	जैवप्रतिक्रिया	0848eb2b09bd448abdacdae36a3de8b9
e8350fb223ab4203b9045b1d320ecafe	bioefficacy	जैवपरीणामकारकता	जैविक परिणामकारकता	5bc9ddc0aa354c2fb01bcf1278f57e76
d5b8ea9808fb490b88fb27265d2dbb87	biointensive ipm	जैव-गहन एकात्मिक कीटक व्यवस्थापन	जैव केंद्रित किटक नियंत्रण	f34bd49d69ab44dba0d7040c083409b3
e66ee660e64142f3aa5d5e8e9d298732	bioenergy crops	जैवऊर्जा पीक	जैव ऊर्जा पिक	262f7c8d55904b698d2f2eeb89ba25d6
b41efcdd324c42beb1d2875d391e08b5	biostimulants	बायोस्टिम्युलंट्स (जैविक उत्तेजक)	जैव उत्तेजक	fb6f6716ced84e6aa8354f59ea9f9b7e
63fefb1d1e434e4395f26e6e3a19ec0b	blockchain traceability in agriculture	कृषीतील ब्लॉकचेन ट्रेसबिलिटी	खेतीमे ब्लॉकचेन ट्रेसिंग	b9d09002f4814fec9ca4782f7b1871a9
8c89546bdc28436681d1e5bcc6ea7f5b	bioinoculant	जैव लावण	जैव संवर्धक	6b0ab616904e405286c4f7eabef48414
0496b3f07ad144a5940e9f8ac20cf5e5	controlled-environment agriculture	नियंत्रित पर्यावरणीय शेती	नियंत्रित वातावरण खेती	14e1a39bbd5440ae9b39fc0794004760
878efa2abbe94c77937975e872c19a74	controlled traffic farming	नियंत्रित वाहतूक शेती	नियंत्रित वाहतूक खेती	891b2021f13f47feac94df96e79e6dda
ffab20b85718497c934ecc0b442330ab	biostimulant application timing	जैव उत्तेजर वापरण्याची वेळ	जैव उत्तेजक वापरूलो येळ	7f0f6268d9994ac09080719f691ec4f4
7bb9fc1d89ee419bbf5bee2298d33890	controlled-release fertilizer	नियंत्रित-विमोचन खत	नियंत्रित विमोचन खत	fe19a61f16a24c068ffa21666d9a7b81
7096e89d00224971aaeefa5b1b739047	biofertilizer inoculant	जैविक खतांमधील सजीव घटक	जैवखत इनोक्युलंट	5ec84388318f469ebde30b7a570a1d94
97cc59f91af24c1a8adb53a844fdc68c	biotechnological advances	जैवतंत्रज्ञान प्रगती	जैव तंत्रज्ञान प्रगती	e2897f334e1c4f3789aae3a0ec76f901
125e2e27ab6f4d12b6922a67d2dbab4d	biological pest control	जैविक कीड नियंत्रण	जैविक कीड नियंत्रण	44ee357100034237a2bc76a3922437ba
0f5a4f5a92f24d88bf7fc648f3a3c21b	blockchain in agriculture	कृषीमध्ये ब्लॉकचेन	खेतीम ब्लॉकचेन	1abdb625db524ff5ae5ec7630c14c459
55e547a461344b85b68aee99980ce73d	biostimulant	जैव उत्तेजक	जैव उत्तेजक	4e70ad8022a8473daa0b3d932ccedab0
87187d7e03c343aba8bb2335582480fe	biodynamic farming	जमिनीला एक जिवंत सजीव मानून केलेली शेती	जैवगतिक खेती	23ac738482d44f9faad7f3ed8d7ea1db
13b943845fdf40ceb311557ad459ca43	blight	ब्लाईट	करपा	727b8a0cb58844aeb344e2f68e9c1a52
06285c27ecf24bb5a2b4dcaa61608cf1	bioprospecting	जैवपूर्वेक्षण	जैवसंशोधन	a257402d2a6b4ce0b9bf3799f34e42d1
a3299f54d5754254873cfff7a5908d0f	biotechnological innovations in agriculture	कृषीमधील जैवतंत्रज्ञान नवकल्पना	खेतीम जैव तंत्रज्ञान नविनता	e048b8d871074ff8975387fc4c32fd09
a92c8705f3664ee78184289d23e538d9	biotechnology crops	जैवतंत्रज्ञान पिके	जैव तंत्रज्ञान पिक	d22bfaab2fac44149a1520c724167a27
a722209eabad459da9b295816a267c07	black rot	काळा कुज	काजळी रोग	e3cfc6603fab4e50a352aa46aade8875
330570ac9d7a4f7897a8ef08bde620de	blossom end rot	ब्लॉसम-एंड रॉट	फुले मोयना	f70d9ef380ed4df7911e3634381581e2
25b7539419734d91b307ff9a841aeeed	biomass allocation	जैवभार वाटप	जैवभार वाटप	a067dbbb4e4343a6bba7369c294c2894
5cea84e841eb4c559dfc5147c263a30e	biomass yield	जैवभार उत्पादन	जैवभार उत्पन्न	312d85e12bb244f2b95d12d9489cc73f
d70636cf9cb446da9dc0f456aeb06f95	biodrainage tree	जैवनिस्सारण झाडे	जैव निचरा झाड	d6f414a8aa454706bbd3f7359107e95f
54fb2dff821b42788eb9269669757307	biotechnology in agriculture	कृषीमध्ये जैवतंत्रज्ञान	खेतीम जैव तंत्रज्ञान	4cef43008dc944d3b4df26366d05c297
c029dbb2119e4b5aa7d6d89b92b6dcdb	bioenergy	बायोएनर्जी (जैविक ऊर्जा)	जैव ऊर्जा	d97afd54e4db4051aa307a02678a03f7
36db60069bdc4ff1af1406c0cb26bdd2	biointensive ipm	जैव-तीव्र एकात्मिक कीड व्यवस्थापन	जैव केंद्रित किटक नियंत्रण	3e6e60805a934ef49b3bc07840f51664
4fcfbf552a2c4257aaed4af3a51aed3d	biological seed treatment	जैविक बियाणे प्रक्रिया	जैविक बीज प्रक्रिया	6ab9d90044e0475ea66484bc3f1fa290
b931991498524b7db30600370dd5cc27	blue beetle	निळा भुंगा	निली भुंगा	5d8fa1315ae440ff90792566b73f99a2
889a6163223b42bc9ee41e2b4dbf8057	biomass accumulation	बायोमास संचय	जैवभार संचय	57a35c979a47469cb940ef30a97c5312
22adb15e781c4954949bca02f0e4ef8b	black fly	काळी माशी	काली माखी	cb48e694a19d40d596323a1ae1469753
fdd62e9e0a7f4303a933cfc43722b39b	biodiversity in agriculture	कृषीत जैवविविधता	खेतीमेने जैवविविधता	d2bd5b3a46f549d59a1f04078defa87f
e46c0ec9b91440c1a9ea4928d5f109c8	biological crop protection	जैविक पीक संरक्षण	जैविक पिक संरक्षण	aa1b6702d2004cb8b689681dc002c22b
9b69c9d6d37f4473a30ade09cdaa435a	biomass energy	बायोमास ऊर्जा	जैवभार ऊर्जा	9d2c11ca59064d1caafe8e2717b194c8
c2b5d9c8a1da47abae26cf8f9e3babf0	bioethics	जैवनैतिकता	जैविक नीतिशास्त्र	06ce8377665349118346faf538bbe489
207fee5a534041ee8e5525ab6d97568b	bioremediation	जैवशुद्धीकरण	जैवशुद्धीकरण	41da014620734314a5dce45cd17cff9c
872a167fd90d49d5b53a662c98f907cd	black pepper quick wilt	काळीमीरी मर	काली मिरी झटपट मर	fe8c43c5ca2a462a8291ccfe2c12d087
aad2550633c84f92bb1add721fefac7e	biofumigation	जैविक धुरीकरण	जैव धुरीकरण	a0d71c3b3bec401987ae00a8f01f02c7
37215a5b95e04621904265829139bd94	boll formation	बोंड तयार होणे	बोंड तयार वेहे	dc4f49bda948427280fc6c3b787e9afe
35c10749ea9c430dad4f55f64a2e08fb	biointensive pest management	जैव सघन कीड व्यवस्थापन	जैव केंद्रित किड व्यवस्थापन	2694a4be504f494da9b0fcdf8b6de029
fa3bff5edd474548ad9a39380f3d419a	biosecurity measure	जैवसुरक्षा उपाय	जैव सुरक्षा उपाय	ae5aa01189a2460290ed83da925ef9a0
04916f0bd7064d89a6b0344d199678d5	biofertilizer consortium	जैवखत समूह	जैविक खत संघ	04bdd2fede62401bab92f1b3318a460b
df32be7348644a2092fed755de6fd02d	biological control of pests	जैव कीड नियंत्रण	किडीही जैविक नियंत्रण	7e415e0d64654516a45b00bddd8889c5
dd92aee8432844f59e23b95be927e6de	biofilm in irrigation	सिंचनामध्ये बायोफिल्म (जैविक चित्रपटाचा थर)	सिंचनामेने बायोफिल्म	96aaf52ada8845f2b66092e22c342686
0d5ef5fcde2c44f6aa796bfa6cb90b52	controlled release fertilizer	नियंत्रित विरघळणारे खत	नियंत्रित विमोचन खत	be87bc77340b433bbdb4963bba5ff513
c0aaec2891984791b8f12626f7c4eb67	biomass	वनस्पती झाडे पीके व शैवाल यापासुन निर्माण होणारा सेंद्रीय पदार्थ	जैवभार	4c2d319211b44cb1bb14b0a558b5810c
155ed820e71f4137866cb74baf10fc7b	biopriming	जैव अंकुरण उपचार	बायोप्राइमिग	07289199e9dd4da1b8894a4537a3c7b3
9ff19b0d999242ab8d846ee798db1e97	biogas plant	बायोगॅस संयंत्र	बायोगॅस संयंत्र	77f1c9cf981e4273a991b0f8f51f430c
4fe91fa5f8e74d0e9f8cc4df3609e37f	biological soil amendments	जैविक मृदा सुधारक	जैविक मृदा सुधारक	c8c65f1e2e854d6ca7bfa5840affa2f5
8a9f191c670d46a08f3ce051eb30f601	biodegradable seed coating	जैवविघटनशील बियाणे आवरण	जैवविघटनशील बियाणे आवरण	f96252dcb61845d8976b3d12b7c807ab
bd5bb85047364496b2be4a8362d5dd59	biopesticide	जैविक कीटकनाशक	जैविक कीडनाशक	446d53671ddf4125b50e8610a6368148
36eb4f856a6549b39550c64aec717457	bitter gourd downy mildew	कारल्यावरील केवडा	कोला रोग	5bac5802bc1b4677872929a364be1f3f
cc41ebe1e6494f6a9707c3b6793ae930	biogas production	बायोगॅस उत्पादन	बायोगॅस उत्पादन	f1a5e9c9a2ee485db5c476d4acda6192
edfce0a3a3b34c18bd83c47f54347787	biomass estimation	जैवभार अंदाज	जैवभार अंदाज	a5456b7d729d4fe5b05af3dd6db2a025
3ae31d39222c499280c28462a38b78d7	bioindicator	जैव निर्देशक	जैवसंकेतक	6baad071a6d546d3843191191f8a5683
c09d10a6923a426cb9e530509fe5ae0c	black pepper leaf blight	काळी मिरीवरील पानांचा करपा	काली मिरी पाने मर रोग	b7f4527911284005ae4f662d8f1b5d32
1fbac85ce0d04bf186f9f883b1c54a94	biotechnological crops	जैवप्रविधी आधारित पीक	जैव तंत्रज्ञान पिक	d937a8faa3824a53b3c2f0bae2079b4d
b8256440bae34aeebd072b84a65612a7	biopesticide carrier	जैव कीटकनाशक वाहक	जैविक कीडनाशक वाहक	1e52a715f6ef4cbf976fa8ce8162b1f4
5c77004230b6416d941c2bdc742be8b1	biological nitrogen fixation	जैविक नायट्रोजन स्थिरीकरण	जैविक नत्र स्थिरीकरण	dc3e0618f6774a26b50f0863cb45594e
e3ba9ea18b3246c98dc9b61f3fca54eb	black spot disease	काळा डाग रोग	कालो डाग रोग	44796d5f388e4ff79a3c1525cbe01516
6a4963c0e71f451a83176d0af9d9c15e	bioherbicide development	जैवऔषधीनाशक विकास	जैव तणनाशक विकास	1863243f74c44edca108d11ba94ff9f1
5f3f8267c2b54e638cd08806d8213002	biomass partitioning	जैवभार विभाजन	बायोमास विभाजन	c1d612cc70e14b75abc83ab3afe3a43c
5c0dc2ae054548738aba9880ae20fa8f	biomass production	बायोमास उत्पादन	जैवभार उत्पादन	e918d0b7b8c24c51967960933769ae21
445965120a2e44909246321031d03a36	biodiversity	जैवविविधता	जैवविविधता	6c9da07b169347f49276f6b1e4c496d8
ebc6e46b3cce423493f9b3d55a58c4ac	bioherbicide	जैविक तणनाशक	जैविक तणनाशक	01f563dca3124bb6bdd2157b1c4f2bac
4144f3588ae64984b83e4d844dd5fc01	biodrainage	जैव निचरा	जैव निचरा	1ffd4c4b428444dcbe3b5beb29e24552
6c3bcd1df45640c49d987a1f044b5d38	biosecurity measures	जैव सुरक्षा उपाय	जैव सुरक्षा उपाय	da3a3872c09f482d84943c95e448e2ef
052f32c76cad4b068d7c6dfb400b2831	black stone flower	दगडफूल	कालो दगडो फुल	eeeaf8e73fb24c909339c50673b98836
21677e6cd82442b4aa766147a0211aac	biodiversity in farming	शेतीतील जैवविविधता	खेतीमेने जैवविविधता	a66ca0a6436740dc9b673bad276c7772
82265b22f77344bfbcf9f25cd0203ab3	biotech crops	बायोटेक पिके	जैव तंत्रज्ञान पिक	ba3b3d9831e649849094904fc7568090
a226934104d1498486a48b5868b44503	biological nitrogen fixation	जैविक नत्र स्थिरीकरण	जैविक नत्र स्थिरीकरण	85ac65e9550a4cf4b93d9a02fa9c8968
9b9825f97e8f417ead7210f7908f52af	biogas generation	बायोगॅस निर्मिती	बायोगॅस निर्मिती	7abead9f7eba40878a65b2c2921d3ccd
624869ea71804c308cd6527156f10b5c	biological yield	जैविक उत्पादन	जैविक उत्पन्न	3185840821fb4cc38c47fced5fa5ad89
e29ab0741d3245a29e2a641dd8d7734e	biodiversity loss	जैववैविध्यता ऱ्हास	जैवविविधता नुकसान	bd55a5b4c208482cb5a512048350ec4a
8d3b31e3af4144428a42bfc11e08c8ab	biodiversity conservation	जैवविविधता संवर्धन	जैवविविधता संवर्धन	7bb4f268b55c4192a2ef0229d6ccee73
d0a9b82d25364156909532c0b266d3ca	biodiesel	बायोडीजल	बायोडीजल	a39f060cb5224a6cb2f7c8a64c8ee457
28b1b16f453f4b238bb39e1441f3278a	bitter gourd fruit fly	कारले फळ माशी	कारल्या फळमाशी	4d311d3705984d4d9eadc78783260f7b
57ba414af4b64b71a30cac1ae4689e02	biofortification	जैव संवर्धन	जैव समृद्धीकरण	9399537fcf614c4884be06c02f52bf73
740193e1d33d4ac0bc3e584eaece28ee	black root rot	काळी मुळकूज	काली मुळकूज	ef7c29ffcfe44ccfa237416e9483f315
aa32c0105761466ea074ed336664614a	biotic stress	जैविक ताण	जैविक ताण	cdb3aa158a454c4592209acce19ba554
5f7cc8c44c3d433ab75479fad1cfed7f	biological oxygen demand	जैव ऑक्सिजन मागणी	जैविक ऑक्सिजन मागणी	d199836f49744b419979c0d81990cc48
111ce85ce0c44f3e98789417ba535870	biodiversity act	जैवविविधता कायदा	जैवविविधता कायदा	94a6ecc6b2114f808d2755a85cdeaaad
c929a1626a3140d8863a2347775af2c2	biofertilizer compatibility	जैवखत सुसंगतता	जैविक खत अनुकूलता	cc86f4eeab8c4dadbbfb5853a323d418
1863bd8820fa4d1587c3c8e09f77f7b8	crop calendar	पीक दिनदर्शिका	पीक दिनदर्शिका	57ad306e51db4db9a510414c33be11d1
8923a21bd126421da8075e1a41ec2989	crop modeling	पीक मॉडेलिंग	पिक मॉडेलिंग	dea0379b98874071a172b10e08a96226
5b22cbb72c484c388aabcf0e4f47a6d3	microclimatic factors	सूक्ष्म हवामान घटक	सुक्ष्म हवामान घटक	804638e5ab024fb5ba1ebace5c98a4bf
fa542cbda58b4c1f87a5a4dd5d8baf76	crop disease resistance	पीक रोग प्रतिकारक्षमात	पिकांहां रोग प्रतिकार	549203ae82104f70b8e4cfd9a843e041
7ed23f8c2d8940969edae6d61e612b1a	crop mechanization impact	पीक यंत्रिकीकरणाचा प्रभाव	पिकांहा यांत्रिकीकरणाचा परिणाम	9de8fc3c446e464d9a3199a1d92555e0
c877d0cce41746f68af39ba12eb5e3a9	crop disease surveillance	पीक रोग सर्वेक्षण	पिकांहां रोग सर्वेक्षण	8853b67eaaa14ccfb855b31fa18770ca
0c91759a1c2f455492a5fec4e6c1127e	export-oriented farming	निर्यात-आधारित शेती	निर्यातोन्मुख खेती	95764919c760481f827f6d3ecf9a331c
c82199ac8979415baeeb7ff377b8aaf9	intercrop nutrient sharing	आंतरपीक पोषक तत्वांची विभागणी	आंतरपीक अन्नद्रव्य सामायिकरण	dd5939303030440398887bcef5fa1be1
b71bd7df30884568ba949ba7bb71d091	microbial activity	सूक्ष्मजैविक क्रिया	सूक्ष्मजीव क्रिया	1469f4d76609497f94cc7725b4b8af99
dadda637889744368f0ac49c2ded9cb7	microbial culture	सूक्ष्मजीव संस्कृती	सूक्ष्मजीव संवर्धन	b0f83e9b99d14867a70e2d9183e13fd7
d709d59435814a518886ecb63b2f029e	crop calendar app	पीक दिनदर्शिका ॲप	पीक दिनदर्शिका	690c254d2b4d4170b9f0baaeb6ed95f3
124d31367ad6408bb2b16f0aaab30f92	crispr technique	क्रिस्पर तंत्र	क्रिसपर तंत्र	d3433456443a4100bb539a2f5b47b1f3
ff8304ef275441ffb4503e72eb615bc3	drone sprayers	ड्रोन फवारणी यंत्र	ड्रोन फवारणी यंत्र	ee461a1f360f4c8cbfe30b8edd33b497
fee33c4215d64d2c89d2ac6e16a7913d	livestock management systems	पशुधन व्यवस्थापन प्रणाली	पशुधन व्यवस्थापन प्रणाली	9be39f9aeee142e085a1b42b9cd4a76c
bdd06959e96a4c35a86b5e347028c604	livestock welfare	पशुधन कल्याण	जनावरांहा कल्याण	ef0b5f1a63d246aea6901098095b2f6a
632f1332c1874a80807faba5d6663bef	green cover crops	हिरवे आवरण पीक	निलो आच्छादन पिक	230c7383243f46fc925ddc1ffb5e7dbd
5a97308ad020421a9457cd2764647923	e-nam (national agri market)	ई-नाम (राष्ट्रीय कृषी बाजार)	ई-नाम	9b16193d7ac14757b670bb3a644fe2f9
0f997cbe9bee439199c8490a707a68a6	radish white rust	मुळयावरील पांढरा तांबेरा	मुलांहां उजली तांबेरा	0f4f75444aa548d5a129cf7600183364
b40ee2d77a0c4006912954bb835abb22	drought-resistant crops	दुष्काळ प्रतिकारक पीक	दुष्काळ सहन केनारी पिके	bd396a77912e42819bd280ab0cb766b6
6fdd1eed063b4bf9b241978cde1ffda0	e-agriculture platform	ई-कृषी प्लॅटफॉर्म	ई-कृषी मंच	78c9696686df45898936a56da988673d
ec96cf89f67345e7819be9d62fb17bb9	dripline flushing	ठिबक रेषेची स्वच्छता	ठिबक सिंचन	e230904bfb5547f5aa21e537ae530ce5
219185f35fd94472932147c375db8f94	glasshouse	काचगृह	काचघर	3ef0d2f32ab741e7a26189c2bb9bb7e9
6c857274a1d44949b283b22a1b17e2d6	seed certification agency	बियाणे प्रमाणन संस्था	बियारा प्रमाणीकरण संस्था	ed275bda499747f3a548ae89539c0196
6e007a797bdc41c9a3f4e536c0945db2	high-efficiency farming	उच्च कार्यक्षम शेती	वाद उत्पादन खेती	3aef2d42b89f40829518e40b3ae42fdc
443ccdd63f9c45ca88a7c7f735b4a44d	drone mapping	ड्रोनद्वारे नकाशांकन	ड्रोन नकाशा	e76b7e1577f441bc8197264de6cb8974
fdcbea0b5d16429baf00e2b41c9d47be	livestock welfare management	पशुपालन कल्याण व्यवस्थापन	जनावरांहा पालन	821a133d9adf4667a33ead58074842b6
dc540cedbdae400f954bf16ab74f29eb	seed germinator	बीज अंकुरण यंत्र	बियारो उगवणू यंत्र	440bb25f90b24a4b9c76124bddbe888a
282eb44e39c94fbb84cec53255a02da9	drought stress	दुष्काळ ताण	दुष्काळ ताण	e2d7704ce62e4b3991e90d4d28a454f1
f39fb9d56b384da189f989fa4bb95d99	natural fertilizers	नैसर्गिक खते	नैसर्गिक खते	dc182a6387b0436291648bc50307db79
0514e37978204e8e806077a045396081	e-nam	ई-नाम (ई-बाजार)	ई-नाम	15191d05ea174881bb576c6afb650f54
d26f69e13dfa423b92f8c3524686b5fa	drone sprayer calibration	ड्रोन फवारणी कॅलीब्रेशन	ड्रोन फवारणी यंत्रांहा मापांहां	1b9e33bd999a4479a43f71bac32f14c9
3138fef0d4d44cda9d8b0479b5a22e1e	mechanical control	यांत्रिक नियंत्रण	यांत्रिक नियंत्रण	fdf9ec9ba8c0480cbf503243846902d3
b0c33ac0b0cb4040a2390b9d7049e893	hormonal spray	संप्रेरक फवारणी	हार्मोन फवारणी	e599b6c288664191a65f29c85f764aea
78fbb0a867bc4ed2a6c5741771422576	seed dispersal methods	बियाणे प्रसार पद्धती	बियारा प्रसार पद्धती	4a20b36c9f0f4009904ec8f274a5367f
e0b2e4b57b0f437482df1bbec34bec0a	dryland watershed	कोरडवाहू जलसंधारण	कोरडवाहू पाणलोट	dff2b08d4a65406199c954c8f5f4f2fb
fca7bd452cb444c1b1406aef6e9026ac	quiescence	सुप्तावस्था	शांत	3e9c49036fcd40e7af6096e3ecc02915
53cf86ce4ceb490d8ef226221bf0eb94	drought resistance	दुष्काळ प्रतिरोधक	दुष्काळ प्रतिकार	5864579612f1453d8853558fa3f37a8c
7de4529d2ee948a7900f3fb42461dc0c	drought escape mechanism	दुष्काळ प्रतिबंध यंत्रणा	दुष्काळाम बचाव केनू उपाय	83438873e6a44042972bb0d9104232a2
7752364d94f940a18fba3df0716cda2a	drip fertigation	ठिबक खत व्यवस्थापन	ठिबक सिंचन	1cb00c70296a4dd998e69e20ed310575
78b17c0d334c4b3d82e719ef240fed21	drought monitoring	दुष्काळ निरीक्षण	दुष्काळ निरीक्षण	d32875a8bc5344a4a6dc969e6cbe87c2
5228038818f4429ca1e6b6a2e55065f8	drone-based crop monitoring	ड्रोनद्वारे पीक निरीक्षण	ड्रोन आधारीत पिक निरीक्षण	2416136cb6514dcdb6571c4b23914244
a70216becc91438690fc0762f49e1343	seed dormancy	बियाण्यांची सुप्त अवस्था	बियारा सुप्तावस्था	f4e5974d51844c33af86a66fc0a75895
9c96820ec6d54f0b84a3ffc24eb9a367	homogenization	एकजिनसीकरण	एकजीव	e01cb6b1d091457daf7722a1faa5dec9
75dd050d9cbe415f9adc2a4e8c62dede	drought mitigation	दुष्काळ निवारण	दुष्काळ निवारण	6293654533e04ffc9461fbfa3a280b6d
85f5fe9c71234a31a2114bb3d3a0b574	drought escape	अवर्षण बचाव	दुष्काळा मेने सुटका	867f0af7e51c405484c3eebd53dc52f8
fecc339b8c894f4383098aaf93080141	honeybee pollination	मधमाशी परागीकरण	मदामाखी परागीकरण	3d6729256da14115a3622a3e4522f9d2
bc7bd2a6a5614a90ad097fd213e7ec74	drip irrigation efficiency	ठिबक सिंचन कार्यक्षमता	ठिबक सिंचन कार्यक्षमता	be1770978a1c450ab86c766144432c88
67a741e8ac5742d8b37449365472e5bf	natural fertilizer sources	नैसर्गिक खत स्रोत	नैसर्गिक खत स्त्रोत	1e92607f67b94da4a47974a667e7c299
52f4b00fedf54af1b8bba0bd86f45b60	drought index	दुष्काळ निर्देशांक	दुष्काळ निर्देशांक	316d9b9097aa452ab6b13ba4e6f04592
ceb8fb2a5498424fb0311085ed09c65c	drones for agriculture	शेतीसाठी ड्रोन	खेतीखातोर ड्रोन	f932f4be7f194bb896673c5adfa00ff8
864baed0dc0c49ec96cf487b374d7b1f	drought management	दुष्काळ व्यवस्थापन	दुष्काळ व्यवस्थापन	9dcf97084c2a46fc9e922a4009ba3905
c0de1dc4245e4767a31be661bb001275	livestock health monitoring	पशुधन आरोग्य निरीक्षण	जनावराहा आरोग्य निरीक्षण	53f5bc5583b14a828038f8ef2a09990a
65063d177f134edf95d840ad14f4e7ac	drift control	वाहून नेण्यावर नियंत्रण	प्रवाह नियंत्रण	dedadcabd5ed4bd089199a2719ce040f
03b993cf9d4b4df6a61b69066de0b152	drip line flushing	ठिबक लाईन फ्लशिंग	ठिबक सिंचन	af5891502ced421988fba5528d73469c
90e3b1c5664a4e119d3a8312dee318d3	rainfed crop calendar	कोरडवाहू पिक दिनदर्शिका	कोरडवाहू पिकू वेळापत्रक	0fa13dbf6b0d4353935affbb62573c86
89ec6474d6bf4657bc56e29c2a12b36c	drought mitigation	दुष्काळ नियंत्रण	दुष्काळ निवारण	c96593b1969e4bb38e58e3aea4bc453d
d143e5067ac74cc0a4c9388c521825ad	no-till seed drill	शून्य मशागत	बिना खेडा बीज ओअनु मशीन	15b84c88e3ae427aaf2efe0f01659f3f
08eb971f9b48459a8938ce556d5683cc	drought-resistant crops	दुष्काळास सहनशील पिके	दुष्काळ सहन केनारी पिके	364834a6f8434a66b3f9f4d50b0f11b9
d632e30c7fe143a697f62b5ccc288b1f	e-krishi portal	ई-कृषी पोर्टल	ई-कृषी पोर्टल	640b42d04e86437fb30c378b39379045
de1dfe06217e4d7ba175da0fdb956c2f	curry leaf mite	कढीपत्त्यावरील कोळी	कडीपत्ता किडो	48c131f7beba480a99ed65b4eeac494e
6c2d9df911eb416884e378f4b0793f31	bunt	उदबत्ता	बंट	51477810248240158ae1b25d39b5444d
699f9e92a78f4ad8914c5c06b2812ac4	crown root	मुकूटमुळ	क्राउन रूट	6f3b160dcdb94992ab85bb014b9abc06
450b7a96f6c643ce9241d2a2e9bad416	cyst nematode	सिस्ट निमॅटोड	सिस्ट नेमाटोड	0d5ea4c1b12c4315871a22a7a7656fba
b500152a256f4aad8804f062fbcbbb66	calcium leaching	कॅल्शियम वाहून जाणे	कॅल्शियमाचे झिरपण	0e3ff47073e9484c979fc35dc9b83243
3c22d33747564a4ab934f36531e20a00	cassava mosaic virus	कसावा मोज़ेक	कसावा मोझॅक विषाणू	9434395e1b104d028640146be33095bb
f6ef185906b7447a9246eaf7f35d3ea1	custard apple scab	सिताफळ खवल्या	सिताफलावेने खवल्या	1991e68f42dd426fbbcdbd04c055bfa0
72fbc91bff794165b99dbbc550efbb86	callusing	ऊतक गठ्ठा बनवणे	कॅल्युसिंग	455ea3127bfb45f3bc5d1a3c39c0132a
08a7ead302b84ec4acf402211a201ff8	crossbred livestock	संकरित पशुधन	संकरित पशुधन	2ca28e7757f84750bec225dae59b9258
9521fb2ac774424483761538f080d24a	crossbreeding	संकरित प्रजनन	आंतरजाती संकर	46e7dee641bf4f82b88f004147954c64
5324a86bb5e14583ad2fc1ec8ece9fef	capillary water	केशिका पाणी	कॅपिलरी पांय	db542e4a862e4348ac73ac379fc9404a
7cf387d197cb45699f844d772a597ddc	cation exchange capacity	धनायन विनिमय	कॅटायन विनिमय क्षमता	00ea7746880c45eba810d054a6371752
4a6c2810e66a4126942f7bd71d92a07c	carrier solution	वहन करणारे द्रावण	वाहक उपाय	9a75c82da9604596ae2cc7e9f4ca5bb1
ece99dd1e12a439999a97d6c210c1988	canopy temperature	झाडाचा तापमान	पाना तापमान	f220cc899cc846c78cfafdc157d18d32
8a0b92ea354742678a264e12d49ea5ae	carbon to nitrogen ratio	कार्बन नत्र गुणोत्तर	कार्बन ते नत्र प्रमाण	be1b4b545d9b4345b164a52014afcea4
2892d240577749a7be33b311e72fd4bc	crown division	झुडपांची विभागणी	क्राउन विभाग	1f2ccdbef6774bdfbfb9d4b890cc8b89
2190b9c6efee46999d75bf447f652fcb	cross-resistance in pest	कीटकातील प्रतिकाराचे बदल	किडीहीम संकर प्रतिकार	fc1558d7610c4538b26ddc3b5fdf1158
110518cff8d34e2a9c8ccd8f7665e150	canning	कॅनिंग (हवाबंद डब्यात भरणे)	डबा बंद केनूं	81e082d6d6ff43f487bc01b22e7f2090
5310e559e3a048a2a9b6c34c451ce597	canna	कर्दळी	कॅना	a2f2684e0fb441b69c6cae909fc97e1c
76999dc9f62e4adba1bf90c40fbb90a6	carbon footprint reduction	कार्बन पदचिन्ह कमी करणे	कार्बन पदचिन्ह कमी केनू	a880b5ace0d34286865acf851b07d892
1dbcd9e75b0e4ee899f197cf09c640a8	crossandra	फायर क्रॅकर फ्लॉवर	क्रॉसँद्रा	b917320a9f4941ee9fcbca6833d41bed
cee0e89734e445aeaa89954d9ee6e377	cane borer	ऊस भुंगा	हेडी पोखरणारी ओली	d1379682430c423d9ede89015f2f4033
e675449c6f6745a4a8327a0af72b92d5	carbon sequestration	कार्बन साठवण	कार्बन साठवण	db07fa47f80a48cba9e24497af75a758
cac89c67036f477d91dcc01aad7c4259	cytokinins	सायटोकिनिन्स	सायटोकिनिन्स	8e5ecfcb8ef7448797cb6c8db3077a0f
8bc43d9cd538427fb4b6a3dc4fb25359	custom hiring center	भाड्याने अवजारे मिळण्याचे केंद्र	किरायापे लेवनु ठिकाण	32df20474ddb49509761fa23c4401326
20e7e05d5a234e51b6c84d484d0f6b4d	cultivar release	अधिसुचीत वाण	जाती	930e129226b14743bc2ca70c90a491dd
a74df33837aa47af9021014959eea014	capillary rise	केशिका क्रिया	केशिका वाढ	e1b75461cde7436cbb8391766a96a7db
bb8fd389df6f475d803e81a40a62b99c	carbon farming	कार्बन शेती	कार्बन खेती	301c112aa5f94a038d2c5de3d7002cff
98dc84ecc37248a68d94e63c4cec8963	carbon-nitrogen ratio	कार्बन-नायट्रोजन गुणोत्तर	कार्बन-नत्र प्रमाण	375e6698414f4ca3962287c06571714e
e5cfc91ef3c44023b6aa1f2772b28ce9	calcium	कॅल्शियम	कॅल्सीयम	6640a07a57144490a78413b9201ae381
19fa85fa170b421aa54d147a819f08d3	catch crop	संरक्षक पीक किंवा तात्पुरते पीक	पकडनू पिक	f564443e01c3450bb4780b20afbcbed6
d1dcb7f7ef3e47eca062794984f9631f	catch crop	दोन मुख्य पीकाच्या मध्ये घेतले जाणारे जलद वळणारे पीक	पकडनू पिक	d3d2dd86b97141ab86e1879f7524455e
02ac03d882f8481e91d3f7a463eacc58	cultural weed control	पिकांवर तणांचा परिणाम कमी करणे	सांस्कृतिक तण नियंत्रण	3ff5a89eea9d402c816df55d7111843b
df925e5fd3314007b4d71230bd3efbb0	cytokinin	सायटोकिनिन	सायटोकिनिन	90361acd501e490fbd99a5971c13bb35
506a051c500849658a13e97f9f540953	capillary action	केशिकत्व क्रिया	केशिका क्रिया	43604a6d2168476f8e4ad65b382a1645
350c5ebf2e944647acd885732b599397	callus formation	कॅलस निर्मिती	कॅलस तयार वेहे	636cf6aa78fc41fa808490a98563e3e7
972d638bf7fd41cda6d4666e99916405	cumin seed	जिरे बियाणे	जिरा	ce989208d1b245fdb0b2700784b5fb2d
396607380fa74adfba00f49ceba3f65c	butterfly garden	फुलपाखरु बगीचा	फुलहा बाग	8c1df1ea615b45ae9b39f634c2501b58
f69357d6f6c24ea8981ee775aa587c85	cucurbit crop	काकडी वर्गीय पीक	कोलोवर्गीय पीक	b4f49bd445654c87bd52c0d32c621230
68fe86a8391547509762b86082b8873f	cambium activity	कँबियम क्रियाशीलता	कॅम्बियम क्रिया	7cb1d2e7046f44a9b1ef3a9b46b5f610
f6ee7469b9bb4b8fbb54b2820191ba54	cucumber beetle	काकडी बीटल कीटक	चिबडावने ढेकूण	a23476ecdca947ec8986a1492372053e
712d300cb6334814a90adaeb58cad5ac	carbon credit through agroforestry	कृषीवनशास्त्राद्वारे कार्बन क्रेडिट	कृषी वानिकीद्वारे कार्बन क्रेडिट	9db28ec053e64ee4845e3f96e07e6004
2ec3dad9e6f94d4a8fbc0527243e475a	cabbage black rot	कोबी काळा कुज रोग	कोबी कालो कुज	eff49c2f062d4043a696af0afc7fc990
362d8ce25bc248c18e98aed8fa40c56e	capillary rise	केशिकात्मक चढ	केशिका वाढ	a15888a758b842f9a661ec101c8fc372
744d139f90da4474b90a79827cf4f906	carbon footprint	कार्बन फूटप्रिंट	कार्बन पदचिन्ह	d5f8e3029ed44b66b1f0220f2cc50bbb
226ebfc354f4496a85fda16e3df4a0ff	carbon flux	कार्बन प्रवाह	कार्बन फ्लक्स	74f04cb370de44f7891889456faae6d8
7104e06fb6e04faa940ab28a2b815008	damask rose	दमस्क गुलाब	दमास्क गुलाब	a06b6d88e32747dc9afdb58d04a4e85c
3f2e677e630c4b96ba345ed9f6af28b4	daisy	डेझी	डेझी	6b1d629d48cc4adfa6ed1fb6f025d367
b73eadafd1b64fa4962f9e47b73dbf03	cashew leaf miner	काजू पान पोखरणारी अळी	काजू पाने खाणारी ओली	221e22efd4a24b7e8f25047fd0e0e9a1
73e242c2658c49a4a57e8ac94ba8181a	cyst nematodes	गाठी निर्माण करणारे सुत्र कृमी	सिस्ट नेमाटोड	42b4ece5801e4a1d9026a8d79eef3bc7
ff89900a864e4008be31a3b5c1269143	carbofuran	कार्बोफ्युरान	कार्बोफ्युरॉन	00a977446ed14b9fb9086abd93b2b9a8
fe83f6882ec64b668551d9d938762e09	canopy temperature	पर्णसंभार तापमान	पाना तापमान	ddc9373c6f284af8beccefc0a8102cce
0a83918f18944326bf0f00a6f09c2f70	carrot rust fly	गांजर गंज माशी	गाजरूवेने तांबडी माखी	a1f5bf9a00a644d180f07e8c729cecd1
f1dd13c302424a23b8c014c203fe098e	callus	ऊतक गठ्ठा	कॅलस	b98fc1e1c33e401d97b152c6428cfdfc
f237cbcc63334022bea189df700714ec	carbon sequestration potential	कार्बन शोषण क्षमता	कार्बन जिरवी लेवणू क्षमता	374f02ae81b942aab59b0e4a9fef8be9
03ed36d602514f0a82378d4fbf6200d3	caraway	शाहजिरे	शहाजिरे	eb0ab7af1e064272942dd13c6b930861
bb3a0fd55a574819850406cd38cd357e	carbon footprint in agriculture	शेतीतील कार्बन पदचिन्ह	खेतीमेने कार्बन पदचिन्ह	c2fa47ab833a44acb77cb2558da524df
4fdc45d445654c2d8437676935f34f95	cytoplasmic male sterility	सायटोप्लाज्मिक नर वंध्यत्व	सायटोप्लाज्मिक नर वंध्यत्व	756ff5f6cac54a3aa41379a43189be49
43afd6076e5f448c8b075162119d18a5	cross-pollination	परपरागण	परागीकरण	7d036779fa924c039ca26cc984c0124f
056c0175a26e45a5ad171182c6bb5a8e	cassava	शकरकंद	हाबूदाणे	d6438d3b5e0b42668d4ecde3eea923b2
5ee94ac498da49d69083e3eb15801e9c	cyanide poisoning	सायनाइड विषबाधा	सायनाईड विषबाधा	13d18031d71e40668ae655f0205be08f
1d31a1e004fd43a8a98d96f9525dbfe8	cauliflower black rot	फुलकोबीवरील काळी कुज	फुलकोबी कालो रोग	440e6f715c04437ebcbc2da20aa27a31
3e37e27165a3482fb73aeb13539a3798	cashew tea mosquito bug	काजुवरील टी मॉस्क्युटो ढेकुण	काजू चहा मोशा किडा	99dc8d6fb1ed42f4b7cfc62874e2c309
babf0c4b6980401d997b9b481bebf9e2	calcium deficiency	कॅल्शियम कमतरता	कॅल्शियमा कमी	16ea4633afde4c81a410d94a10704e98
aa308147aa7e4aa38069ecdfa47418a9	cultural control	मशागतीय नियंत्रण	सांस्कृतिक नियंत्रण	ef56951341424a87ab436313f8d77102
b2d87fea451a478792daece0db30fbc1	carbon dioxide fixation	कार्बन डायऑक्साइड स्थीरीकरण	कार्बन डायऑक्साईड फिक्सेशन	be0f6d3029d347adb0001147ec371dfb
abeb449093484a50a288b7bb6a6f201f	bunchy top	गुच्छाचा वरचा भाग	बंची टॉप	b727202045c84fb2889926b30e49daa6
0ffcc9dd8c744b8e98a7d66511eda545	cytokinins	साइटोकायनिन्स	सायटोकिनिन्स	e745b41648f14d85b4cd1d9f144ff765
0428e205751d4b228db36d208b3e7314	cattle breed improvement	पशु पैदास सुधारणा	डोगराहा जात हुदरावनु	e42ca3f379444b2bbb1874e8b58dbf83
cc3d948ce1cb47e580b5951f1d6a49f6	carbon sequestration	कार्बन शोषण	कार्बन साठवण	584f72df7a5f4acc9eea4bd7407f5de3
4e09a489e7c44a14a58af8c3c5d31e25	carnation	कार्नेशन	कार्नेशन	38bbe66a8c97437b9d8fd68efa277f51
0a1fadd2992d41db93d0e9c0d7922533	carbon credits	कार्बन क्रेडिट्स	कार्बन क्रेडिट्स	062f18d53f0e4409861cf11a3983ddc6
061efa5171c54a4dafca9346db27e006	cultivar release	वाण प्रसारित होणे	जाती	e696af24c8714b59a8d07cd6a8dd0d2c
a2a718880f6e4c2ea161456568b305b1	cardamom capsule rot	वेलची बोंड कुज	वेलदोडा बियारो होडनू	140186180f134e939d0d903916278037
42310e08904943f0bdd083ad8bc5f91a	carrot alternaria blight	गाजरावरील करपा	गाजर अल्टरनेरिया करपा	ce8dbf3026c54b70bf81cb435dddc644
e73fe5dc3d724406af05d7c7a876c45c	casurina	सुरु	कॅसुरीना	06336fa6c12a4921b60fea6ceacad737
ca1f418920904033945011eb76016a3b	canopy architecture	झाडांची छत्ररचना	कॅनोपी आर्किटेक्चर	1d0c76abd9ac4df1b1ec74af53238308
21bf18e8c61440fa846e6b915c73b1b0	carbon-to-nitrogen ratio	कार्बन ते नायट्रोजन गुणोत्तर	कार्बन ते नत्र प्रमाण	e8356e3cb4bc4340bfdef5c27bd54985
bd1239e3ecdc4db38ed4ca93a2ada174	crown root	मुकुट मूळ	क्राउन रूट	fca79294896648a09853615d9c3c0871
05944fc46704444ea7498b8a509e8d5b	calcium carbonate layer	कॅल्शियम कार्बोनेट थर	कॅल्शियम कार्बोनेट थर	2ec05e7232204b86887a84660fa8f380
5fd4622dd0d043c38529092e0b6ac68a	carbon footprint	कार्बन पदचाप	कार्बन पदचिन्ह	4e3ff3d6640e47f3b4a992ed4ccefa65
9e35c8af32bc438cbea14105b77057f0	cucumber anthracnose	काकडीचा काजळी रोग	काकडीवेने अँथ्रॅकनोज	d1cdee06902b4749922fcb568039e486
dca87ca93bb14cc6ace15175ce5bb34d	cape gooseberry	कॅप गूजबेरी /रासभरी	कांदा	e9b45418c5554bff9fa932853139c210
fd9e38819d274ea6a55fe3ab5769e39a	caraway	शाहाजिरे	शहाजिरे	006df6597822423f9231a426396eb486
be34b55d072b4197a2dbc4a58d861fe8	curry leaf spot	कढीपत्त्यावरील डाग	कडीपत्ता पानूवेने टिपके	9d94b3fb415c4918b35c58e394374192
a987cd1c37c848f4a1b2bbe60c379937	crumb structure in soil	मृदातील कणांच्या रचनेचे स्वरूप	कादुमने भुसभुशीत रचना	9d03ba033ec245d2b3ac42182be4f963
7c7818a395f04b4aa8bed22ca8f6f4f2	cuttings	छाटणी	फांद्या	bc2e8a29110b4a53bf02a7e0980b989c
9e12b2fac895444294d7969f1c6d3e77	dairy processing	दुग्ध प्रक्रिया	दुदा प्रक्रिया	39b7daa9cb694188ba4bf5af01c6840d
b9630edfcdc24a9a8012592638704883	canopy	पर्णछाया	पानाहा आच्छादन	01064799cbac485a9119fe42daec228b
9892634e7b0244de9569435817f8e0fe	curly top disease	कुरळे शेंडे रोग	कर्ली टॉप रोग	e7ca6f2cf735420f8756cd9389b66233
90fa90662b844e24b9d872db13844648	cultivar trial	जात चाचणी	जाती चाचणी	d71238f2a32c482bafbecc53ce7293cc
8de1d6b798bd4fc69157c3d9f7eda683	cassia	बहावा / अमलतास	कासिया	4ec661d6f17940d29ee6a432b837796b
f27ca582a40f4177acdc70e0dcb93d7e	carbon footprint in farming	शेतीतील कार्बन ठसा	खेतीमेने कार्बन पदचिन्ह	eb6697fe4ab14ceba1f85622ce166f56
a163832e497f465ca3decb097480f3d2	cashew apple rot	काजू बोंड कुज	काजू फळ कुज	78675cadc5074c6a9f6af21a38d3d76f
61f7e221847546029b036555c93b3296	bunchy top	पर्णगुच्छ	बंची टॉप	e7c9653a84c44e51a9170f96e94b391a
a84f8bac63ce426c919d3c494bbfc0b2	cross-pollination ratio	परागीकरण गुणोत्तर	परागीकरण प्रमाण	62e8d311a4194d6683c3b0b09e5d6487
cba3420a088a4f778f1f64e64b0f85db	cucumber trellis	काकडीची जाळी	चिबडावेने जाली	d92a57de6a1b4f208833644074f4d7db
cfbc24bd5bf94342b2ede83227b007e0	cruciferous vegetable	भोपळावर्गीय पीक	क्रुसिफेरस भाजी	4af2bc2a14ed48ba8a1dae753e3899db
0995ebdd438a4bdaaca7b03652a363a7	cyanobacteria	सायनोबॅक्टेरिया	सायनोबॅक्टेरिया	253c13c8d03241f89840925ced23d89a
f95245d346da4d3abd21c546d86e7a05	meteorological drought	हवामानविषयक दुष्काळ	हवामान दुष्काळ	f1e5e1ca1a2c4daf8cb9c8b70682123e
5e534c7372dd4ead8b6443ec9610fb40	crop germplasm	पीक बीजसंग्रह	पिकांहा जननद्रव्य	75fc022ebe9246f3b50296c4e2631031
776fae1a9d434201a6b1a36e6c0f914e	farm gate price	शेतमाल विक्री किंमत	खेती माला किमती	3ffa6a5707d7475ca38a368237c04057
a24d6c0da12f40d29b8299d11514062f	micropropagation	सूक्ष्मप्रजनन	सुक्ष्म संवर्धन	b3074abb3594449c9c0b94176e54ac49
9f8090cc323f4ffeba83e6cbe1d590b5	crop adaptation	पीक अनुकूलता	पिकाहां अनुकूलन	acb8215f79984fefba316b4c37c5ffa3
1ebd4aee2ea74cfd9072ab87f0e7bfcb	extension officer	विस्तार अधिकारी	विस्तार अधिकारी	e13fadf4d2df422c9e97047cb3c81c06
ecf7740916874533ae09140c80812af2	green mold	ग्रीन मोल्ड रोग	निलो बुरशी	98a02101691c4f938b58c75e43cfb367
097d5e8b3e7147d6836f2ddae4a6f009	energy efficiency in farming	शेतीमध्ये ऊर्जा कार्यक्षमता	खेतीम ऊर्जा कार्यक्षमता	5b2b8e4241174ebb8a4f24199408330c
8dae32efcf6e4dabb5fa8b9427b52fa8	crop acclimatization	पीकाचे परिस्थितीनुसार जुळवून घेणे	पिकांहां हवामानाहांन जुळवूनुं	4bbc4390e73a4c21946fc87ecc1291b0
367aca9b1b48444ab00276bf165719d3	crop pest monitoring	पीक कीटक निरीक्षण	पिकांहां किडींहीं निरीक्षण	8b6e280b7e12452ea8683a8d00d9b49b
c5b9f26b167c414d974910a229cb0517	crop thinning	पिकांची संख्या कमी करणे	पिकांहा विरळणी	34a0cdacb98d4f7b9ddfa8ab16089466
39327cdc00274e1983d15e79c96ac7f5	celery	अजमूद	अजमोदो	f7200485bd06472791c746eb882e68ed
8d5b1e23c99c4218854c0101a86627ac	citrus greening	लिंबूवर्गीय हिरवळ	लिंबूवर्गीय चाडांहांन हिरवेंगार केनूं	e120699b2ab244448afb8453514c71b8
47d636e3978340f8823c40d52f4195be	chilling injury	थंडीमुळे होणारे नुकसान	थंड लागनु	67b83e2199c344b48d8bbdcaebc7cdbf
a136b4f76c0842ec94ac0972ca3767e0	cauliflower head rot	फुलकोबीचा देठ कुजवा	फुलकोबी मुंडो होडणु	f604d865591c404b906840b7574469e6
50127e82e81244728ffb44f50da61d09	bamboo shoot borer	बांबू शेंडे पोखरणारी अळी	बांबू शूट बोरर	160d9982e4914ffb8d65a81fb38789d5
3e70050a80d945d3b81b4b6cb09ba6ee	climate resilience	हवामान लवचिकता	हवामान लवचिकता	e748024d435a4fe88e8b37ae0dc54f4d
5ae105e7f040429db6aae4b949aa2f1b	Whey	व्हे	सा	f28800423e6e425fa73803f48261cf78
e383b836624a4030a588cb65b29dc91a	soil percolation	मतीमधील पाण्याचा निचरा	मृदा झिरपण	917c7baaae5446939fb41fcc195acc65
fa9d2585a5d1403a94cd86c514298d77	Physiological status	शारीरिक स्थिती	शारीरिक स्थिती	555ddbe221574476b9eda0e3fbc93e81
e621d001ecf5458b854a35659c1dbe99	soil pathogens	मातीतील रोगकारक	मृदा रोगकारक	72153eef4a6446cf99e1a0d8fd938699
7b6e44ae4e2e46a288c6771e8ba24dbc	Breathing Difficulty	श्वास घेण्यास अडचण	सांस लेवनु त्रास	fcb9483962e2414d9aeb12efdc658ef4
3e3b9fcc21834a3aae0e69c42d8784eb	soil ph	मातीचा सामू	मृदा सामू	cc63adeaf72e4c309b8c78e458c00ca6
5bb5a2d175d84a43841700abd8611e06	Dung	शेण	सां	6c4e05b39bc34c228069f5f8775476b5
32bf915442b44e39bba061fb9c06b14c	Exercise	व्यायाम	व्यायाम	f068c05184534253b12ffb78b4ab6871
86feab26272942ed95cfecbd432c3008	Division	विभाग	विभाग	7bc61550fb56474fae8fe6d36f737d55
abd7d5d718ac424ba0bd1a5154795bf7	Cardamom	वेलची	ईलायची	672417bc7d464443a3e0a89bf1dbb675
675b325f5cc44ab98a4fa6e18936072b	Whey Protein	व्हे प्रोटीन	सा	1fd83d8206fa4b28a4bed8715426aab5
30c94420061f4d3d88cf556b791d9dd3	Quarantine	विलगीकरण	विलगीकरण	404e06ab613b4d78936b1ac7447178d4
4c31270a717144779cd40517949c9a68	Hybrid Vigour (Heterosis)	संकरजन्य जोम / हायब्रिड जोम	हायबिड जात	292d8e21c89c4b3eb6510bd20e171b6d
ef6c61d7b40b44169b0f1bca8d23ec19	Whey-based Beverages	व्हे आधारित पेये	सा	16b6c80d11e94e72ad93bf69f5352612
64f1b945af85414e94d1124539d4f198	Crossbreeding	संकर ब्रीडिंग	आंतरजाती संकर	e20e0c0c4c664e03a4edcc4085921716
ba47c21c9a624b32bbd5134fa6b09cf2	soil ph	मृदा सामू	मृदा सामू	88ab0404948145d1bd2be885449387e1
6f68ff4c1e8b45e4b77c194c423775ea	Semen	वीर्य	वीर्य	143b35acbda74a13a17009da0cec9f0b
e756cbe3b9c743d4bc58a67aa8074a0a	soil permeability	जमिनीची पाणी शोषून घेण्याची क्षमता	मृदा पारगम्यता	22630ec6ad1a4e2e82276b5eb74d3e7a
ca50610a10524d3da27b63625cee9807	Breathing	श्वासोच्छवास	सांस	e0df46b964704f918aec385dd1bece90
18c83b3529a744dca51de2c70740a438	Perennial Fodder Crops	वार्षिकपेक्षा जास्त काळ टिकणारे चारा पिके	बारमाही चारा पिके	40d28b9989b7436bb07c590dd9907ba9
7023bd3e9fd34090b0922009dff978ba	Pain Relievers / Anti-inflammatory	वेदनाशामक / सूजनरोधक औषधे	दुखावो कोमी केनारी औषधे	d5fe471ce8314c6582ffa98e478fec2b
f9507da72474460fa76fc19aa6b42bd9	Transportation	वाहतूक	वाहतूक	dc74d1e47a5c4618b024b4c0219482e5
968bdf58a4b8448fbf8de51ecc1df4af	Purebred Calves	शुद्ध जातीय बच्छडे	वासडांहा हारी जात	0501ba8058424503bb254e8cf98f3bfc
15aa79a6d85b40449b4f19d19b5dfad5	Pain Reliever	वेदनाशामक	दुखू कमी केनारो	8702fc15f3044a8b8629368adb2122ee
68cdd3ec89004214b5b7b4acb6e9b10b	soil permeability management	मातीची पाणी वाहून नेण्याची क्षमता	मृदा पारगम्यता व्यवस्थापन	287a98e86b9d48f4b87ce21fd23b6453
f61832cb8c9241f78584260a90667068	Lightning Safety	वीज सुरक्षा	वीज सुरक्षा	00e787e349a147e5a88ace909cbfb688
5d12023e039e4d47aec77277929b3af6	soil nutrients	मृदा अन्नद्रव्य	मृदा पोषक तत्व	6425beb59b7640d5aab6983a8af11860
00ee22c4ab8b428782d3e3bc08de004b	Hay Making	वाळलेले गवत तयार करणे / भुसा बनवणे	कुटारों तियार केनूं/ भुस्सो बोनवूंनूं	fc00b908aaa24c79a6cf67ef5f539fb0
9e9caa54e53e4642ba3dddf216efb48b	Pain	वेदना	दुख	cd3bb2ac99214f66ab39d4183fb3e7fa
deebf70b11174715b2f06daf62520327	Body Hair	शरीराचे केस	शरीरावने केस	a4a62a1a0eca47438902d934a880cba1
2659f6b16f05425b8ca0700a7dc8f79c	soil pans	मातींचे घटट थर	मृदा पॅन	5f908da02bac44cf9e28e259982095b2
276177e8a21a489580622c5154dcd81a	Crossbred Cow	संकर गाय	संकरित गावडी	2b683fcc411042fd99366802d1a92256
b2bbf7b334fe4ef5aa40c128d7bf8c77	Crossbred Animals	संकरित प्राणी	संकरित जनावर	5954adefcdf94e38a46ad4b88b9f19c1
f297236bfb434618a1e0013c8a40689d	Blood in Dung / Urine	शेण/मूत्रात रक्त	झाडांम रोगोत पोडोहे	a37459923d4d42909f06a8f8fa372e9d
8857441460c7490fa5b163c8ad24a5fb	Groundnut Cake	शेंगदाण्याचे कांड	हेंग्या पिठो	db94fafda89b466cb10fa8109d49630a
c4daaa788f3540ffbfb2e437c602c38e	Shed Cleanliness	शेडची स्वच्छता	सां पोयना	443825a4a8204229bbd4047630af7d8f
e5eb9964abd049e4a2be2a0929ae874f	Body Temperature	शरीराचा तापमान	शरीरा तापमान	456dc54ce6244c5bb906f85f7c820daa
52d40bba729f4642ac3a128f9765e276	Body Weight	शरीराचे वजन	शरीरा वजन	61803f046f0a4e2daec228e8b6e7fc9c
8ab7631ab3c041939e40e7f034ffbd6b	Progeny	संतती / पिल्ले	पिलकें	88894549a5514403bb65b5df52678704
a4cad0abcfbc4de59f680151e0fd71ed	Mucous	श्लेष्म / चिकट पदार्थ	म्यूकस	a34c5f4a44d74ab896d0991bec4f0ed8
3c2838aae80b43669c6066333c4e4b47	Thunderstorm	वीज + गडगडाट वादळ	वादूं/ वेडों	306b6f6e343a4e2cae521ce1233b0d6a
f224cfdb85844f8e83236f6b6f2058ed	Heritability	वारसागतपणा / आनुवंशिकता	वारसा	8b048c4812444b11811a95db0e93231f
ec4dacf2da404462947a8068e5f08f96	Subabul	सुवाबुल	सुबाबुल	a88775aaecae4091b9061aace2db8975
e93ee91eaf5f4b0abffe26da2f8d1cdc	Nest Box	अंडी घालण्याचा घरट्याचा डबा	पांजो	5ba596d290b84f76b4974eb8674ae498
ba45279a123e4c6788c4c4b1c4379205	Infection	संसर्ग / इन्फेक्शन	संसर्ग	9c48a5ddf66e4f0d8fd234bc6781d37a
95643c9364d045a9a89f724b6ee28bc0	Laying Hens Housing	अंडी देणाऱ्या कोंबड्यांचे घर	हाकवे देणारी कुकडी पोंगा	96a77f0bcb0a409691a5892212a9d4cb
e6437571456d4124a4988d74a57ffb04	Layer	अंडी देणारी कोंबडी	थर	29bd953fbc654edaab9b30ebc7361193
e18de6026c8a4992864a5d74b6cb880c	Silage	सिलेज	मुरघास	72089adae59c401f8664bc09d288d1ef
a00f636e4e7a40e1a44e9c2bfc892f92	Egg House / Nest	अंडी घालण्याचे डबे	पांजो	052aa2d556234189acac02366aeece87
fd2c195253f34c44a7f71db71bec021c	Complete Feed	संपूर्ण पशु आहार	आखा खावनु	67307e410ed644e8a1210bb13fd113d2
914cf9bdff504b2c9c879bc4b995447f	Anthrax	अँथ्रॅक्स रोग	अॅन्थ्रॅक्स	8fd320d1239246919f8234aaad143731
d903e18842114a36918baf974163b84a	Hatchery	अंडी व अंड्यापासून पिल्लांची लागवड	हाकवे	aa6d9943fd6e4f8eae21a146fa3220b2
455a4b4b85d342528edc65d8ea9bd7cd	Sudden Death	अचानक मृत्यू	अचानक मरण	ef719b09562f401fa5f3730c2b12600b
3c13f92d7d96440eb981693f6810e739	Layer Feed	अंडी देण्यासाठी चारा	हाकवें दां केता चारो	34cfc4517f3b4735ab7f8cfe98d72c00
3f5f0bb2e29c4d2abc49de66c8a59d0d	Improved Variety	सुधारित जात	सुधारित जात	cb3439a5e0c54bec94bc1335c16b3861
05c8f54c209e4429bd7d46aa7b48ec38	Backyard Breeds	अंगण कोंबडीसाठी जाती	वाडा मेने जाती	ef72adc901f3450986234b71c18841e3
598a17deceec483fafaa0117b2409a82	Eggs	अंडी	हाकवे	7d3879042cf74be6a73c8a700d0b970c
3670a62d573b432181ec56c8c073d105	Egg Production	अंडे उत्पादन	हाकवे उत्पादन	3d8dfe4523a343aea0511d359d8b5885
c6fca32bbd514e9abe7b9af2a153c7b6	Serum	सिरम / रक्तातील द्रव भाग	सीरम	c1e5f4ca6c1f414c85f8ac62891d5503
296b8adab2ae417bace5810fd2c3c80f	Backyard Poultry	अंगण कोंबडी पालन	वाडामेने कुकडी पालन	4709ecb2614e4033a7b0aae26b5a87cb
7fa102aa4092432f8949b743f9d109c8	Sunflower Cake	सुर्यफूल कॅक	सूर्यफुला केक	a4cda65f76e0473daf636bba7e2a6b07
c856ab986b0e4affa651382b71cc52a4	Diarrhoea	अतिसार	जुलाब	c370698bcba3404ca04fb8e1f3f7b645
03c67a109fa54233ba5f46d3dec3408f	Internal Worms	अंतर्गत कीड / कृमि	शरिरामने जोंतू	d666fbb5b415453087187be860ed8a95
690ae85df0c940b592aa5ff5e3fdb72c	Anthrax	अँथ्रॅक्स	अॅन्थ्रॅक्स	66ec1d1beb584fe19b817c8efe68f291
84ca12d39ef0439598e34a228488fb59	Egg Production	अंडी उत्पादन	हाकवे उत्पादन	01a87ce8256f4bb58d5c07c97f827763
31204fe6d09c4844b06667886a8a4c47	Silver Carp	सिल्वर कार्प	सिल्वर कार्प	b11e831c541f4d99a7c10ca2ac2fd5ed
34d4e80f9dcf46108c30781462a6fc91	Sahiwal Cow	सहिवाल गाय	साहिवाल गावडी	1022d4f4d46c44cfa5798ff9524cdf3b
ca7d1acb75fb4f69b664352c383d34a2	Syringe	सुई / सिरिंज	सुई	1c4d050a195b4e5d96bedd6d382cde69
21f2b64cc80246b99248002d936da726	Fermentation	साखरवाळ / किण्वन	होडवीन/ आंबविन	fe50cadd70424a689a9def5816d39519
01d3ef48bbad46d7aefaf4b73d4e8b8d	Starter Feed	सुरुवातीचा चारा / चिक मॅश	स्टार्टर फीड	0aaf70727c404ecf903c7fd7ff7de246
048c976ab0444399bcdc24c862ada2e8	Y Spermatozoa	Y शुक्राणू	वाय स्पर्मेटोझोआ	08029c47fbb544e4a0bf85a43fbf1a06
d5457108cab547f3a05d5b8388d23bba	Germination	अंकुरण	उगवण	860b5fe6c8a344c6a5d43f926c050a70
d4450e958b224aa2a9105574c7a804ff	Nesting Space	अंडी घालण्यासाठी जागा	पांजो	e0e510afa2264c8ab5131bfdbd8fe42e
6d67c852e3684552aa940e29411d294c	Dry Fodder	सुकलेला चारा	हुकालो चारो	a33b3d7f229246d88461498279749a79
9dc63d8d2bc24250a8b3e0a646fb6aef	X Spermatozoa	X शुक्राणू	शुक्राणु	e56bd12de9e842048dfe75197837b296
8ace01258a3a4ac38ed51aeb867819ef	Intercultivation	अंतरपीक लागवड / निरोपण	आंतरमशागत	a3d9e86fbefd4159afb335e09f7b7fd0
c59f7d81ef7241d9a84722bd2c2efc03	Ovum Pick-Up (OPU)	अंडी घेण्याची प्रक्रिया	आंमसे/ आंमसू	44d89996b1dd44cfa4d0076292714130
3144098bcfff4f1780633497d1736237	Government Scheme	सरकारी योजना	सरकारी योजना	96c6a245e15240c984c6e2fa2eb98de5
b0f706ee96ea4560aae49d16c6032b6d	Layer Breeds	अंडी देण्यासाठी योग्य जाती	हाकवे देणारी कुकडी	1e6ec38363ac440a886bcf67a2e6d524
5b7d3a67d55246d9882f9297a128b692	Nest Box	अंडी घालण्याचा डबा	पांजो	7d0b8e93122d4327b7ff69879677999f
161cd98d0d6e43d38ebfaee8340ccf04	Egg Yolk	अंड्याचा पिवळा	हाकवा पिवलो भाग	fc1fb543dea740a8998f18b3ce757012
36f7e6acee644dc59bfe460344bab331	Health	आरोग्य	आरोग्य	94f32733500740d685cc173d8ea9ff79
2906f86b3c324d989183dc1eb78b2474	Isolate Sick / New Animals	आजारी / नवीन पशू वेगळे ठेवा	आजारी/ नविन जनावरे अलग केनूं	1b40c7834ab6445297c9a60e861ff56b
edd7627526114fe797a69f6f1badda91	Indigenous Breed	स्थानिक जात / देशी जनावरे	देशी जात	3c0e78d2b87c432e8e970ba39358250d
04bbd08c99ba4543a6eaf45e7db62c50	Grooming	स्वच्छता / केअर	साज	c82c390ce4fd4b63bb0b67d9aaf5ed7e
6b99d28cdd7f4d3eb333f11fbbcb3880	Iodine Deficiency	आयोडीनचा अभाव	आयोडीन कमी	f4e47d6d14f1427ead613a9c1a6c9b0c
6d120fa43d1f4d48898dcc4fe8c884d7	Worm Infestation	आंत्रातील जंत	कृमी प्रादुर्भाव	601435064d8e4170ad9a4c1dd8d79e2f
d288d7fe73644fafb7e9baff5810c1c8	Iodine	आयोडिन	आयोडीन	77b880b226ca4c56892df1881b595219
e76de897886e4f8790ab13b9a5639a31	Swelling	सूज	हुजलो	83943a519af9435fa4276c4efa8e1856
f565791107584316b8188885db9bb91a	Sodium	सोडियम	सोडीयम	c02902ef45404d3db14b12c27df3db7f
ae79a76f8ace41a6bf0e66c5326e9cec	Mammary Gland	स्तनग्रंथी / थनग्रंथी	स्तन ग्रंथी	e42d4c0ce6994b228871bbfb2e3e1f3f
3ca2d38483924a569019047ee51141b7	Unsanitary Housing	अस्वच्छ वासस्थान / गोठा	अस्वच्छ रेवणू	c3099f337847433c9774af84c19ce52c
4f5adb1fbea940ffa0f830d68692f684	Soybean	सोयाबीन	सोयाबीन	84d8a8f3042346db986b3311c4ad3a4c
dd088cf5d56e4e7e80cb3aa2b5f1c609	Udder	स्तन	आवाळो	384e967a7403431ca72b2d166d40579e
65104ee4da544e65aa54fddbe55ade97	crop rotation plan	पीक फेरपालट योजना	पिक फेरपालट योजना	1c108fae63954bcda5cf4f97f2ac2444
2595265df9d946b89b0b4dff1c663b91	pheromone lure	कामगंध आमीष	गंधयुक्त आमिष	6278018887cd4c5abd70a622c3666137
a0d0dd73155348a6a4bae06da29a3f51	fan and pad system	पंखा व पॅड प्रणाली	फॅन आन पॅड प्रणाली	6585b6e97d01463a93a9556e21411cfd
238023ee27ee4989a42983924af7e2c8	extension bulletin	विस्तार माहितीपत्रिका	विस्तार माहितीपत्रक	3e3f450b2ab3446d9b0b0d2c21168177
fb31cd3e1d25491eb08b6454f311a766	crop disease resistance breeding	पीक रोग प्रतिकार प्रजनन	पिक रोग प्रतिकार प्रजनन	75778e35c8004cd78a16401d59d5c1e0
b2533198724a427ca7513dbfea55843b	crop diversification index	पीक विविधीकरण निर्देशांक	पिकाहा ज्युदो - ज्युदो पीकं निर्देशांक	8a4bc262036a408fa6415ce6017ee391
868ce190a7304e42bef86b640e288ed4	epiphyte	परोपजीवी वनस्पती	पोरुला	dca6ddafe6fb447a8627432a7d104c35
546097ba3f0445028da84b0ce5cf5850	false daisy	भृंगराज	फालस डेझी	79fc29e7ce9d49faa1a3bd1477703cbb
712db2f95aa9422a8df499e0c31f71d4	crop modeling	पिकाचे मॉडेल तयार करणे	पिक मॉडेलिंग	7246ad627a6941819fc965dd8b1c683b
f2bca63ca6d34c41a5e668f1149eb821	integrated soil management	एकत्रित मृद व्यवस्थापन	एकात्मिक मृद व्यवस्थापन	8f8f88acbb98479eb7ecdb07cb7c9ab7
2b457b2ca3d64f06b320462b08ab204b	crop disease resistance	पीक रोग प्रतिकारशक्ती	पिकांहां रोग प्रतिकार	a46803b5179746de821d60426ae0c53b
2f12a4df69aa4607a43fea999b3afb01	crop diversification	पीक वैविध्यकरण	पिकाहा अलग - अलग पीक	88f78cb94577478e991094bf32b8a663
0ee60ccdf398403999eafdc7c8ef8ade	crop forecasting	पीक पूर्वानुमान	पिकांहा अंदाज	8a3e4a8b7d4940ef969e3e037cf29582
bfcf60f039b047a3a097435d97524080	evaluation	मूल्यांकन	मूल्यांकन	a2b5bc6d1e8d4cf18b467a011f80e2ac
34be4acc90d547d8b44374c2e13b6be2	integrated farming	एकात्मिक शेती	एकात्मिक खेती	f413689b3bcd4646a35aa614aa3926b7
44b62cdc0262420a834130b8612c95fc	crop coefficient (kc)	पीक गुणांक (kc)	पीक गुणांक (के.सी.)	3be4c85777f94a449cf0bee8d806ac56
01c133bdfe6e4e25b3465b7825a04c25	mahogany	महोगनी	महोगनी	230f8f90ee434551b9d124d5a1defeb2
5c81268b70ec4f3594bae1e7a44f4e20	integrated farming technology	एकात्मिक शेती तंत्रज्ञान	एकात्मिक खेती तंत्रज्ञान	3350931a54d340b6a55a6a06af1974cc
c148a19556b44473ac8a1cd8ff4649b4	epigeal germination	भूमिपृष्ठीय अंकुरण	उचेने उगवण	69cf7f84dbfb444b83667ae90027e28f
2fa07f7e9f7b4b69bcd34cb1562faf4e	farm biodiversity	शेत जैवविविधता	खेतीमेने जैवविविधता	97039e3f26d3498eb38262d323804eac
117cf1ed53ff44a099d1a99b50c99147	mangrove	कांदळवन	खारफुटी	98154f51719b481f9b4fb31f6c5f5436
4aff6a4f7fd148f3b36be2953039ea56	cropping calendar	शेती दिनदर्शिका	पीक काडनू वेळापत्रक	ad739fb0d6b94965a0bd891a502fff38
f8f4f914da5f4ea9b194522accff5f26	male parent	नर पालक	नर पालक	9e109fc973c245469daf8924f3651a40
d9915543951b4e46b5fd22ba8512be62	crop management	पीक व्यवस्थापन	पीक व्यवस्थापन	aadcf5aac4b0406f961542bb5a6eb799
bbdeefacf3104a529e0f8482bf2d30df	integrated farming system	एकात्मिक शेती प्रणाली	एकात्मिक खेती पध्दत	9aee9722287b41118395d415676904b4
fde0b2b422444498bcbeab48e964a3f7	hingani	हिंगण	हिंगणी	781325ffc21f4686ae600e67d712cb93
ce9a2315bde54301872c4b64a18d162e	cover mulch	आच्छादन	आच्छादन	ad358d5f122f4c0da35e948fb310688a
37f3af9bb45140a8ba1c3709417e8b0f	cropping index	पीक निर्देशांक	पीक निर्देशांक	974aed63806d47a2883d985b2e03345e
52684538bf4c4cd18fb2b69d062cf83b	integrated farming model	एकात्मिक शेतीपद्धती	एकात्मिक खेती पद्धत	e6cf7464360c4f5da2a8ec77cb808edc
8387f66b802941a79fa720af7daae237	livestock production	पशुधन उत्पादन	जनावराहा उत्पादन	2ed0091561ad421ba289852271d0a35a
c52f5829a1624c9f997bd67aecdfb98f	mangosteen	मँगोस्टीन	मॅंगोस्टीन	d1bba592da3843b8aaa8035db46f4413
6583077ba6ec4a0781c23b589010d1b9	ai-based pest detection	कृत्रिम बुद्धिमत्तेवर आधारित कीटक शोध	एआय आधारित किड ओखूलो	463e107a0c7f49e5b6aa49d46c232551
de58c3444bf34096acc4aa6ca6fb7b94	crop pollination	पीक परागीभवन	पिकांहां परागीकरण	2079d35578764029a39f54c195010716
66a71dd549b84dcf848cd5afe4681600	crop-livestock integration	पीक-पशुधन एकत्रीकरण	पिक - जनावराहां एकत्रीकरण	2cec0dd6a64e406687967c39f45443f0
5dcbd3c875b74802829554973c84350a	crop nutrient management	पीक अन्नद्रव्य व्यवस्थापन	पिकांहां अन्नद्रव्य व्यवस्थापन	0155e0d7bce04360ad377e4edb888464
d53389bda50b43098408410f0b25c0ce	agroforestry practice	कृषी-वनीकरण पद्धती	कृषी वानिकी पद्धत	80a6d6c3aa294b1894344f59dbda7fbe
debd343b07dc4e1b9cc4c5df7d2b5684	fertilizer microbe interaction	खत आणि सूक्ष्मजैविक घटक परस्पर क्रिया	खत सूक्ष्मजीव आंतरक्रिया	7181849ba90946aea5143758762ca8b6
594f2bf155cd48f694ab974987382f86	amaranth leaf spot	राजगिराच्या पानांवरील ठिपके	राजगिरे पानेपेरे टिपके	8164a82701f84ee19e1521428150e975
fe38571efe22422ab49b7350380ef4bc	agrochemical reduction	कृषी रसायन कमी करणे	कृषी रासायनिक घट	750bfe6cbd614bfc8915b0eab75efcb0
61ccc75c9e17402c82a8854f81518b3a	fig rust	अंजीर तांबेरा	अंजीर रोग	86bff2a506a443a3b4df0cb92cbe51a6
f55b4e08021e4ddfa196db3027ab5573	agrochemicals	कृषीरसायने	खेती रसायन	bf32084b35894941af6c34a5286fd34f
6dc5d5ae1f624c1e908d28852a9c9c24	crop-specific pest	विशिष्ट पीकाचा कीटक	पीक विशिष्ट किड	20c634666890464a9f36be8baceeca11
68ef7d67db5843a290794a776eaa621e	agrochemical waste	कृषी रासायनिक कचरा	खेती रासायनिक कचरो	71e4bf25963c49df8fe7d00b71425e20
4d56e8d9cd524e48bca86947f802786e	Diseased / Sick Livestock	आजारी / रोगग्रस्त जनावर	आजारी/ बिमार जनावर	ebca75cd3dd2411ba02a4e69d4c332a1
ff9d6c006c2c44cc8ada6d0686e32bea	Skim Milk	स्किम्ड दूध	स्किम मिल्क	45612aedca5b441f8330f3b7b28b97ce
b00524f89f284386b6348892434826e2	Companion	सोबती / साथीदार	सोहचरो	08c2148e42824db3bbf1a7c454a18cfc
e57b7734b459478a8911c23d9681579a	Ammonia Dissipation	अमोनिया वायू निघणे	अमोनिया विरघळ	4168e678f29745cb9faa83ebde40e786
3d8807a798534d8ebcb2b67c6223b8d3	Microbial Count	सूक्ष्मजीव संख्या	सूक्ष्मजीव संख्या	c5855b0cbfd14adfa43453c04ccef69d
ec6623bcba0c47c5841cb4502d5016d3	Tip	सूचना	नोटीस	6c74cbe156e341d288526d2f3190a997
da119fd60a9c425688582a65f8ce3cb9	Evacuation	स्थलांतर	बाहेर काडनूं	d71ff0ae3751418db5f7744466fb8a5f
cd94d4c20d1940c0b0eb79afd6cca17f	Mastitis	स्तनदाह / दुग्धाशय दाह	स्तनदाह	925ad21941654719921319d442d7a6a0
b89590eadb4d45b1b3165528e9a7426e	Indigenous Breeds	स्थानिक जाती	देशी जाती	b51fbe444f4f4b218cf5ebb15f1842ea
c86fd7d9a16f4aa6bd1a02db934ee49f	Self-employment	स्वरोजगार	स्वयंरोजगार	dfad56438a564bd5b2cc406b1cd631f3
7092020a9cc44c1c9b8f4458ccc30013	Muscular dystrophy	स्नायू दोष	मांसपेशी अपोष	38a7c2acdc084eef8d2a2998c07ff916
9c69c5d5489f4d779f6fbc61ba754c26	Deficiency Diseases	अभावजन्य आजार	कमी रोग	55b6e613e43f420ab8b2f2f1c835aa42
78530e29e81e48ee886c7fa946ebf29f	Clean Drinking Water	स्वच्छ पाणी देणे	स्वच्छ पिअलो पांय	c9461d60570544f5a7d37b83c8a62547
3e414fa0d6f6484a8406b60ff05cd7ae	Teats	स्तनाग्र	आवाळो/बुजलो	cdf9d833991e4ea38a35b8b50f0d4357
b6f04c36d05742ad80482109c60686aa	Clean Shed	स्वच्छ व कोरडा गोठा	स्वच्छ शेड	d4d8f93c483b4354b64cd9b5106ccfd3
d5174f7525b34514a4bcbaf5c8201e80	Happiness	आनंद / समाधानीपणा	खुशी	8d74b00ba96149aba823a9e8c3f8f58f
848cde0499824f5aa82b4a4b76ddc1ab	Isolation	अलग ठेवणे / वेगळे ठेवणे	अलग थोवनू पद्धत	e0cf45ea67fc410cab3305b7de9fad3c
d2cd7c0840264c608e7210cac5261d25	Anemia	अ‍ॅनीमिया	रक्तक्षय	a8494f4558644d34a8c83a1eb79fac43
15a2b2fcaafd4034a4734150d13d0ca9	crop processing	पीक प्रक्रिया	पिकांहां प्रक्रिया	31359eb9c08244289a84138bac68c614
199f29eb56234bbb9bc78655f868fcd9	Beneficial Bacteria	उपयुक्त जिवाणू	उपयोगी जिवाणू	6897d3cfad68400fb9cb8ed0eeaffa28
9da85babb50d441598644344996b7268	Feed Conservation	आहाराचा साठा	चारा संवर्धन	4c620e5ab02a4f608128ef1818b04793
10b0e372e36d40919ea729200d9e915b	Green Fodder	हिरवा चारा	निलो चारो	438f60a0a5a740c59dc1ed1a4b854ad1
7fc3d10af3944224a30b50bc7aab979f	Shelter	आश्रयस्थान	आश्रय	e3f00f497edb4c41b0c787ef457f8a00
25b722bf9aeb4106b6139248918f6b82	Wool / Hair	ऊन / केस	किंहीं	dd48db83c4364bdb8ec722acf8f59c69
f17e059251a64cf389bff47e515e7120	Green Nutritious Fodder	हिरवा पौष्टिक चारा	निलो चारो	a66e0cbe9b6143f4903a7b92d784521a
90e6d4f34c3e412bbed067eac0ccc051	Feed / Feeding	आहार / खाऊ	चारो/खाद	b86ae4a1937c40369aba6333a6b88127
a7abfeb19ba8403289e46967e7085fc6	Rumination	उलटपचन / चघळणे	वागुलों	8a56b836c54d42bba58d35b313a7cff5
1c75822cd9884fb4974a6906fed0669b	Summer Season	उन्हाळी हंगाम	उनालो	0d45ef91a1ef4deeac17481ad3c455b1
21619cda36a14abeb13bd358aa872069	Gloves	हातमोजे	हातमोजे	da9b38c2528448f88bad1ae033e26f93
0b86bee60f6e43008b6ea572d485f58c	Climate	हवामान	हवामान	31db5acf77d74aba9d2237a4fb67ca04
5f60c9c91dbc45cc83afdc0eeeb64d09	Production	उत्पादन	उत्पादन	36b6caad797a4805b3a3bdcfee526cdc
78e82641e95d41a58c30b3522b916f60	Treatment	उपचार	उपचार	a649c933ef8045a98aca58c3c9a280f1
aa287b0b8754468e80db06f4458fcd73	Summer Crops	उन्हाळी पिके	उनाल्यें पिके	6afb3e02f3a846e090c69f60cb58f382
257640052fbb49108158848a5254bb63	Chickpea / Gram	हरभरा	चाणा	dd1fb9421bb54254874d8d091abc37eb
b6e12ab9ef10480b97234a37fce93352	Fleas	उंदीर किडे	उंदुंले/ उंद-यें	657c5466dc2440aa9764f69511056153
7afc48f8bfd74d0a95b99745112db940	Fracture	हाड तुटणे	फ्रॅक्चर	86d0f766389a43e0a77843e83f7708a1
e34900df73b44c398f5a6ffa7656934a	Feed Palatability	आहाराची चव / रुचिकरता	खावनु बदल	d9079b4b0f6e4e6ea08d1b763ef2f3ab
2f0ae01fdb1e4ee3a41715022dc10c80	Moisture Content	आर्द्रता	आर्द्रता प्रमाण	3a6a25d4037a4a98a31717b58d1485a4
6682381595fb40d994299adf198c6c39	Seasonal Crop	हंगामी पीक	हंगामी पीक	5e3a4504f8b64f09bc3e38aab02a9842
589cbf1cd963426788166ec9102c96a5	Safflower Cake	कॉस / सॅफलावर कॅक	करडई केक	1578504aa3a84eae85ed44b8694718d9
03e3a82b99ec4d5680e50362295cabe5	Pesticide Spray	कीटकनाशक फवारणी	किटकनाशक फवारणी	89bf50ec00d440c7af639ef33cd73eb5
f66687b724d74b90b5982443a7fafd70	Artificial Insemination (AI)	कृत्रिम रेतन (ए.आय.)	टूप थोवनूं	8d9f49b77db843ebb53af811000ae07c
682c01c4fe1449f9ac0eed908747e70a	What NOT to do	काय करु नये	काय केनूं नांय	23cf8a258529425b85dbb0b998b6938f
d5dd1a22a9a14e64a9c728adc3560745	Artificial Insemination (AI)	कृत्रिम रेतन	टूप थोवनूं	951e0a2925984f17a24b556e168f2e44
f86726d9702d420d9a47f75d384ef60c	Harvesting	कापणी	वाडणू	ac86751e9a5d4ef4832c1a77d69c6efa
4f5866150bb04585a4194ded2f3f7572	Online Application	ऑनलाइन अर्ज	ऑनलाईन अर्ज	f9dddde5f78d4003a8507710df90cc3e
438a1db19859403e9d0d37ef1b1f9e39	Artificial Insemination	कृत्रिम गर्भाधान	टुप थोवनू	503537cd3dbe49e7a44a95d2f2f6674a
f6551d23855a48219ea77285c5a16563	Poultry Farming	कुक्कुटपालन / पोल्ट्री फार्मिंग	कुकडा पालन	c5019b45ec6f4c948c6c83d203c5ed80
9b2ce0fe28f745e88ef37509f2b18ad2	Alopecia	केस गळणे / अलोपेसिया	अलोपेसिया	b4ef30d73380484ca379dba7ae891e66
a45d11925e88480787c2ff07739e4c37	Wet Fodder	ओलसर चारा	ओलो चारो	36baa5eb7e7d4ce386684d57fe5343f7
07685d09e69d4ee5b8ae75eb33bf199a	IVF / Embryo Production	कृत्रिम भ्रूण निर्माण	टूप थोवनूं	5185cebaa3a1426280cdbf9a12181cca
3c4c2e5231f44e63a191c1523ba65cae	Kalakand	कलाकंद	कलाकंद	e36cf96d4d384ad9865e32073b7bf3e9
8685bbde29b740888a45efed042a00e9	Skeletal muscle	कंकाल स्नायू	सांगाडा	73dd6842edeb46fc82555013a4503f6e
089ad849028d4b629bfb45d0f06e9c7f	Scissors and Forceps	कात्री व फोर्सेप्स	कात्री	69c805a1074d4c4c90f3b58bd4637ba7
add28d1b1e974e1cbb6e70639ff3606e	Raw Milk	कच्चे दूध	काचो दुध	7e7347fbeaf04a148e4c7df39944226b
b923b2db1d76412799cee1b504f60583	Cotton / Gauze / Bandages	कापूस / गॉझ / बॅंडेज	कपाशी/कोपाश्यों/कपास	e5ed5343cefa4c08a22aa99d0a29b52e
67d9244e0e87410380ab2c07f66e00cf	Medicinal Plant	औषधी वनस्पती	औषधी वनस्पती	80190041d2a740888d6b44a5d46f83be
796d53a1a4244fc49277d74270461370	Moist	ओले / आर्द्र	ओलावो	579e1f656d0146f2809ce5da8176f8d1
369824a43d694f93a1a576f2478e4505	Calcium	कॅल्शियम	कॅल्सीयम	27387819ad6a424e9be08b5ca876df03
7940dc379a1847ad9a7b916e1dd0dc96	Worms	कृमि	ओला	018d410c0f474aafaed36878f6e8ba35
ff47298692b446a9a9d6ebc06a7a16f5	Calcium %	कॅल्शियम %	कॅल्शियम	075d83e32fb74fdf95ea5a509aa87dd8
8aa7691d23884f129746a1b04965617f	Black Quarter (BQ / Farya)	काळा क्वार्टर (फऱ्या)	खु-यों आवेहेऐ	6139f4efdfb34b9cbcb8777b72fdb8bc
6cad3bcb8e02447c8ebf3b38df31953d	Coverslip	कव्हर स्लिप / झाकण	टापणों	6c04e998c541418da2b96ad7b33b5c84
3e1136b3652b4f799d30d907ffbc1d1a	Hair Fall	केस गळणे	केस गळ	4a404b6592f14977ad6cf1ad5d20cda6
81cafec4fbba464a8cf4cd6a4442fb08	Poultry	कोंबडी पालन	कुकडी पालन	ef6832e669534906ba8b68770c853173
969f4af59b8b4637aaee529aa7414be4	Hardness	कठीणता	कठोरता	058e5e30583941999be35dac10b36dcb
7d1feb1defa042d5b338c96032b5fe34	Medicinal Treatment	औषधोपचार	औषधी उपचार	bcaf829e31c14b7e8c6b1050422804d4
d353405376ca43b89e92de53d657c449	Saffron	केसर	केशर	59cdf7cc833a4a18a10607a3967062f8
d11acb4fccbe4b80ab4b38725d0a1bf8	Dog Rearing / Pet Dog Care	कुत्रा पाळणे / कुत्रा पालन	कुत्रें पालनूं	620e886a0a9e417794e0bd321da33076
d2e8219d6e72451088a714addc6737b0	Avian Blood	कावळ्यांचे/पक्ष्यांचे रक्त	चिडाहा रगत	297fe161d00f48cebcc44757b9daf077
d46a1be67354478e9c76116dc7a07c9f	Artificial Insemination (AI)	कृत्रिम गर्भसंपातन	टूप थोवनूं	9ca86a7772b04eaabc0d5058203dba8d
4883b7766f854d46815d7fdfb5e842b1	agricultural waste	कृषी कचरा	खेती कचरो	71a19dc1e5124a32b6f91f5e3e081593
bbc55428962b4140a3b1fb0f97d4dbd5	agricultural vehicles	कृषी वाहने	खेती वाहन	04d325fd8b474b53bdb7f20d8b563c88
efb00e9b3ce1404c966c6ddb37579d49	bud rot	कोंब कुजणे	बड रोट	2347d0b04d0a4a2889ad38fe58d66287
6b91eb05a8b6403f97e36990c3b39589	brown manuring	तपकिरी खत पद्धत	ब्राउन मॅन्युरींग	3a4e4e9071c54e3bb15ffa5a4071d8af
79941c2141604a8d8f48c4d167df030b	bud differentiation	कळी भिन्नता	बड विभेदन	aedf7abb47b24a378d7883af2cfed6dc
2ef01b893bae4f9e85f88310a33ebec1	agro-chemical usage	कृषि रसायनांचा वापर	कृषी रासायनिक वापर	397262bbaee04155987979ccc9fc73aa
ac774a5166cc4c2288479d0dd7c2883b	broad bed furrow	रुंद बेड आणि सरी	रुंद बेड फुरो	1884c0c166514a5795213eebe7a1280e
3b83d308e0b24c6bb43274ad1aa51f42	buffer zone	संरक्षण क्षेत्र	संरक्षण क्षेत्र	908785d370cc4149a5da65b6c8e4abcf
d1e820fdb0c44463802961a625b07da6	agro-based industry	कृषी-आधारित उद्योग	कृषी आधारित उद्योग	592285a781d54c02b37a33e525e1d606
bf82075bb52745939e1b7b4ea95c4820	agricultural resilience	कृषी सहनशीलता	खेती लवचिकता	af15a6d9f4b545c1af6dd12f250e7320
303febde3d7443588560fa403ba9e099	agro-processing	कृषी प्रक्रिया	कृषी प्रक्रिया	bc24b518445741ef80d0d1f1add7d647
e61f52cebbc34d5aa562aeb82a7d0678	breeder seed	पैदासकार बियाणे	हाजी जात बियारो	f34ef1d59afc4cc991b1baddbd63c92d
f651d2046de648a39e4718f000fb5799	agrivoltaics	कृषी-सौर तंत्रज्ञान	कृषि सौर ऊर्जा	9bbaf44163844a37ab90bfe6f34553ff
8a0d2b8bc4b348049ecdeead46f04347	agro-industrial integration	कृषी-औद्योगिक एकात्मिकीकरण	कृषी औद्योगिक एकीकरण	bcc9c31c01ae43f794fc46920ea6b0a0
e68a89ab7f0c4df783ab84afe62f349b	agricultural technology transfer	कृषी तंत्रज्ञान हस्तांतरण	कृषि तंत्रज्ञान हस्तांतरण	c09b81e5f0004f45b1ab41b243297a96
8e69fe199a4040f1949adb315303de96	brix value	ब्रिक्स मूल्य	ब्रिक्स मूल्य	7d7067ebf7bf48548627905c86ff64b4
5cf31af11b40469a92959cb0aa0a3373	agricultural systems theory	कृषी प्रणाली सिद्धांत	कृषि प्रणाली सिद्धांत	d7cb3f192caa4353a3065aa882971c6e
fb170bb94782401bbb6459ac838ffe0d	agro-inputs	कृषी-आदान	कृषी निविष्ठा	e06567e510cd4313b11b7dfa0067efe5
d949966a1f364df2a90e3f3c0ce0fb3a	agro-climatic zones	कृषी हवामान विभाग	कृषि हवामान विभाग	bb310a7dc027427099538e2e8d9c1c4e
b7f5b9c9d9af42968027717f37d3c51e	agro-business innovation	कृषी-व्यवसाय नवोपक्रम	कृषी व्यवसाय नवोन्मेष	1e9fd923a5c9450db336fbab748586a4
45a2efd3a7324e65b5bd38dc8e8d7a69	agricultural sustainability goals	कृषी शाश्वतता लक्ष्य	कृषी शाश्वतता उद्दिष्ट्ये	849089d5bcd449899ab6e40e006b51ae
835a1382e7304f33814b9f988adcf0e4	agro-business	कृषी-व्यवसाय	कृषी व्यवसाय	1bf5e0efd50c4fccb4dcd64a618394fd
179e2918f5fe4dd5b9fd7056c2cd5b1c	agricultural sensors integration	कृषी सेन्सर समाकलन	कृषी सेन्सर एकत्रीकरण	06f399a07f0f4e4380626870f62c7bf4
c3e9ecff10f446ee99706be547d7d7e0	bulk density	बल्क डेन्सिटी	मोडा वस्तुमान घनता	2832911f02ef4f0daef3afe776b416f6
cab22237d080490497d98b4b60b8ad1c	agrochemical application	कृषी रासायनिक वापर	कृषी रासायनिक वापर	5bb836cdf5e84d409e512407a8cb463e
8a6350dc67bd4dbf80b094a9f906afca	agro-industrialization	कृषी औद्योगिकीकरण	कृषी औद्योगिकीकरण	b8e087704a6e4fe2b7db61d7a8267662
a93b536f9d634d438a23ae052e2dbb52	agro-food systems	कृषी-अन्न प्रणाली	कृषी-खाद्य प्रणाली	cb267d64acbd48f2a129adfdafe6c855
f9e886848c014fa0a640ff97b55e0f4d	agro-technology adoption	कृषी तंत्रज्ञान स्वीकृती	कृषि तंत्रज्ञान अवलंब	bdd568073eae4bb0b83f30985a0c0aef
fca03a7f068847db831e85f7f39e8569	buffer strip	आडथळा पट्टी	बफर पट्टी	3a03d1c6f06245b59d133e73fbe19de4
e12619c106f64d0ab41d9597de05dff3	agro-industrial waste management	कृषी औद्योगिक कचरा व्यवस्थापन	कृषी औद्योगिक कचरा व्यवस्थापन	8bfc3a971b794e379fa20480c6da3979
4e7c85eaa96640faa208e0bc2057b74c	agro-ecosystem	कृषी-इकोसिस्टम	कृषी पर्यावरण प्रणाली	094703e7884a414db7a9e50e8bf17405
fcb844616ca54a8f86945bf3dbee8a95	agricultural technology integration	कृषी तंत्रज्ञान एकत्रीकरण	कृषि तंत्रज्ञाना एकीकरण	e9deabcb472a400291b81f5dcd89c5d5
159e986edbc0454f8f4a23dd79118220	agro-ecosystem management	कृषी पर्यावरणीय व्यवस्थापन	कृषि पर्यावरण व्यवस्थापन	aa4d0c45b4d94ed4b18c8917cfd9365e
30e8ac399bc543a987d792802062e9dc	crop variety improvement	पीक-वाण सुधारणा	पिकांहा जाती हुदरावना	a3b0172090e649ecb0a54696dfd1396c
b049bf24bca345aab2677ace2147e9d8	green house effect	हरितगृह प्रभाव	हरितगृह परिणाम	61966d37a780427b8290105de47b3197
6ce420e7245a49148c4d968e04ddd341	crop stress index	पीक ताण निर्देशांक	पिकाहां ताण निर्देशांक	d0cd02aed6214250bf1f88665df8c73a
b92293b8a3d64a0b90714af27e340cab	crop pest resistance	पीक कीड प्रतिकारशक्ती	पिकाहां किडींहीं प्रतिकार	949ca5675f6c4e68a728eade1c57bf6a
59ddd0b3b6564f709b1bbabf9f973593	greenhouse gas emission	हरितगृह वायू उत्सर्जन	हरितगृह वायू उत्सर्जन	11280ae1a2234a06b1a0f2d824390ee1
1fb005e35300421fbf98bd7465472749	crop yield monitoring	पीक उत्पादन निरीक्षण	पिकाहां उत्पन्न निरीक्षण	3e5381089ea0439880de7c4d3bf3e9c9
547c00266803405e8179d5fb7170b69f	cold composting	कंपोस्ट खत तयार करण्याची एक प्रक्रिया	हियालो कंपोस्टिंग	408d8eac7d184d40b88f0946529c907f
aedd2e9ad2d245c7aab2dd9664dcbcb1	crop resilience	पीक लवचिकता	पिकांहां लवचिकता	c7dadb3ef4f645d38a83279cf90af415
0992fd7bf9034969b44e280a5586b832	integrated crop management system	एकात्मिक पीक व्यवस्थापन प्रणाली	एकात्मिक पीक व्यवस्थापन प्रणाली	199a6bb671314c3396131a4779a1e432
386a0c95f61e48748881a6d26155fb7d	crop stress tolerance	पीक ताण सहनशीलता	पिकाहां ताण सहनशीलता	405c7e0e12314ec3aaf10d6a91e4f925
370c73e19f384394887b142553844572	gene pyramiding	जीन स्तर निर्मिती	जीन पायरामायडींग	40d28465ce704f0485802f39a9be94e3
c8571c247c8e47538f7a8c50046978a6	jhum cultivation	झूम लागवड	झूम खेती	4a4cb3df336f4150ba1f16b1ec26b135
0145bf0cff75402aaa95d03b61a6ba69	crop weather calendar	पीक हवामान दिनदर्शिका	पिक हवामान दिनदर्शिका	65f7341662274649889c10e171f85ee4
e194127035384ec8bbb62b07205609aa	Paneer	पनीर	पनीर	69fdac46eaff4785bef72b5c56a4c2b8
11aae4929e2f4b13b12d0071761cc7ab	Gender	लिंग	लिंग	02c1e9d7ba0a4299b06c356acbeeb0f9
1b4110c2e2134fd5ae55839037aeb1dc	Vaccination	लस / प्रतिकारक औषध देणे	लसीकरण	61344dad3a0c43f38802bd784b54da3a
0e8848ad9976451ba76e0a990ee36124	Healthy Livestock	निरोगी जनावर	निरोगी पशुधन	7dcf80e60bd44877bbf2aad1c1f84563
b4cd3c1694f94d3eb6ee61c538fdedd0	Housing	निवास / निवास व्यवस्था	रेवणू	1d8030a783404beb817ea3054f430f2a
020fdf0a971b41b68a50a25f509d80e9	Nasal Swab	नाकातील स्वॅब	नाक	d014716f8b1b426d8ad0aaa81624de75
3f39d5d8dd9645a49670067761027a4e	Symptoms	लक्षणे	लक्षणे	51decfbcc40942d783fcf4b1cd7c4b54
f06e10882216461ca325d99a0a05c02f	Ranikhet / Newcastle Disease	रानीखेत रोग	रोगठ्यों	34357688ab19489f811bb0a4eabed947
147ec5cb6e88412d833b6c9336ed2a12	Vaccination	लस	लसीकरण	0a01ef03ab574ed3bfc2d1fa40db6186
2e08d1c4e2394eef8fcef5f217bd3a22	Saliva	लाळ	लाळ	dca917038da941668a3c03a19c46d92e
da5f797d91404683bf1fd4be90404eb2	Registration	नोंदणी	नोंदणी	41d685c144e449369807010bfcfc5a88
cae0994acbc24b9e90532e2c9e7acbee	Vaccination	लस / लसीकरण	लसीकरण	2005033827ae4fed963329a8ac3c7284
b9973e4d263d4a2baaab40daa78cdb96	Rabies	रेबीज (Hydrophobia, Pisalne)	ओळखाय उठे	c1cecedf4c9148e1bc7a0717616965fb
958986449bb54cbc91124c2af95a30bc	Indications	निर्देश/सूचना	ईशारो	be051578aa884bec833e00d29f5a8cbd
4fa1aa6028b84ba794fdedd325f6ee4f	Poor Quality Feed	निकृष्ट चारा	खराब  प्रति खाद /चारो	ca9effec828c4a208fd3e8d8de108495
e562ae794c7d4b12a4119be125f80adf	Sterilization	नसबंदी / स्त्री किंवा नर प्रजनन प्रतिबंध	निर्जंतुकीकरण	500156e594894a78b46168301411ae26
859c166085fd4d98aa23280ce8240175	Sexing	लिंग ओळख	लिंग निर्धारण	0bd14465380f4d8d96f2e0edbbb041b3
540cd02d67b54a2aaba7f63d5b99c1de	National Gokul Mission	राष्ट्रीय गोकुळ मिशन	राष्ट्रीय गोकुळ मिशन	d535c5891e8e4a019dc7545df2f1d083
34f2d0759d9845618e7dc2e0d46ed1a0	Diagnosis	निदान / तपासणी	रोग निदान	879f550aa8ee424eb9e3534986e34d62
5b129cb14e9d4f118b6e097c7f325c1a	Nasal Discharge	नाकातून स्त्राव	नाकमेने वोया	3a102a0e666f441a91fe38bdc3b5885d
43e0ec72f93d438494af5e834d384cce	Disease	रोग	रोग	77fea63fb0414543ae6818993bcdb4b5
fe1f676d21a24ddb9386e86395da0738	Healthy Animal	निरोगी पशू	निरोगी जनावर	28450cf5ba824c88bb8d105b04414cbf
de26791546e24f85b59a9497e8499810	Contraindications	निषेध	विरोध	44f7ec2e4b6245d0b529bd36a1eb1688
0af10009ab1949809a5f2e7bb93b3915	Rohu	रोहू	रोहू	63ad9046026343199f24de1d5e650c5a
c46cbc497580418facb33d594d3cf736	Shelter / Housing	निवारा / घरट्याचे व्यवस्थापन	ओखडो	2bb599cc964544b98a72e134313f3530
364bdfe487a44307b1bb7e0d839f2eca	Paw	पंजा	पाव	ef816c3cb5064f58bac58640f59ae965
ad58dd32368b4abb9f6673c883c54f34	Vaccination	लस देणे	लसीकरण	73d590f4d2ef474dbd14dc0412b771a0
de94f48cc4a24d639c46538254dc33ac	Rumen	रुमेन	वाअडो	745672b804d24fc2af102c70c4fec347
8dc9aa673f844dd5bd168d94ca14d824	Symptom	लक्षण	लक्षण	215ea90d64204dc68dc2502f8edd89ee
9db9a5d5d88a42f7b938f221ae91961b	Vaccination	लसीकरण	लसीकरण	d88ea5cbafde4f9cb0f118ee0447544a
dfdaaa6e01384f2aa4b3b5c7316ba2e8	clove leaf spot	लवंगाच्या पानांवरील ठिपके	लौंग पानावेने टिपके	16c945e0f72f4f6da30e9ec612d73f31
e223765542574317b95eabb4342d36ef	citrus canker	लिंबुवर्गीय खैरा रोग	लिंबूवर्गीय फळवेरा रोग	a3b759ac89594dcb8a6e854b04b5e4ad
18169a24135c4b20a2144cbba0bc60ab	chelated micronutrients	चिलेटेड सूक्ष्म पोषक तत्वे	किण्वित सूक्ष्म अन्नद्रव्ये	10480e5d5ff04110bc9540fa26da4370
7e684d2da2e74cb9a2494e9030a6b853	china aster	छोटे अस्टर	चायना ऍस्टर	c600fc4d22fd4c418968e2f22955e5f3
ee2562aabd394e1da8a22bc1bf56afca	bakla	बकुळ	बकला	2d4750d1d122484cb250f414ddf0f866
1459bce3078147bb85f7b8c77c006563	cereal	तृणधान्य	धान्य	acaf87d91e57460080dcdbe816447d86
7360d5017054490982419084b69c5538	banana bunchy top virus	केळी बंची टॉप विषाणू	केला बुन्ची टॉप विषाणू	0a106afbe7ac4b8f9ef823bd7e660ef9
f00bc9644aa6467693331b6a3bf839be	chlorophyll content	हरीतद्रव्य प्रमाण	हरितद्रव्य प्रमाण	56556ba8cb374db1b688efefabd441a5
b87bde05302e4dd1939a0304a69c1118	climate resilient technologies	हवामान लवचिक तंत्रज्ञान	हवामान अनुकूल तंत्रज्ञान	af041915395a4b7dbff2e358ffc2e699
dead21215bf94f9da7fa6f82b0f13f5c	climate adaptation strategies	हवामान अनुकूलन धोरणे	हवामान अनुकूलन धोरणे	adc40d92c7dc4e92b76529ba6f732e99
5b22405bb0a044f0bb8a30638dadb292	banana sigatoka	केळी सिगाटोका रोग	सिगाटोका केळी	91820554add0449f947cd1cf52bae9a4
f6f466faeca042768d9d8dd5f03d7c7d	climate-smart varietal trials	हवामान-स्मार्ट वाण चाचण्या	हवामान अनुकूल वाणांहा चाचणी	3ce583a3e2c7493f8fff4c135a6a39e7
83b8077e777a4645bc5696f140a72485	basal dose	प्राथमिक मात्रा (खताची)	पायाभूत मात्रा	9417a26b8f28455788b6c3113a18f116
a320e5f2d337482eb2efec5fc9413936	bean common mosaic virus	शेंगावर्गीय पीका वरील सामान्य मोझाईक विषाणु	बीना सामान्य मोजॅक विषाणू	64c03e0876164077976838b5a2a83cb7
6659c231d98e45389f3a39a56553da8d	bast fibre	बास्ट तंतू	बास्ट फायबर	0fbebc89c51847edb30653d25f06e9d1
ead1a286c271468e876d0e70143814f5	balanced diet	संतुलित आहार	समतोल आहार	98fe4000e55d4305b54820ebff6efc6b
19fb4f81737746e1b3c1bf4a266521a1	cloud seeding	कृत्रिम पाऊस पाडणे	क्लाऊड सिडींग	dd6e6717c5ff481ba84704e0c5e3fb12
d62d5c78ea62461081269f1e175728e5	barseem	बरसीम	बरसीम	87dc0d8dcbd545d28af8cf95381b2e46
02c249faed014693abab573d1598128b	chir pine	चिर पाइन	चिर पाइन	bd792705e3bf4588977bba5ca3fe87d4
dcb6cf20417d4ad8975dc4c678381307	climate-adaptive farming methods	हवामानानुकूल शेती पद्धती	हवामान अनुकूल खेती पद्धती	7205588ab50545c590e4c30dda390709
c772b0d000734602b90ee41558b5c8fa	climate-smart crops	हवामान-स्मार्ट पिके	हवामान अनुकूल पिके	310968bab5864854a8aa591190054205
638cc48d7a6d4a82a9b8ea81892abfe8	climate-adaptive crops	हवामान-अनुकूल पीके	हवामान अनुकूल पीक	72a416a6a4bd49f5b383a3b3a829e0ef
7eb2c1d6db604093bbd66c8c6a2a695f	chlorosis	पानांचा पिवळसरपणा	पिवलो पडनारो	2a9ae6a243674a2da4c18bc02e2fc95a
be964930a0bb48fea341489abc296673	climate smart farming	हवामान स्मार्ट शेती	हवामान स्मार्ट खेती	439d364d44854361af4d65faf18a16eb
e38d7052030a4a4aa01b888b466e6290	clayey soil treatment	चिकन माती प्रक्रिया	चिकनी कादु प्रक्रिया	c9d3e4f7ef334142addcd33730cadf7d
1bc443d98dcf4ff1b93f2a7af23adf1f	baler	चारा गोळा करणारे यंत्र	बेलर	ee59008dd75d45eb8a24e6aa0f78ac28
e23a3cd355364860ad10d9da473d9af9	climate resilient agriculture	हवामन लवचिक शेती	हवामान अनुकूल खेती	31ad52599f174dbca8435b0558424199
f905b344f8d540368f343dab72ff2165	chemical desiccant	रासायनिक सुकवणारे	रासायनिक शुष्कक	72c71fc5f08940a4a002204b08e0cb70
28a71378cb0f4972a5c140ba4461edf5	cluster bean wilt	गवार मर रोग	गवार मर	4f4057017761422cbea88bdc3f4bff30
50fd026e80d3470799a595c0674baa95	chlorophyll content	हरितद्रव्य प्रमाण	हरितद्रव्य प्रमाण	0358ae0a74d94d5493569a35dd9e13e4
be427d36dc3a41ee9a47d7f7bb486ab3	climate change impact	हवामान बदलाचा परिणाम	हवामान बदला परिणाम	f10dd1e7aa304c6ca53c463dc8db7d13
5cac8392373840a09640efd2a2d400ca	base saturation	बेस संतृप्ती	बेस सॅचुरेशन	8a62235b4a0a4925861a1df43a47d501
211f140015f9470c8b4b9568e732603a	fertilization (plant)	फलन (वनस्पती)	फलधारणा	b0040beb9a8f4bddbec4f7060c9abc07
07b7aae7d58e48428b6faee587956712	field trial	क्षेत्र चाचणी	खेतामने चाचणी	5eb20d93eba747d99c347fc526b397fd
2d26469618904e4db57b7e16ae7f0136	fertilizer recommendation	खतांची शिफारस	खत शिफारस	2aae4700cdfe4d25b1cdef5c78355df2
25de8d6a71f340b0ad885d42fb923a00	heat unit	उष्णता एकक	उष्णता एकक	a536d927a0964c81a979ecc5e12f103a
c53d8629c4be4cd6811561a14fc9a117	fertilizer management systems	खत व्यवस्थापन प्रणाली	खत व्यवस्थापन प्रणाली	1fe8d89df70c45e1b04ba729d663a144
50b23ba782b743cbb51cf682007341dc	field border planting	शेताच्या कडेला लागवड	खेतामने  बाठडाव लागवड	bf7a5e1a4f86473c810dfb7be5aceddf
46ec1b22ea4d48838a89b70f0f80bb80	fish breeding	मत्स्य प्रजनन	मासली पैदास	905c58efd5334c8594d3632ff9187f48
42864a1a5bd74b9eabf5b5d7b0798144	heat unit requirement	उष्णतेचे प्रमाण	उष्णता एकका आवश्यकता	78394114764b47908a8b0f7ecae7440f
c56f479e3eeb40709af409c0899d7b56	fertilizer application systems	खत वापर प्रणाली	खत देवनु पद्धत	15fc731621b94ebc8622e2de56be5dc5
e13b140c71604fa39d670dd791e11608	fertilizer recommendations	खत शिफारसी	खत शिफारस	955d7cbd4bf24fb2b803032cdfab1a7f
f1a633db08284305af0ef334c4892da4	fertilizer recommendation	खत शिफारस	खत शिफारस	86d6e68ef33448a8ab6ae80348df8b2a
a425ca680f0846798bf0380b1ba517af	herbicide residue	तणनाशकांचे अवशेष	खोड मारुलो औषधो	d7c76a130b8244d7a88e2efbb2fca7c4
51729e9ca87b42179a40b2489e66f537	madhukamini/kunti	मधुकामिनी	मधुकुमिनी/कुंती	190a545bc160436abe90c18246ed78e5
f3e2441e5da6471e9b1a1276776d6575	bael leaf blight	बेलच्या पानांवरील करपा	बेलो पानो करपा	6cbb73838c604013b59b00451e02676f
90d3e2267bef4f3089c3417cc59dec8b	bean shoot	शेंगांचे कोंब	बीना शूट	c19c804a0eda47b396f90e839f3e9d74
87d4a7109156402882b9f2938263f5c1	clay mineral content	मातीतील खनिज प्रमाण	कादु खनिजां प्रमाण	1cb53988c5284d848ef31816937a06a9
9dfc1db1469a497ababc7b6eecbe6363	climate forecast-based advisory	हवामान अंदाज आधारित सल्ला	हवामान अंदाज आधारित सल्ला	b2b1915859aa4846a817e2a06e701c0c
11a7e9fb4b3a4084a7e2c32798b725e3	climate-smart practices	हवामान सुसंगत पद्धती	हवामान स्मार्ट पद्धती	89842eee7fd74822995ad2ce77883eb3
f69093d46f0a4db3bcce59eaecbe0744	chia	चिया	चिया	ea961446e4e3425d858ab07e469a89a6
2b8cf3a634434a38bd6b3840f6c51a69	climate adaptation practices	हवामान अनुकूलन पद्धती	हवामान अनुकूलन पद्धती	9d3ab374934747e0bb4dce9dcdd9f4d8
2aef4f84c2b141aaba230bbdc345f84d	chinese spinach	चिनी पालक	चायनीज पालक	ef08dcb772884d808fedf0fe9461ad63
d2000c8be867477ca76994853fc7f73f	chilli fruit rot	मिरची फळ कुज	मिरची फळ कुज	7756319065d94f13818d98c23fe338c2
38e86be4eadc40b0a8a0800d557be78d	cleft grafting	फाचर कलम	फाट कलम	06bf4ad5862d43859cd8e49170849a55
b4fb96cd75f34224a12ac8871db18c13	barnyard millet	वरई	सांअ	555595406379449cb3351c6178740b0f
148faaee363142fcbcca256a5d3e8f23	citrus psylla	लिंबूवर्गीय सायला	लिंबूवर्गीय सिट्री	6e8e95dc06e04dc3bf95e3822adc7c53
fadf101b228b42adb79c92e2739aed12	citrus fruit drop	लिंबू फळ गळ	लिंबूवर्गीय फळांहा गळ	e08cc623b62646fd9e73764e15d917cd
af9baa0af6334893bad60655e43117a1	check basin	लहान भागांमध्ये विभागलेले थाळ सिंचन	चेक बेसिन	0ec38ac4c8d14a32a70e64d3f65140d4
4242c65ff9d24babb95ff4f4a71dc35d	chilli dieback	मिरचीचा शेंडा आणि फांद्या सुकणे	मिरची मर	b6ff1e10f1004efbb970389d288084f3
ee7ab3008ad141f19c9ecc34f41a32c9	characterization	वैशिष्ट्य मोजणी	वैशिष्ट्य	aab8f11250d24aeaad6dfa6eb3666225
cb9b24a1b6564b48b30a66b11df7dad1	climate adaptation	हवामान अनुकूलन	हवामान अनुकूलन	c6d96a8baf92434f88d9bd90289824d2
c99114980aee4e82b273683cf6910699	celery seed	अजमोदा बी	अजमोदा बियारो	d224d7ac994d48aea976959fa3285e48
d7db14fe75ad4a13ac54d14e9aaf67ea	chikory , kasni	चोकोरी	चिकोरी, कासनी	c7d96e823ef24ba794f1ab07b08ebf5b
d525f3cec5a143efbf40ed70024cfa94	banana collar rot	केळीच्या मुळकुज	केलांहा बुंद्या होडणु	410b0fbf35324a60b40c1c3af1584db9
471af2a4410343f7990e2609fa497572	clove wilt	लवंग मर	लवंग मर	96ab22aa043a45edad740a763c4c771d
0c101bb2c33849d8938307724d381297	barley	जाव/सातू	जौ	8e1eeb59aa9d46fda78cead06934a887
e5799ba039914b308eb39b5a6d53cb3e	climate-smart seeds	हवामान-समर्पित बियाणे	हवामान अनुकूल बियारो	c6e4281dc1f74a2489a2e9f83a3f29cc
b1568535dc87468bbb2df5978837d6b4	beauveria bassiana	ब्यूवेरिया बसियाना	ब्युवेरिया बासियाना	dad02ee6e72c41b0b97273b65023d51d
efea609e8afc42bb8c504025aa83251c	bark eating caterpillar	साल खाणारी अळी	साल खाणारी ओली	8d2307866e074b5580fa65f83ee30c55
5ae28543138b470b81b5e3d0dc1b5f9e	climate change adaptation strategies	हवामान बदल अनुकूलन धोरणे	हवामान बदल अनुकूलन धोरणे	8b1a14eb82404ecaad46b1d830896c02
c02ea8864b9345c88b39b7185ccfdf64	chemical pest control	रासायनिक कीड नियंत्रण	रासायनिक किड नियंत्रण	266f99267f9c4cf2a74893bdca4154cf
c2dde12c62e947f39670fb6c1e5d31ae	band disease	बांड रोग	बँड रोग	3ab9d9ecec914334a8538a9ccb8bcb79
c3e9833ae063437a99488741aee02d1d	climate-resistant crops	हवामान-प्रतिरोधक पीक	हवामान सहन केनारी पिके	4645252e1cfb437ba7fd7308815a9d0a
9a3ba5cc54b9402aa9b6803933085267	celery bacterial blight	ओव्यावरील करपा	सेलरी जीवाणूजन्य करपा	81e90e4288b54f1ead16273e81c0237d
f045f543d71d46628901f7360a183fc2	cherry	चेरी	चेरी	d7b354a6894f4cfda30386a5112b0ae3
a4876b89a1aa46bdba7bd2a15e12ef94	climate-resilient crops	हवामान-लवचिक पिके	हवामान अनुकूल पीक	2e79ce5b45d04911aa181e4cb6f91565
d5ea48eace3f460d815eb376a04ac7c4	certified seed	प्रमाणित बियाणे	प्रमाणित बियारो	643b6ea0d94642acae1d7cdce77c04da
32c765389bc6446ab34afe08f20e0262	chlorophyll fluorescence	हरीतद्रव्य किरणे	क्लोरोफिल फ्लोरोसेंस	8eb686bd14b64fc999861e1178f75fd2
dd47d95e8a9747939909e9f6b102368f	coastal agriculture	किनारपट्टीवरील शेती	किनारी खेती	8bfb175a0af14b3197dbba45d09dd1d3
9c237b8b6e5844cba83b9adb6f9dda5c	climate smart practices	हवामान स्मार्ट पद्धती	हवामान स्मार्ट पद्धती	8de0778635734d72b00e65f992ae6db7
03e151dc72de47eea49e6a5900f5888b	chilli mosaic	मीरची पीकावरील मोझॅक रोग	मिरची मोझॅक	1d232ac5b3d84610b434b27934b02484
0883023dbffe408bb6bb586cd15785f2	cellulose degradation	सेल्युलोज अपघटन	सेल्युलोज विघटन	bce3d29a80f24d14b0b24695bfbcb0c0
ee28568445a94ebb9bc991dac4258c4a	climate-resilient seed	हवामान अनुकूल बियाणे	हवामान अनुकूल बियारो	d2fe0551244f446cab53048cee674432
fc874b0fc374433c8820dda8d6b3aa55	cleaning machine	स्वच्छता यंत्र	स्वच्छता मशीन	60cce80041784e36875b5b6867725a30
0ea3fa2402274982ac38490b30d0eea6	climate-resilient farming practices	हवामान लवचिक शेती पध्दती	हवामान अनुकूल खेती पद्धती	4b256aeba9d947238fe72dd71198f0f1
d690d85e05644ba18b1b3a7c91ebf7bf	cercospora leaf spot	सर्कोस्पोरा पानांवरील ठिपके	सर्कोस्पोरा पानावेने टिपके	7adde3b42cb340b5969445b1975975d3
40f5a98f859643f2be640ef7601f381f	climate change adaptation	हवामान बदल अनुकूलन	हवामान बदल अनुकूलन	54dbbe94f6a64f08a0cd54dbc5075e9d
6e761fc21a0348fd9d7260a16bf77585	band application	पट्टी स्वरूपात खत देणे	बँड अर्ज	88205a58c43541a1a853ef29834fb5ed
99f3aff971824012bfa4b04f52199c7b	balanced fertilization	संतुलित खत व्यवस्थापन	समतोल खत	1d3bcd349fea4069b61d4a0e2adbee55
3d890161babd4a0d8026001719376c9e	citrus stem borer	लिंबूवर्गीय खोड पोखरणारी अळी	लिंबूवर्गीय चाडांहा खोडकिडो	1834e8bd8971420ba676f33287dddd80
78195a726baa42819882939f4002d133	climate adaptive variety	हवामान अनुरूप वाण	हवामान अनुकूल जात	b538fb06fb1f47a9ad98d41bdb50ec58
7b26479db152471ea7108501976be53d	chimansag	माठ	चिमनसाग	d8802ba9345f41d69bc143f372673d88
f382d6f6c490472f83a4c34d0ccb0997	citrus leaf curl	लिंबूवर्गीय पिकावरील पाने गुंडाळणारा रोग	लिंबूवर्गीय पानांहां मुरड	65e2c7cea74f46158082b409e3765b3e
86dfe22ce63e47189602056cba50213c	climate-resilient variety	हवामान अनुकूल जाती	हवामान अनुकूल जात	f5d28e58407b488d92103846c660fef7
923a77f3e1bd43cfaa11770c31e967df	climate-smart agriculture	हवामान सुसंगत शेती	हवामान स्मार्ट खेती	0dd6d4ab2d38496ea52182853c1c535d
09aab5de45914f0c8d6616a4720271c4	climate resilience	हवामानास अनूकूल	हवामान लवचिकता	b0f9fe2b7ed949808222fbb3962f024e
125631e815724c27a32246fd4a8af055	basal application	मुळाजवळ खत देणे	बेसूल लागवूनू	8d5deeecf2dc4ca2bae34ef930f34952
678812c9263f4b6d824b9d37dd8020a6	chemical control	रासायनिक नियंत्रण	रासायनिक नियंत्रण	50e680cf3f68493e8ddfebfd263a7f0e
415ae1327702409e85edb55448090e8f	citrus greening disease	सिट्रस ग्रीनिंग रोग	लिंबूवर्गीय चाडांहां हिरवी वेनूं रोग	0e91e1784b0c47ad9f6f6728f5beaf56
090c262ae2b94c669f42643cfb66bf80	basil aphid	तुळस मावा	तुळशीवेने मोदरी	75946fc5532248648b655f8925eccf27
894ecc61fa2d409f8eb3e3935594c995	cell elongation	पेशी लांबीकरण	पेशी लांबो वेहे	7365a486b83b4c758155f7080810f3aa
e3698c2964b644058f630dca5613b469	climate change adaptation in agriculture	शेतीमध्ये हवामान बदल अनुकूलन	खेतीमे हवामान बदल अनुकूलन	c13f41319322422f9a5eb1971c7d4527
f1ad89322a4348cc9ac83ae3df3cd149	inert matter	निरुपयोगी घटक	निर्जीव वस्तू	d8558365c61c4b9a9d7394a1c8da2c90
d2c10ea9fbbe4ae6b4ff20d0f235b09d	integrated crop-livestock system	एकात्मिक शेती-पशुपालन प्रणाली	एकात्मिक पीक-पशुधन व्यवस्था	b87f6038c76d4efaa4594d2ee538bbb2
3d4379b2cd2543f996dc0797454924cb	infiltration rate	अंतःस्यंदन दर	पांय मुरनू प्रमाण	3ce9722c7dbc41bdb5376e259f558b05
17221348170246bb9e2ee2a6419f998e	inoculation method	संरोपन पद्धत	लसीकरण पध्दत	7b7310a17d184324b85447b697b80887
7efdf53fda9e452bac31cae5838484b8	angoumois grain moth	धान्य पतंग	अंगू मोईस ग्रेन मोथ	6e01061b774546399dd8adadeb2202b6
df5f816c9f0f443e8a69bf62c073e450	accelerated ageing test	वेगवान वृद्धत्व चाचणी	वाढती वय चाचणी	5e328f8ed66d4fe38a7092d592252d4e
e44dcff428fe47329d153be641358063	crop yield optimization	पीक उत्पादन ऑप्टिमायझेशन	पिकांहा उत्पन्न हारी केरूलो	8137ce886ec64af5bc635913df9deffd
7e341aee8ef949ff92d1110386bb605d	antitranspirant	वाष्पोत्सर्जन रोखणारे रसायन	वाफ नाय आवणू दावो	1d9f074f4fdb4377a7b561c24fab2930
cb1bf5aa80f04b7e9efb3721a1f20e86	mass trapping	सामूहिक सापळा	मोडा प्रमाणाव अडकवूनु	00c4090693644375974813af460b1d80
72d8ee751f184a58b1ecdb5110d90c8b	allelopathic crop	प्रतिस्पर्धी पीके	अलेलोपॅथिक पिक	d4c5a82e3b0b487fa74dbc600a49deef
d72e3a6f150b4525b77c92edbfc5f8e1	anti-fungal treatment	बुरशीनाशक उपचार	बुरशी विरोधी उपचार	73f5b2b3ca6041738504495b55742812
a5b4663e01fd414d87971c0760b10fba	crop evapo-transpiration	पीक बाष्पोत्सर्जन	पिकांहा वाफ - बाष्पीभवन	8d4a3c783c8d496188550e8bfc4bea12
5f9895166f434462b89410b5db017141	animal disease management	प्राणी रोग व्यवस्थापन	जनावराहा रोग व्यवस्थापन	ddf44fe5618043938bddb56e7e8bf6d4
0e46998c69a746d2ae69912d513b993a	animal waste management	प्राणी कचरा व्यवस्थापन	जनावराहा  सांयंत्रण	f9279960198342b38f6a2816bb8f591d
e106f4cef72746c2b693c4b1c0f9e385	acid forming fertilizer	आम्ल निर्मिती करणारे खत	आम्ल तयार केनारो खत	cc2041e614b34413b16fab89ff0c2b1f
68645bcfae3f4bbf8081bd16593291cf	aphid control	मावा नियंत्रण	मोदरी नियंत्रण	4101738a9eeb4622a1c37bc51371e218
bae07aa3e5f94193bb35cd9e2ba9348b	extension service	विस्तार सेवा	विस्तार सेवा	69a134afbbfb46bbb8ce83135ffef067
c0594632279042d39b7deec7e65f95da	acid lime	कागदी निंबू	आम्ल चुना	637706be3983479db686c108e5dfc64f
0d346421d7a4495699c46a9d94844418	acidic soil amendment	आम्लीय मृदाचे सुधारण	आम्लीय जमिनी सुधारणा	cb0c7bcf8741404484ac41706b0f3d31
a6d1b959305343b09ec62a872fc080c7	crop canopy measurement	पीक छत्र मापन	पिकांहा आच्छादन मापन	feb4462b9efd481681bc61d6d3bb8eec
b89c64c562f1472ea309d11edfedca81	access and benefit sharing	उपलब्धता व लाभ हस्तांतरण	प्रवेश आन लाभ वाटी	96cfe384259743d090afd3074aed7286
33e9e1170b6d4736a477b6bb9adb62d6	etiolation	प्रकाशाविना पिवळसर वाढ	रोगुंहा कारण	e22b1abe0a794300aaffe67bfb845e39
2335051feba440b4902259bf19003cfb	anthracnose disease	काजळी रोग	अॅन्थ्रॅकनोज रोग	a279d325f4784e608a14f8932052ef64
a8132d9bec1349beadf3f312ca6bc2ce	crop yield forecasting	पीक उत्पादन पूर्वानुमान	पिकांहा उत्पन्न अंदाज	a49f9a706f714c449edf8d506e2f035c
ff5d46b6aff047a784986be668757c6e	antitranspirant	वाष्पोत्सर्जन नियंत्रक	वाफ नाय आवणू दावो	3c7fca93faa24811a774800329796395
ade183bf526b4430ada773fb3b7dd9c0	crop geometry	पीक भूमिती	पिकांहा आकार	b859576c3b514bb48ae21b02909579d9
0523b2e5ffb3406a8db6e62a398a07c4	integrated nutrient management	एकात्मीक पोषक व्यवस्थापन	एकात्मिक अन्नद्रव्य व्यवस्थापन	efe1f38bc746423a957cb4d86877041b
cc4f750f368e45398488f58296f57fa0	antixenosis resistance	कीटकांना आकर्षित न करणे	अँटीक्सिनोसिस प्रतिकार	b0b8f3bacac8447a94c5cfa49c216c20
51e25815ba2f4822a408eeaf63b02b32	aonla bark eating caterpillar	आवळयावरील साल खाणारी अळी	आवला सोडो खाणारी ओली	7dfc98d745834d7ca5c64efac82fe4e8
b41e3fb5a46445cca5333b1ecd25d05e	animal health management	पशु आरोग्य व्यवस्थापन	जनावरू आरोग्य व्यवस्थापन	61e881f78b304cff8a454c3eb9384a17
eee3432fdc9c430eaf07514a9a1f871b	animal disease prevention	प्राणी रोग प्रतिबंध	जनावराहा रोग प्रतिबंध	0562ffbb945646baa6b98950dc9adbe9
5a7c8384145343e6818a86eee2a7a9e3	acid soils	आम्ल मृदा	आम्ल माती	56ab42f050d9438d8075cccff89d3625
be9985c763bf4b22bc901dd4e4681276	acid rain	आम्लीय पाऊस	आम्ल वर्षा	51e9bf88d5f447aea60920da569b1e5e
cb419491f6674c768c32e510ca291d1b	acid rain	आम्लवृष्टि	आम्ल वर्षा	6c1d0d0f29f94559af564647e98f981b
b5fc169de2a9469aac33a99f22cd1c50	coffee berry borer	कॉफी फळ पोखरणारी अळी	कॉफी बेरी बोअरर	f9ef413f7a58451bbdd5319b26d61a7e
38f8126083f24df180d1f67bb340c2c4	ethylene gas regulation	इथिलीन वायू नियंत्रण	इथिलीन गॅस नियंत्रण	a6890f038c7f454f8e139084fd2e43cc
d38fdcd614f24a009fefe2e5a726818e	crop contamination	पीक प्रदुषण	पिक खराब वेहे	b07957af1a214cc2bff05c76610f2bf4
adbe67d743de4d9584836b2d82cd9848	animal feed nutrition	पशू आहार पोषण	जनावराहा खावनु	2f617ca745cc48428b14fab433914fce
d7494c340d6b4430987aaf60613f8d87	intercropping system	आंतरपीक प्रणाली	आंतरपीक पध्दत	fd314080fcb64e96bf3d6c18b5afc86f
c964996728c64011a71ad896c7146fbe	cold chain infrastructure	शीतसाखळी पायाभूत सुविधा	शीत साखळी पायाभूत सुविधा	d1dd6f4bba114cd58715cf265a91aea5
f47729f487d84a8d95a3f90522274991	acidic soil	आम्लीय मृदा	आम्लीय जमीन	b0f1421edddd405d84f29805904b2b25
322d81e73e504f4f80faeb88b884ab85	crop evaporation	पीक बाष्पीभवन	पिकांहा वाफ	c614e2590b5146918cdc9bdd83e041e7
a9338652596e4c319f3e3fe82ee937b2	acidic soil	आम्लयुक्त माती	आम्लीय जमीन	5ba54a0b17db4884a6db2edaccf7cf38
365cdbc8369148adb55e44ecb5a10e10	crop diversification strategies	पीक विविधता धोरणे	पिकुंम बदल केनू धोरण	470c158191cf48a09f1d13a89aff1bfd
97815a8d3b8045d880efd1ad5dccbcd6	crop density	पीक घनता	पिकांहा घनता	11a410db7ca745b4805fd6e753fe59e0
201e678b02b747979729ad95fce4bdca	anti-transpirant	बाष्पोत्सर्जन विरोधी पदार्थ	वाफ नाहा उडणारो	e0f47f3b7526460dbef188013c722273
4fe16443a5bf45f89e73e0919a508beb	essential oils	आवश्यक तेल	सुगंधी तेल	8b8039317e974c8fb2262c304c3bef0b
5f9aee91362340c4aecbc6afec17f48a	animal power	पशुधन ऊर्जा	जनावरू शक्ती	a77a5609cd8c4873a1190047ffd87532
18731a6cf9f24e94bcd4009a1cd43926	aonla fruit rust	आवळ्यावरील फळांचा तांबेरा	आवला फळामने तांबेरा	5aa5f9428fbd45fdbad33239204808a6
ca8a5185cfc0443f888b432d3938f887	internode	आंतरपर्व	आंतरग्रंथी	836cc7643e8d4ff3abb4e9bad000091f
f551b2a18cc840bd9c641a3de5cb9881	Kharif Season	खरीप हंगाम	वोहरात	28fa9ec81f7e493485d1fffd200301c4
ce07c1b85dd54577a10310328a677720	Pruritus	खाज / खुजली	खाज	253228d9e913496193b2bfe56e73e289
f300715b57434020b4bb3a069eb44072	Market Price	बाजार भाव	बाजार भाव	584aaf6d21974e0db792f5699976a8b6
5d56680784ab43a59c6c1ee71c156bb7	Restlessness	बेचैनी	बेचैन	1615bb299d704340aa3d3178c16dd322
38aa9d4548354ac9ab139459444a5448	Dry	कोरडे	कोअडो	66e2a829de2441bda3a51b00e367d686
8fc9666341494b01bf81529b30684a8e	Calf Rearing	बछडा संगोपन	वासडा पालन	09899033429b46789aa8452d1ace56b7
1c1d4594ca884b63846dc01632f5cd5f	Capital	भांडवल	राजधानी	9b3d6c6976c7496c8ad733bdf482e773
533054d0124e4d73846b19cc74cc87cc	Kidding	बकरीला बाळं जन्म देणे	मखला	b2cafd49e51e46fe8fa6160742e1531e
f5b1370ebd9147fabbc29c36869f745d	Perennial Crop	बहुवर्षीय पीक	बारमाही पीक	3be106b9b53545ffa16385fd9323aa9a
5d136cdc9193493bb0a6faefb2e4d8fd	Foot-and-Mouth Disease (FMD)	खुरकुट / एफएमडी	खु-यों	0a24d970ab574009aa72119ef571cee5
a4b8c31eb703472ba29255e46212e78d	Calving	बछड्याचा जन्म	वासडी	8cce740efd5d4906a6f69d98494ecdf4
3cbcc5d0c2894ce8b0a0cec99afc9269	Seed Rate	बियाण्याची प्रमाण	बियारा प्रमाण	a5e8b87c129e4e7f90bb0864b594e23c
eda4f97a19554e9bac0070c7ed42ebe6	Hooves	खुर	खुर	50fc8b57670c490abbc98e672d182c81
ed23199f71c24dc7afc4419f17f505e8	Poultry	कोंबडीपालन	कुकडी पालन	3932f631bc06466982fada86dab7aacc
e7c0245d5ef64098aa99384e2e050424	FMD (Foot and Mouth Disease)	खुर आणि तोंडाचा रोग	खु-यों	cc30bc7f1d9a48189807c6b818ed5618
95444b31a1e84972b22c328e09b9fd38	Foot and Mouth Disease	खुर व तोंड रोग	खुरपाना आन मुया रोग	84d7c8f254e5480f9b52d5d82ff26f9c
aa81d05be66e4416919bc791f9506c73	Chick	बाळ कोंबडी / चिक	पिचली	67fb5bdec0004791a598fdea146d5ef6
f7508d6c0829482e9b970e988a5ca9a9	Ticks	खडू	खोडू	7efcbff3b1554e26b5682a00f921ac38
2955dc072b714650aeb81e124ffb2798	Calf Birth Weight	बछड्याचे जन्म वजन	वासडा जन्म वजन	a6eb9387c1964c008970e32b27baae43
468c2aab953044878ce3700597757e21	Basundi	बसुंदी	बासुंदी	eb10a9c0f59f4a25a6333c971d2f4aa0
9923e0fc0cfc422884da8c5322815396	Calving Interval	बछडा देण्याचा अंतर	वियानू अंतर	0f0e5b4c0a8e4c8b949907914be84848
36a279b73c724b528bbf3d69445bf93c	Calving	बछडा देणे	वासडी	ecde1dcb277f43fb8b06795e06ad03a0
ff1e4a4ae3304a01a83bd60303be1feb	Poultry Meat (Chicken)	कोंबडीचे मांस	कुकडी मांहां	1517bda054a24190bd88c46b344adaef
82d27247a90d45a38c1ce46aef956abc	Sowing Method	बियाणे पेरण्याची पद्धत	ओनु पद्धत	e124dd87b0064c4d9c9c4a3ac114abd2
7b5ffb7c839042c29d31638f8d466c51	Tuberculosis	क्षयरोग	क्षयरोग	94c65470011f4953b5dfe7c232136354
922d1414810c4756beaf5226add60672	Goat Meat	बकरीचे मांस	बोकडी माहां	df53c169402d41eab007cf8d4784fa78
ed021f62f2ed4b109c32cad35a1c11e5	Cost Reduction	खर्च कमी करणे	खर्चो कमी केनू	4ed618efd14d40198ddd73ba5a2f4a62
30d5533d6aea43858aa40bc5a3baac42	Calf	बछडा	वासडो	03952f60afe64988ad99be0f648830e1
039055a3c8e346e0af8083c1b1cd4985	Minerals / Ash	खनिज / राख	खा/ बुम-यों	894e1d6f8c654b0bbccaab61c4c40318
2d99627656a4481f9728ba592c46e650	Gram Flour / Besan	बेसन / हरभरा पीठ	बेसन/ चांणा नोट	e9d7cbe627a04ab7b7963edd61976158
965076f4e3434ca4843815d475c071d3	Brackish Water Fish	खारी पाण्यातील माशा	खारा पाण्यामने मासे	6e11a63e97ad42bca64fe02099ddffde
a30c145611264f389d131d1adf94a24d	Chick	बाळकुत्रा / चिक	पिचली	eddd48c2cb40417dac3f3f8bd6be6d32
f187d475ee6c472fb87df771de595f1d	Fertilizer	खत	खत	20959b1e9bb84a419692fb6cb9e3ca18
74bae93a58174e07a8c42731e64f3b59	Dry Fodder	कोरडा चारा	हुकालो चारो	60e801484a7a45a3a5a137ee1e88d175
75517f7d3c084767adc772496e4fdc92	Market / Marketing	बाजार / विपणन	बाजार/आट/बाजार हाट	354f7671bf964690bca44b74c92127ca
d9053bd67bc94b07b85421ecfceb4ff4	India Rank	भारतातील क्रमांक	भारता क्रम	8cdb9ac506af487e87686cbc0edbfd42
1ed4395394784030954d1507a4ccb25d	Khava / Khoya	खवा / मावा	मावा	9d82bb7b9d7f4143b91b4625a2db3c25
4dd47f90674d469a8f6b0e9573f59f5a	Kid	बकरीचे बाळ	पिलको	3b7ce779ba17407ca4a23e6138e53dd1
9626daf9e88949c9a7a8087407685707	nutrient cycling	पोषण चक्र	पोषक तत्वा चक्र	4b94715a957544e884c3d3397ea96c9d
a84afbca67cd443c8c31ae7a4a9046ab	ear head	शेंगटी	लोंबी	330ba3243695481d99fefad56f48299a
88e4c6d87f84436aacc23be77d918a04	eco-friendly inputs	पर्यावरण पूरक घटक	पर्यावरणपूरक निविष्ठा	5ad76995200a4dafbcc5ef997a20fa0d
009059c5437047d2aacd3047fa652ec6	emulsifiable concentrate	इमल्सिफायेबल कॉन्सन्ट्रेट	इम्युसिफायबल कॉन्सन्ट्रेट	fdff4379db40415d815668f4c82f8704
6f611c4d49084db88fb1a446c8a7f0f9	dormant seed	सुप्त बीज	सुप्त बियारो	02b0b98dc75b41558ad161af0d38f6c4
5c374d41e9c74dfda379d94c04b1006d	orchid	आर्किड	ऑर्किड	a13468a7bb6a4f3b974defdfaf382758
b3db5820933241e5af762a51ba4404f4	endophytes	एंडोफाइट्स (वनस्पतीतील सूक्ष्मजीव)	एन्डोफाइट्स	d9c1a824e5de46dcb241635f08faf75c
10a9c5b2a5ae467eb222928dd6f782d8	organic matter	सेंद्रिय पदार्थ	सेंद्रिय पदार्थ	808655e3d0a048d3bf9510ef1b356a2a
39a921b3463f4b51bd1ba1ae77bff5b9	organic crop management	सेंद्रिय पीक व्यवस्थापन	सेंद्रिय पिक व्यवस्थापन	553ed463b77445c49ccb312addebfabc
1e6f34b82c414b52ad0b56f238b4edb7	organic fungicide	सेंद्रिय बुरशीनाशक	सेंद्रिय बुरशीनाशक	c49f4afcdf4548c5ba0f78a0e7f955e8
0aac0963d4a14ea09275f6e78fc0445b	electrostatic pesticide sprayer	इलेक्ट्रोस्टॅटिक कीटकनाशक फवारणी यंत्र	इलेक्ट्रोस्टॅटिक किटकनाशक फवारणी यंत्र	58e4cfc6d6c84e15ab858a1e905aed0e
9bf3a0d2dd6a48339c65c96992a70894	oak tree	ओक	ओक चाड	f3b0faa769d4421ea7d3fab3d4cd9098
a40c13d6978c4c049accf3b9ebadd2d4	mycorrhiza	मायकोरिझा	मायकोरायझा	df94ef55a6324f0c9aa49c8e2a145bed
cdf2cdbc9e274a26abf006cad1ed680a	endophytic microbes	अंतःसूक्ष्मजीव	अंतःजीवी सूक्ष्मजीव	ca8bc023f2c54cf99d0eead4811b2814
0349f35afb1b43dfbbed0bd81fdc798b	ear head bug	लोंबी वरील ढेकुण	कानामेने कीड़	6b2fbc7fa126488892a0246f0fc61d86
c858ebbf3c4d4f0c8a8661bfb634b24a	eco-friendly pesticide	पर्यावरणपूरक कीटकनाशक	पर्यावरण अनुकूल किटकनाशक	d4d6ead4e2f7407da1e07b3537a68fdc
1481fd9a493847c3988c484b09552112	off-type	अयोग्य प्रकार	ऑफ प्रकार	ce07dbb229544c11ab04e33f83413069
56bd392cfba340449df6de8f897669a8	nutrient cycling	अन्नद्रव्य चक्र	पोषक तत्वा चक्र	8ba75d40ff0e4785b1cee633c970ffa1
f985d29b165d48e9aae3459acb6a4c50	economic injury level	आर्थिक नुकसान पातळी	आर्थिक नुकसान पातळी	8b49f4c565a74b6eaf88cb2d8c70ea74
a5e3437419f446a0b74bbc384b4e18de	effective microorganism	प्रभावी सूक्ष्मजीव	अचो सूक्ष्मजीव	e7f3b9bfc41146159dc8a7c0e05995ec
3f50d0a4e35e4417865e7cd55fbed899	outcrossing	परजाती परागण	आंतरजाती संकर	cb767498d8b946ef969541521cc8f3aa
0c9042e3fb8949f8a907c4f1353808f3	napier grass	नेपियर घास	नेपियर गवत	f8d81693e7c44921af36a1ec67eab77e
48cb02d5cf5a4643a3f735e608ae38fb	cormels	लहान घनकंद	कोर्मेल	59ffd14c91034f7986b3a6bdfb1e8eac
fc951f01a59a4f868b2dfe0a812a7c8f	embryo rescue	गर्भ वाचवणे	गर्भ वाचवुनु	c954d6d507f34b93add0e610fca09113
0a98ef04f692493ea42a7f8a5453a53e	diamondback moth	चौकोनी ठिपक्याचा पतंग	फुलसुकें	e598fee8eb5a46799e9541b3b1efee31
c365a4eec3924fc29b84d707224b032b	disaster management	आपत्ती व्यवस्थापन	आपत्ती व्यवस्थापन	ee53d3023ffa4ccb9828b22c480d0f83
c1e6d9276c894855ab32eb2522f0752f	organic farming certification	सेंद्रिय शेती प्रमाणन	सेंद्रिय खेती प्रमाणपत्र	23d005c62d264128a02b1fde45495968
4753185c5ef54e6fadb1b0430c400fba	desiccation tolerance	कोरडेपणा सहनशीलता	हुकावनु सहनशीलता	727ed7a786584197b01a56269e7785d1
2f3e32b4cc4740cbaa2768b339463fde	electrolyte	इलेक्ट्रोलाईट	इलेक्ट्रॉलाईट	c377626aeb6a4a2ca0d8b035c522f27f
c324ff888e564157b83cb04c246bf483	mycorrhizal association	मायकोरायझा सहजीवन	मायकोरायझल असोसिएशन	cf1775132f97459ea233c751bbf0d621
2551a0227cf9495f95a275fde333f0a9	national horticulture board (nhb)	राष्ट्रीय बागवानी मंडळ (एनएचबी)	राष्ट्रीय फळबाग मंडळ	32d2fc73566d41b3a6ba9e66241fc7c0
0e3e90578c244fb8b88c1a6520d30a16	dill rust	शेपु तांबेरा	सुवालो रोग	ab03bc23e5cd4e0d834ef73a02cac09e
6e4340f68c2d458eabd5c619fd0e526a	nutrient management	अन्नद्रव्य व्यवस्थापन	खूब हारो खावनु	57bb5dd4ab9048b896de55bbcd264ea8
3f9fc0dcef0540eeade80323db51f819	diurnal cycle	दिवसभरातील चक्र	दिहचक्र	f3c459617c884ba89f7504987979d112
beb6c85faf1143fdbe0efaba3f9ac259	nozzle type	नॉझल प्रकार	नोझल प्रकार	607d6df3b910483e8505de6ce4c72f43
cf436379110546cb9c88715e5d8825f5	core collection	मूल गट संकलन	कोअर संकलन	2e2e52135d2146178d4d0728cd1e7f60
21f4ba689c24481a9e9c8e7a7d84109e	eco-farming	पर्यावरणपूरक शेती	पर्यावरण खेती	58d75eeb67eb43358f98f5f8aaf9de1b
1a6cea25a54f4833965d7833c316e3f8	early shoot borer	कोवळ्या शाखेची अळी	माहारने शूट बोरर	7670f8d79a48470187128f01b2974d78
41cf577fa72643a9bd99edadd1060644	dinanath grass	दीनानाथ घास	दिनानाथ ग्रास	a7d08f74816e4942af71e6da1e69af76
7c786ea8df4d47fab63267bc064281e5	eco-friendly practices	पर्यावरणपूरक पद्धती	पर्यावरणपूरक पद्धती	1ef33148b1fb4fefbf987188a7580709
4f174c6867d34ff0ab1a76ac954448ac	electrical conductivity	विद्युत प्रवाहक्षमता (ec)	विद्युत वाहकता	dc8369a0a51e41e588cb96d9467c07ed
eea6fe3df3d545d5bcb731936491b0e3	copper deficiency	तांब्याची कमतरता	तांब्या कमी	0e4f6276abcc433a959b816afe55a0d5
c20dcfa302824570b0f8158368b18bf3	dodder	बांडगूळ	डोड्डर	ed9884e0ccd64f8d89cf90de77672947
2cec678e540f4b23846b7c867a860ccb	elevated co effect on crops	पिकांवर वाढलेला co2 परिणाम	पिकांवेने वादतो कार्बन डायऑक्साईड परिणाम	3f3bbf3cfff84482b5ba6e76ddab3a04
8260ee890f234fd493b9af8dcbae4d9d	dolomite	डोलोमाइट	डोलोमाइट	8c4eed9fa6d5465083bd65e9700aadf8
65cd5d7fee574f139f6cd5173a2f1a92	eco-friendly farming practices	पर्यावरणपूरक शेती पद्धती	पर्यावरणपूरक खेती पद्धती	b152645fca8f42c69c597c256569a11c
238274b743d34f23bcbef696c16d89ba	embryo abortion	भ्रूण गर्भपात	गर्भपात	c11ec8abcdc44c0090089dc90e00176b
7d0c29d65de340998dc62dc873c61811	eco-friendly pest management	पर्यावरणपूरक कीटक व्यवस्थापन	पर्यावरणपूरक किड व्यवस्थापन	8e3e51c2c4ef48738fb6f8aa8659f77f
cc46d367668a49d396de0b46b9a6b6e3	earhead bug	शेंड्यावरील कीड	इअरहेड बग	87a290f0ce4c47cbb55b559b8378d166
52fb316f82c242b8a01fa0862b6927dc	coriander powdery mildew	कोथिंबीर भुरी रोग	धणे पावडर बुरशी	998a8af2bf9142558c9b59ee54fc5e5a
ddeaf6101b5a4825833ab4c34deec160	dehydration	निर्जलीकरण	कमी पाई	001bc26fb1644d149053bd211935e7a9
c14e269674534dbf85bae89e2e94921b	forward contract	वायदा करार	फॉरवर्ड करार	ed9ef544764f4714bb4399eb268b09f1
d4cecca31bc24713975ac7276df40b09	Salt	मीठ	खारों	b276c332e3484ef78787724baafed58c
e25b6a806b1f493d92610ed6d4eccb65	Broiler	मांसासाठी उगवलेले कोंबडी	ब्रोइलर	f42ab778821745338813567fbfa20389
a344b6a12ac1434f97788703d7d205c2	Post-Mortem Sample	मृत्युपश्चात नमुना	शवविच्छेदन नमुना	3cf1cfa09a564010a37c9db78b372608
1937c0a2182a4a438d5c04f15cb0d89d	Malai	मलई	मोलोई	0ffcb0aace9843b19d3eb012aa8fe3a7
a3145862f0274138872c01781ba533db	Flies & Insects	माशा व कीटक	माख्खी आन् किडें	388256b515a741968fc5dabb7eeb41b2
41ccd2d4119e4817b59ebe62ce2c0961	Broiler	मांसासाठी पालन केलेली कोंबडी	ब्रोइलर	d873a75a488f4a99a0c45ee4b0dd6a25
b1ab5befb8814929a955a124a259bd24	Milk Production	दूध उत्पादन	दूद उत्पादन	83b61c9252e34640bbd1bcd850a0939a
345ec332eaa2416fb759e014cc138240	Appetite Loss	भूक कमी होणे	भूक कमी वेहे	6ab6b4c0aa544bb9b7eced05856adf51
8f826589ae4c4569b30b5ec37e4a422a	Ewe	मादी मेंढी	मेडी	5b4adf87ca8d4902898ffdbe584d49f7
e30c97fc672d4a3f86e340e47b52afbe	Urine sample	मूत्र नमुना	लघवी नमुनो	ae4f6c8a9bbf42adb9c386bc9c7fb7e1
9ebe28a184b84337869394f045c9c26c	Murrah Buffalo	मुर्रा भैंस	मुराहा पाडली	16f7dba45d22464990aa6f22253d5c8b
2a1cd4f4c6544c3abe61914058b6b4ad	Urine	मूत्र	मुत	023d1412886046f59f6be4ad016d2d1c
cc44afeaa2524ef4894d1ddcdc105cca	Salt (Salt Lick)	मीठ / मीठाचे खडे	खारा खोडा	bccefd125f264edbac2a44e3551b8864
f3efb923dcd14619a4e4aa5fb602818c	Fishery Production	मत्स्य उत्पादन	मासे पालन	e3381e77c4664db99b744f5d4ba8bba7
6ff0b01f8d704acdb750bd5a5f7e9488	Appetite	भूक	भुख	92312664f6c04e1aa8b9fa7d13b4d9ea
7ebedef5a64645b78f592ecdd8641344	Women’s Self-help Groups (SHG)	महिला स्व-सहाय्यता गट	मोहीला बोचोत गोट/ बाईं बोचोत गट	92ae29dc0b954fd0b915929a6518a79b
8a09b4f57bb44cb79e490291337db362	Doe	मादी बकरी	डो	a32c2e24c9c04cc5a2322b98483a07c9
a5c41c4767c24eb294e664b63589a4dd	Weakness	दुर्बलता	कमजोर	83196080a7f94d9ca801ae5e85c2c3b4
b4cc76ca416342f696f8c38c23e8c544	Salt Solution	मीठाचे द्रावण	खारों	02d7726ff39346368b971d4a02911672
631fca3f95354a4ba0eebb867697bf1b	Fish Farming	मच्छी पालन	मासली पालन	b947b74c88fe45f29f7d05abc22619ea
b9a5c6579adc47d497602cd32cd474c8	Mava	मावा	मावा	ec65174f994c4ee1852544dda9b55f0f
bc2e9f9c0a6e4fec915a570f5172f24f	Hind Paw	मागचा पंजा	हिंद पाऊ	34af566c52da40b988c4b526050fc577
827168810df94a228e145c63c66be81f	Groundnut Cake	भुईमूग कॅक	हेंग्या पिठो	c72ca63107e2429c9b0c64ba4133702c
0c492907487546cdbc64c7dde9018c48	Drought	दुष्काळ	काल	5f2ff27e7ff44c6ebe305437d2a6602e
5539ca3f1e324241af110d39c63d224a	Fisheries Business	मत्स्य व्यवसाय	मासे पालनू धंदो	4c5c41ef75c64311b1fa6ec162d47753
708f157083b1415a8868b76d507cfb15	Sow	मादी डुक्कर	ओरा	b1a38be5f349412eb21cf21a0a02e943
4bb8ef01937d4487954d2bc91fcc215b	Sheep	मेंढी	मेडी	74c5e7aef912459d943b4542036b5e4c
9692f7dcb1c04a48a7c58c93d4180c66	Fish Farming / Aquaculture	मत्स्यपालन	मासली पालन	94314e824f5e445cb79105896618ecfe
32feab289f0c48918d5ead3a8beabc7a	Soaking	भिजवणे	पिवनूं	8c25d53f81f14fa7856aa04dde1298e3
93ef5fea43814d738ce6d771eca8528d	Meat	मांस	मांस	61f248cf9e03418a9070ddfc905b3e60
fe710734cf134ef9845df0d38ee09eb7	Low Appetite	भूक कमी	कोमी भूक	632a833453fd41d4899258bb50812be3
f0518f4017a5460eb5710f15aa7c70f4	Fish Mince	मासा मांस / फिश मिन्स	मच्छी	31b7d0b9fe2c4eb0bb97e3e70e3e167a
a7ae37136f3c4d09b533d1db04e3d961	Dam	मादी जनावर / माता	वासडी/ कोलवड	9050e851ba4443ddacbee29eed165f16
69ebdf280b2545c1a1fce961730bd4dc	Soil	माती	कादु	dad1dce8d9044b03bbf9b3f869727851
269202d42d3b497791008cd7ee4e528b	Mrigal	मृगल	मृगल	db4754543ad942249273f73426671406
6bbaa83b125142acad443edb28c6fc52	Flies	माशी	माखी	ca2311afda9b43dfa68ddcb204b1fbc1
7f6041da343e4cdeb9a660c8da164b72	Hand Book / Statistics	मार्गदर्शक / आकडेवारी	आकडेवारी	1c95f3d7026a4bd8b332ebe58d21c81e
724b33d3ef804e47b1a8c8f203f6f0ac	Debudding	मुकुटहरण / सिंग नष्ट करणे	डोडो	86462d7e196747fe894b5721272585de
ef6cd11201c3497ba6da88202a5bb9dd	Carcass Disposal	मृत प्राण्यांचे निपटारा	मुरदादेह विल्हेवाट	ee1ad690c4ca45978f2bb9edeeb86610
328e8fcacbc640e6884ffa1ab11f8186	Milk	दूध	दूद	204974762bea4949a95d831432b07e93
62e2e9ae78dd4e8cab165301e91014cb	Fisheries	मत्स्यव्यवसाय	मासे पालन	3f61025b61684d6ea043b9aa53f66fdc
38933bcaf3884c32b12a1e3143adb432	Fish	मासे	मासें	8b1e79cdbdd24da187337e4eca3ee33e
c444f404f85141869177544e44783217	Adulteration	मिलावट	भेसळ	ffa72fbb02be4433aa4163c39f9b92cb
d3a760d682934df1a35f51fdec84c180	Teat	दूध गुद / गुदनाळ	आवाळो	a666402b133047868a549b3abfed3fad
0aab60cb4c4247d9aeb48edfa738b212	Milk Chilling	दूध थंड करणे	दूद चिलिंग	d1e6a5269bad49ef91cc0faa35010a3c
91f930f20d814375ac568ad915fd970b	Abnormal Milk	दूषित दूध	असामान्य दूध	307cf1b4947a4a7fade444519b48dfd0
48a75d5382ca45c697713e35a07375ec	Buck	नर बकरी	बक	f6b067664e984d0f913deeb60ae0a16c
b1522467bfd14b8ea02579cf1a8dfeca	Large Dog	मोठा कुत्रा	मोडा कुत्रो	cc47ea341f004caaa604cd438c488ddf
a4386bf4e39c467c9b60ec0cda4f4dd2	Profitability	नफा / फायदेशीरता	नफा	e86883330f974baf9996920bcd8c6359
a7b30e91ba5f408c92e9aa3a76952e3d	Buffalo	म्हैस	मोहडी	6f71cae8eda145e2aee2a27c57d8b836
fc94dc9b419c4856aa2ff0a0a6c99559	Grains	धान्ये	धान्य	648bc55a6dd240729b9ea734fb8f417e
268df51e46164357a1146467124dd6bb	Ram	मेंढीचा बारा	राम	d9d7f4a3ae0246daa86cefec41b4b282
f2627ac1501f47a7bac4b9a948374ee3	Molasses / Jaggery	मोलासेस / गूळ	गुल	25c7dbfb9a55448bb8755b7ff235ca6d
4a221c4222184c01a1e9e28c4a7e36c9	Rabi Season	रब्बी हंगाम	हियालो सिजन	adb9940dc9e14139b399b70fc263692b
0da82ce0c5ff4cd2acc410c82688e564	Maida	मैदा	मैदो	4827cc6bde614a1ca9179fd05946b3e9
b2c9364e486644c89b5b870de9cbe33a	Milk Transport	दूध वाहतूक	दूद वाहतूक	34c2b19b30f344e69a8184d49ef6107c
cf3c5320d95f405b9d419e5583c7830a	Sire	नर जनावर / पिता	हांड्यो/ हांड / टानगो	cccbe61b2de14e3e92677476cfcb93e4
94fd3c389d0b4ebc95882c4e2d84cb1b	Vision	दृष्टी	दृष्टी	2cac17e5136a46e4ab8c776f8f9642f1
f188e4647c844caba0597f0372860ded	Buffalo Meat (Beef)	म्हैस मांस	मोहडी मांहा	e496b3e62a684a1abaa3b1d54b3d467e
6f34f1dee1b54fe3bc9e55b47cb57e09	Plasma	रक्तद्रव / प्लाझ्मा	प्लाझ्मा	f24af919505b4b6cbcb1d538794eca27
e1077aa67e114d99a50a3da62b0e4d74	Milking	दूध काढणे	दुध काढनूं	0ae4d8028621469e88ae08e043cf8815
d88313bf66be4e4eac89dfd99b863e0b	Semolina / Suji	रवा	रोवो	c90999f4c3df4e229bf1ef127597c85c
0b997aef4ac8486681fc26fd45576aff	Lamb	मेंढीचे बाळ	मेडी	2d61b2064b0d4f92bf3da484d8f1c349
a69957c6e22143a7880cf531028e1f3d	Profit	नफा	नफा	1c5bf25102b247f882ca4c4cd0bf70b4
c1801bdc47504fcf8345cc551c62bd77	Lactating Animal	दूध दहिणारी जनावरे	दुदाळ जनावर	858b927d7827425ba9911eaa6aad2d78
c755dd4a69b443539bc149dd28b3528a	Rabi Season	रबी हंगाम	हियालो सिजन	1deb8299f8954de5ba5f029bc2050d79
94f7e50cc92843de9ba6e823683b9fd7	Blood	रक्त	रोगोत	f5fbfba47e934be4a7f4ed5203cb4e34
3564e0cb111e4e69b50790bc80929b14	Urea	यूरिया	युरिया	bf0769e31f7446cda8b7435e370749e4
b76eb91a371b4b0a9873546f42fac2e6	Boar	नर डुक्कर	डुकराहां जात	6c41af755e5741e2a46167ee2d1a36d0
68f2f63b424f4b0b81a7581ab9744248	Buffalo Breeds	म्हशींच्या जाती	मोहडी जाती	0b11131b9994402389e29ce4728608a1
114cefee92fc4ef89445f5e07f999e29	Mastitis	दूधाशयाचा सूज	स्तनदाह	7afe48d670864beebb1f7408a887683f
ba1cfaa8782f4076b12d037fc627d62a	Lactating Animals	दूध देणारे पशू	दूद देनारे जनावरें	7ef55e0454324bd0b62506bb30738661
7404cb689c2a4b9fb3ff12c14588765d	Calving Interval	प्रसूती दरम्यानचा अंतर	वियानू अंतर	d1e3e4954f90469595f6d51a696ef156
d0bd14cc18484f398628452964ac2bb4	Nutrition	पोषण	पोषण	7e354af0fb5f4b0ea1d66463223b633b
18e691852d4a46b387a0dbd5ad4ba499	Flood	पूर	खाड़ी	ada693a462894c5786533d361421ef13
cd9ab5ab2564490abeb24e3cca73de82	Reproductive Cycle / Oestrous Cycle	प्रजनन चक्र / ऊष्ट्रस चक्र	साटानूं वोखत	5ecf2ed544774ea7b4f8890197cf877c
dae17de6c59246c39c76e81ca2a49c77	Harvesting Stage	पीक कापण्याचा टप्पा	कापणी अवस्था	ea4ddaf329224c408abda243eb19777c
5a33760a46174c1292587afa0d68540f	Species	प्रजाती	जाती	94e98992ed144a709c83c8ad5e305f97
fd008b01b465444e9c77182c9ad8d158	Pullets	पिल्लू कोंबडी (अंडी देण्यापूर्वीची)	पुललेट	371cc039db1a4b6a9a3276a1069ff0c7
ff7eabe73ab5499395beac76acdc0824	Nutrition	पोषण / आहार	पोषण	ba80202dd73e4e4db15c5951613f74aa
a77007af43784d33946a4a32f810297b	Proportion / Ratio	प्रमाण	प्रमाण/पोरमाण	17cf1aa260f74d57b4c7077409be5dda
8734878864914a2f9654a18850602810	Pistachios	पिस्ता	पिस्ता	47fe84aa03d5497d80c9f603fe6a4e27
fb548f5462f64cf09e06106f7da250c4	Breeding	प्रजनन	आवाळो	99231feecadf4a5ea2b4bdf0f91ab82d
c78c982fb56a4420befeabe66eafdf2f	Pedha	पेढा	पेढा	a0e69757857b4266bd9a817abd8fac60
8e729b40510347be8535b635fcb0a889	Lice	पिसे / लाईस	जूवें	18b120d163d245f2badb5e5d8c00e380
1bcfe43d5e484c359384dfb36cca2096	Cage Fish Farming	पिंजरा मासेमारी	पिंजऱ्याम मासे पालन	6616691fa69140028740de4ba524b9f9
7cceee978800448a9abaddf0b2461bf2	Nutritious Fodder	पौष्टिक चारा	हारो चारो	d99c73896a2a4f1f99968fa5b59be719
32dafaffaa2c474e83161d835f8e00f2	Eggs per gram (EPG)	प्रती ग्रॅम अंड्यांची संख्या	प्रती ग्राम हाकवा संख्या	9daedb43f55a4793b7a6fb5e7d6fa96f
db1e444304de4a38bcf3a2ea593a55db	Front Paw	पुढचा पंजा	आगाडी पांय	fd44aa05adfd44c39229ceb07b1ed8a9
b8eceb19c76241b9b3d0a9864ba0e121	Bloating	पोट फुगणे / फुगलेले पोट	उदरो फुगलो	e2203ba32dd24153845e6d16e0442db1
e84906dd37b04048bd5c3005921134a9	Potassium	पोटॅशियम	पालाश	35ab209250264e0bbacf5289b4440392
57199d95da374212b1e0fdc922791317	Training	प्रशिक्षण	प्रशिक्षण	a416d0aa7aca40ab998077bcf78f7e12
bfd249efce074a5887d026491f73eee1	Proven Sire	प्रमाणित नर / सिद्ध बैल	हांड्यो/ हांड	60d1961260c54f76be95f1f7150ae8c6
0d684b8f0c6e43d4be115656dadba1c7	Animal Feed	प्राणी आहार / जनावरांचे खुराक	जनावराहां चारो	d2bf2c505bb04424a69ec2dea7fe7c24
a7ab13ad38c44aa8b8dae70a6a2094e5	ber fruit drop	बोर फळ गळ	बोरा फोलवे पोडतेहे	799440970dfc4fb096e88d2e6edcf87a
72da0e1254954f4a9f36c7d35be1836a	crop pest cycle	पिक किड चक्र	पिकांहां किडींही चक्र	c4350db05eed445ca6c87363c84f5b67
9aef6a91e2564895a1c70bd8b4f612eb	geographical indication	भौगोलिक संकेत	भौगोलिक संकेत	144d62ef3ea54a2db3befd9f70d54e22
3c421d64c5e3478a9d6e0d1153f4a280	indeterminate variety	अनिशीत वाढणारे वाण	अनिश्चित वाण	a3f0c6520a05487887f9e182df9967c0
c98b248056a14ec0ba766986b4749fb9	crop water productivity	पीक जल उत्पादनक्षमता	पिकांहा पांया उत्पादकता	743bf4c9d2da4bf4be77a128b2810abb
4f92c087dd8249ec9a66215c01c492f9	genetic drift	आनुवंशिक झुकाव	आनुवंशिक विचलन	d0f78f7764ce4b2a950d8d4ba5956189
99f4023a51774ab89f670e4e4b64d88b	Animal Feed	पशु आहार	जनावराहां चारो	745f102f96834107838ba6d34cc2174a
f51406b8c7ab4defbf4ad07304afea55	Water Management	पाण्याचे व्यवस्थापन	पांया व्यवस्थापन	af67a7c0d40e4dd5ac3841fe834601cc
5471817a9f2946abaacf8e89379416ab	Age	वय	वय/ उमोर	3dbf717aca42445b89986d458db8fcca
4395aa43de084c3f8a04bd627920556c	Livestock Farming	पशुधन पालन	जनावरां पालन	431d7e9295bd45f383e34d575e37c5ce
8e43d57fe74040f599e1584a88bf3419	Husbandry & Hygiene	पशुपालन व स्वच्छता	जनावरां पालन आन् निगा	f517f67c2c8442ba9e77eb32fe6d6389
eb8cf2ccf09f47cf941a4ab97e0ecf25	Sexed Semen	लिंगनिश्चित वीर्य	नित्र्यों	144cf697e40149d5baab24aaaf27e8d1
52552b5df7314aa589a6bd318f4e0689	Foot Rot / Hoof Infection	पायदुखी / खुराची संसर्ग	खु-यों	3290a55eea2f40239267a8ae53e77ba6
a228029c7a874e0eb4e7a0f689901a12	Colostrum	पहिला दुध	चिक	a35e60d5ee4842a99c5cdc21837941a9
baa7a30865654c54af055c70f7948b36	Weight Gain	वजन वाढ	वजन वादनूं	4617bbd7bf1945f6942775607ed823ef
93b30380835d4a09a5707f72e5cab608	Infertility / Anoestrus	वंध्यत्व / ऊष्मा न येणे	वाईंटों	e65cd13ee9284f87ac3661c080f55fdd
2b9aa786027e460eae3cd9c87c15f29e	Heifer	पहिली वेळ जन्म देणारी गाय	गाय	0eeaf59515644f78b211218dad2f3cd5
2b20a6348d80416b93a976e7b07a96c4	Veterinarian	पशुवैद्यक / पशुवैद्य	पशुवैद्यक	87dcedccef80450387605871d38549e2
ee0b6d51dc5149589ae9413c88c8b187	Consult Veterinarian	पशुवैद्यकाचा सल्ला घ्या	ढोर डाक्टरा सल्लो ल्या	7508374415114a598b9a4f3cb5dce377
b1202c771de24662a3584a521cdb9bb9	Livestock Census	पशुधन गणना	गावडाहा जनगणना	8bd8c4e449ef4f59a98e3447c0ab3126
975f2fd16480487ba1970fc82a09f746	Condition	परिस्थिती	परिचिती	f46d85589b204259ac1fe7a01df1385a
17a2e6216418435fbf45a1253c9cc154	Weight	वजन	वजन	8c170d38b2bf4c96bdc3f41d5e8c38d0
aaf5cf86e1b64f6890eb2efb295185dd	WBC	पांढऱ्या रक्तपेशी	डब्ल्यु.बी.सी.	932ce057dd8d42b8a7c865a19b20f5f7
b60573e0f682482ea78a96c3c8295042	First-Calving Cow	पहिलीच बछडा दिलेली गाय	पेल्या वेता गाय	2a2b4eba3e7f47d0a9deb85982d6a4df
0c2c07a23eb34a95b3cd2a927e43978c	Growth	वाढ	वाढ	da34ed712a8344968a9c749976007a12
5474e881b7f14794a1d210e10a7ef7dd	Prolapse (Vaginal / Uterine)	वजायू किंवा गर्भाशय बाहेर येणे / प्रोलेप्स	माया़ंग बारे पोडनूं /ओवर बारे पोडनूं	23a639e74fa64c7b958b4cae0a2a38c6
87a48bb6241d416ea0596ea41fec56e0	Veterinary Guidance	पशुवैद्यकीय मार्गदर्शन	पशुवैद्यकीय मार्गदर्शन	18a06908bd7f4a7089f6d0e0b4a536c6
c7f660597256481f96b37bff026c396c	WBCs	पांढरे रक्तकण	पांढ-या पेशा	71d662e39d4c44ec89abcfecfda54db3
fdb628cc1e884222a356e524eb756709	Udder	वक्षस्थळ / दूधाशय	आवाळो	1de7ad29f07d42b58b3f11b60de02357
7233142dd0f64dfcbd47198ef6a96fa5	Weights & Measures Act	वजन आणि माप कायदा	वोजन मापा कायदो	86f58ed22ea24958a175c6b8b73901a1
6a7c8ca9600e404796550ed35ef7809b	Veterinary Checkup	पशुवैद्यकीय तपासणी	पशुवैद्यकीय तपासणी	56eca04606994790ad1371b79a265223
9b94be0b234f4c0eb771c3e2509b308c	Exotic Breed	परदेशी जात	विदेशी जात	c6179dbd7f8245cda2deecdbc0adc5a1
6750d7a838664717840dab093daa3f25	Drinking Water	पाणी पिणे	पीनू पांय	00ba6fbb492f465badf760451fbb58ed
4722e51dc41f4c99ac9b8134bc36dbea	Iron	लोह	लोह	ad94d6e2445043729f78e7bb24380bb0
244481eb28c24857a37055fb7f03367a	Sprinkling	पाण्याचा फवारणी	फवारणी	80dce31501f64b9fa7e0570a2832f624
282583e630d44b91879781556ed6e07c	Colostrum	पहिला दुध / काळे दुध	चिक	114bff4c03b84fc489122ed3edb6df39
839b728781b244b0aca9a86c43d1b731	crop protection strategies	पीक संरक्षण धोरण	पिक संरक्षण धोरणे	7b7bdd6012e14b2185352fe987831e62
0601ee7b0eb04f7fbc499421f14f0dc7	crop protection chemicals	पीक संरक्षण रसायने	पिकू संरक्षण केअनू दावो	d6fe631d5b39446a894f7095210b12eb
95748b82f45f4feaac3ce52d2f093c5d	crop stress management	पीक ताण व्यवस्थापन	पिकाहां ताण व्यवस्थापन	962ae2e4c9e044f8b6986420c6dda68d
9bcca3e71d3247cd960cd850cadd2f0a	cocopeat	नारळ शेंड्यापासून तयार खत	कोकोपीट	32fc23ce25dd4896bc15bffb52e49d4a
d0f7850d4ff24032b0495467e273f0ec	beekeeping equipment	मधमाशी पालन उपकरणे	मधमाशी पालन उपकरणे	17d99eb89d9c4c1cb4575d6553865218
aa3c3578faf34a2794a7cfb131f3d954	crop protection techniques	पीक संरक्षण तंत्रज्ञान	पिक संरक्षण तंत्र	7bfbacf7a8a94c37ad7330ed1d1ab289
854b67e63f774041b299d30706da0271	crop protection research	पीक संरक्षण संशोधन	पीक संरक्षण संशोधन	68b118e025a548d6a3049581aaf372b1
bea7c1202a294c58976b760b1efb278f	crop yield management	पीक उत्पादन व्यवस्थापन	पिक उत्पादन व्यवस्थापन	98b399714b264dc3ad8b8216dd7e5f79
b25e08d9c61e4db6ad8c66f7b71e6ddd	interplot competition	भूखंडांमधील स्पर्धा	आंतरखंड स्पर्धा	649006722be94f9fad5a220409ace4a2
d9f5c37f45744c27af110ef208e725c5	crop residue management	पीक अवशेष व्यवस्थापन	पिकाहां अवशेष व्यवस्थापन	075d3f1a464f479ca5530882e1e3b766
0a21022b6d7b478798ec8823ae8880ea	genetic diversity	आनुवंशिक विविधता	आनुवंशिक विविधता	3249a8bd893840afa2215aa406994397
a6ceb929ac6b466a826ca1043f9f49d7	crop nutrient requirements	पीक पोषकतत्त्वांची आवश्यकता	पिकांहांन आवश्यक पोषक तत्वे	c29f363569bb4cedbdb28abeb7c3a022
a1f9a336c0b142b3ab1be732066122b8	invasive species	आक्रमक प्रजाती	आक्रमक प्रजाती	7e36c3f6e8664199b06cf895e9f873a9
1c8c1aeed0e44ec18a7da2e2a43947d8	crop simulation model	पीक आधारित प्रतिमान	पीक सिमुलेशन मॉडेल	421145c4023649a9be32cb3a9d80f800
2aa110c0b8934639a0a6cda7bec02024	crop rotation methods	पीक फेरबदल पद्धती	पिकांहा फेरपालट पद्धती	a4755019f3124f75867d8d06a75f516b
89c57a9766b24af3b9fc26c7e77da2bb	Cow	गाय	गावडी	98b612e96bf94b1abd58bc40cf6e4b4f
f558c82f74ad439b97a1b79bddda7882	Conceive / Pregnancy	गर्भधारण	गाबी	cadf991cb99a4f40bf29ea8594aa68c2
6619ac4e54c94f6bae5906a01e9c0d0a	Bloat (Gas)	फुगवटा / गॅस	आफार	2bfe030815524028a9e8121b9fc8aac0
51b731eb33fc4460aa69e65eab8ca667	Gir Cow	गीर गाय	गिर गावडी	2e20fae2369d4cf1ba17d1c03a3e70b6
b561153125064a20b0094db2a58eb11e	Cow Breeds	गायींच्या जाती	गावडी जाती	aa249c0db9e54fe19f5d883dabcf7ea2
99c159b235284195870fff61da5cc84f	Goat	बकरी	बोकडी	0a7940d49a5d4f03930b61e69d33a22a
1e3e6e279dee4620adcffa3c6d42a9a9	Plasma	प्लाझ्मा	प्लाझ्मा	2378efc594014cafafa140ace4e96c95
d2b17fb035f34b5fbc9962eecd66495c	Placenta	गर्भाशयाचे कवच / प्लेसेंटा	ओवर	f1854ab7c1d240dcb2a7892082267e9e
97329ad741c74d92b23b1dd15fdcec71	Cattle	गाई	बोईल-गावडें	846a9f57077a45a78fab66fa7e1336a4
1900464df2c64be4b8d10a9b8e6e2d27	Gestation Period	गर्भधारण कालावधी	गाबी	2163ccb057a8437890ab664045e33947
3eb7fd5f15c047309432d02244447286	Udder	गुददुग्धाशय	आवाळो	784ebfd820474aca9594645b11cc5e3d
7843275dbaa84fc3b98e4cba32519b43	Abortion / Stillbirth	गर्भपात / मृतपिल्ली जन्म	गर्भपात	564f40ce89e9432c88d261584ef9003a
87d6a4d70edf4c95bc075fec1bff88d9	Goat Farming	बकरी पालन	बोकडी पालन	eed47b76f77748f8aa4c8bfbe1fad05d
408eb5190d1c44c28266a24f9e787413	Puberty in Cows	गायींची प्रौढ अवस्था	गावडीही वयांत	b6b052f7d3114389ba1665c04eb4fad1
aadb146db64b4427a6ba22c30e7480bd	Not Conceiving / Abortion	गर्भधारण न होणे / गर्भपात	गर्भपात	1d033afd0537410c91cd73a337823b31
a1a62e186ad04518acf6bfdb80531c73	Jaggery / Molasses	गूळ / मोलासेस	गुल	f21da8dc485c49429ec2f86e3ac363b9
c508f19c1ef14eb1a12e77750c15b5c8	Retention of Placenta	प्लेसेंटा अडकणे	ओवर ओटकी जाहेऐ	28b56d85a3674c959b7f0841f0c04e08
f6524249afaa49388c4157f109c9928c	Advantages	फायदे	फायदो	39fe6fe23545420c8ba9de79612e2853
a1c8dd98d01c432ea00165baa648d402	Abortion	गर्भपात	गर्भपात	0eeca62ea8e54c729a612e9ce4166f2c
c7c67939623744eab4e01e819677cacc	Hot / Cold Water	गरम / थंड पाणी	गोरम/ हेलों पांय	7455cfe3570d418b92eca70e4b6ed8a3
e03c42daa14c4ef0bdca6dc2ff778968	Causes of Abortion / Stillbirth	गर्भपाताची कारणे	गर्भपात कारण	eec75c4ff1a8449182c977f9a518fd98
64ed8d3c0dd64c569076ca1762f7259d	Silent Heat	गुप्त ऊष्मा	सायलेंट हीट	a452889a1808460c8c698be7d6277cd3
f26ebb96ccb04801ba6cb35432fa7614	Recipient Cow	ग्रहक गाय	पाळनु गाय	2aaea0e2209c4d82804cf0e104ba8759
4149a56c100347b798b090f460af506b	Gestation Period	गर्भावधि कालावधी	गाबी	d05d9b86120f4c83978cd6efb2b5bc72
1292def0300f4e9bae9afb4d337dae0a	Cattle	गायीं/गाय	बोईल-गावडें	a92b5507126b4e5eb196ceae87df2d59
15de98c5d3514adb99c123441e014bd1	Pregnancy	गरोदरपणा	गाबी	f97e33d94055454fb5480765fdb87dc4
3a8f98c33ea742248845ba8b6cb0d5ca	Herd	गट / गाईचे/पशूंचे झुंड	गोंवडी	9a651a6094174042a72a25951216016b
1a55172db52c4078926d4355fb6589f6	Phosphorus %	फॉस्फरस %	फाॅस्फरस टक्केवारी	27a588bd004d49759442bff5857e2693
c5c21c4b82d0498fb00f3ea15384d2fd	crop phenology	पीक अवस्थाशास्त्र	पिकांहा जीवनक्रम	83ee3e7478e341b1ba40375f198e7624
5c3f71f97fc2493cb693243547da40bd	crop weather monitoring	पीक हवामान निरीक्षण	पिकांहा हवामाना निरीक्षण	e9cbfa837ca44435b6f26e56f5f8de07
9b141559240f4cccb380cfca56c2574c	integrated crop management	एकात्मिक पीक व्यवस्थापन	एकात्मिक पीक व्यवस्थापन	222ed45a63084b50bb9a2b84f178fe16
f6f719bd08cc439ca700174db108f6cf	joint venture farming	संयुक्त उपक्रम शेती	संयुक्त खेती	8b18400318c44b89ab0337d33d565630
6e7104a288d74af2b6d92d943960d954	crop protection methods	पीक संरक्षण पद्धती	पिकू संरक्षण पद्धती	6c2e713a9b414450832f1e6ce50f7cf2
bbd41546b76b41eabf4f459436ec0ca4	mechanical harvesting efficiency	यांत्रिक कापणी कार्यक्षमता	यंत्राकी काढणी केनू कार्यक्षमता	55c79e0eb2d5430ea6f2970fd43cf128
4d01f548592649d58fbf17b72c1959a8	in-situ composting	इन सिटु कंपोस्टींग	जागावे कंपोस्ट खत	aa4fae174b9d4ba9a3319a713651530a
5e4b3d6368e2499b8a23bd3e5eea4500	mechanical harvester	यांत्रिक कापणी यंत्र	यंत्राकी वाडनु	10f6de11d13a47b997de4cb817b4a993
6ac2ef66a9704ca5ba69639e4991d40c	microenterprise	सूक्ष्म उद्योग	हानी धंदो	8fbb4811840e41aea07a786a1e1be518
7686ccb4f3304748b1d54c97ec358ffb	physiological disorder	शारीरिक विकृती	शारीरिक विकार	fb63a7c0a8494a7da89008d54976291a
b940291ff78042769c64cd377df6d267	mechanized harvesting	यांत्रिक कापणी	मशिनाकी वाडनू	3032446e200f40079d054162a7fa3df2
c5ae09a9c40f485f8ca16535251b96c8	microclimate management	सूक्ष्म हवामान व्यवस्थापन	सुक्ष्म हवामान व्यवस्थापन	5f5d2587af1c4a6cb605d6b10246f6bd
3b06cfbb178a442da855d2c2829d7c19	micronutrient mix	सूक्ष्म अन्नद्रव्य मिश्रण	सूक्ष्म अन्नद्रव्य मिश्रण	cd67a1e8d99d4ca8a3110f42fbb70ef5
2dce9ccb8e1a4d988754af035a9bf42e	in-situ moisture conservation	स्थानिक ओलावा संवर्धन	जागावे ओलावो थोवनु	287832ee53fe4fdd8b60e076180f7137
40fd54ddf16d4bd5bc9f32044e3be9fd	pheromone disruption	फेरोमोन व्यत्यय	गंधाणु विघटन	059d86b739814805a680144e1cd51272
d45432b31ce047dda62c0281c6fbbdb0	microbial inoculant	सूक्ष्मजीव जीवाणू मिश्रण	सूक्ष्मजीवयुक्त खत	d818d3af913640d5a8c49cd3d8f95252
add16f84afc94d589397cf4a6ce70956	pest infestation management	कीड प्रादुर्भाव व्यवस्थापन	किड प्रादुर्भाव व्यवस्थापन	d9c6f3d0c09647688278ce72906786c2
b4e995a7fc2f4a4f9e6c722efddb1284	mechanized harvesting	यंत्राद्वारे कापणी	मशिनाकी वाडनू	78f08f4c105e4f99b637daf06b3ce22a
158b4acb761c4c69a65b087289302621	hygrometer	आर्द्रतामापक	आर्द्रतामापक	ed184158061143508840eb955ccadac1
3100c618a9054a72a1daa9b8e8375bf7	micronutrient	सूक्ष्म अन्नद्रव्य	सूक्ष्म अन्नद्रव्य	5470098ba931459ab3bf9ce8b01082e2
9714a471a4834f19a8b0d6cbe838b8ed	host specificity	आश्रय विशिष्टता	आश्रय देणारा विशिष्टता	81a7cb76f1f544b8bd10c2f457400ead
ac9d6c54ceef4e4b8383e93db35791ab	micro-irrigation systems	सूक्ष्म सिंचन पद्धती	सुक्ष्म सिंचन प्रणाली	3a2a41a76b474f1f8a79f15abba2f3e1
2c616ad5cf30401697f34f4a1bed3e5f	in-situ conservation	स्थानिक संवर्धन	जागावेच थोवनु	e0df3c443a3b4d948291972e8b352c79
d0ee0d4db1b64af2969d9ebb2e402970	microbial seed treatment	सूक्ष्मजीवजण्य बीजप्रक्रिया	सूक्ष्मजीव बीज प्रक्रिया	386351901f8c41d48b817261b5cb3c32
f66da76a89594a1f8362c89a660c17e6	photosynthesis	प्रकाशसंश्लेषण	प्रकाश संश्लेषण	1ff6767d06c046b9963b3dc2200fa6f2
3e00fccfdd6e49dca83818d9bdf9a6cb	in-situ moisture conservation	जागीच ओलावा जतन	जागावे ओलावो थोवनु	f519e40c78cd4969a3c1258bb97ddbc3
06197025de2e486ca1eb299f93240698	micronutrient deficiency	सूक्ष्म अन्नद्रव्यांची कमतरता	सूक्ष्म अन्नद्रव्यांहा कमतरता	d97b9636f85d4840b2c8803a17e4b2bc
c3ae92d985314eafb1e753ff0d5e29b9	microbial consortium	सूक्ष्मजिवांचा संघ	सूक्ष्मजीव समूह	fb1b340b636e48a8bb28888252bbd6e4
9722188c0e5f4e46a58f4c6a78a3db29	hydrophonics	हायड्रोफोनिक्स	पाअयाव चालणारो	a97fcbe005c84d3bbe8a49fd233012d8
ac1b07ac6d5346dea274e724aaa38c6c	host plant resistance	आश्रय देणारी वनस्पती	आश्रय देणारा वनस्पती प्रतिकार	621b3b8c1b884972aa802c3a158c9705
fcf446643fa740b3a22849154e5bd48e	crop simulation model	पीक अनुकरण मॉडेल	पीक सिमुलेशन मॉडेल	01b37de1358b4cc291a0c85404084542
83291a800efb4918b6aa0786e941a23c	crop protection agent	पीक संरक्षण घटक	पीक संरक्षण अधिकारी	2b3d828a66bd4b97aace03d942369590
4d5f8190038c4a6692cd0082929aa26a	ethnobotany	पारंपरिक वनस्पतीशास्त्र	जाती वनस्पतीशास्त्र	950311f6bb8e448f9df4614d61907c67
0cf487aa8dbd45d193e0cd50fa3c5aa6	crop physiology	पीक शरीरशास्त्र	पिकांहा शरीरक्रियाशास्त्र	b7f4e754ccec425a804e3fa997363105
979d1959911c44619ae5d1955b54cf6d	crop simulation software	पीक अनुकरण सॉफ्टवेअर	पिक सिमुलेशन सॉफ्टवेअर	8020c91a8a6b46c8863d38920db66d66
0cde8c7e721648668ad213cd42377bee	xylem embolism	झायलेम मध्ये हवेचे बुडबुडे तयार होणे	झायलेम एम्बोलिझम	c131b38b4d93400591e006845b17da40
3d81c828e65f4bb3b4ec7dd3442f7935	zbnf (zero budget farming)	झीरो बजेट नैसर्गिक शेती	झेडबीएनएफ	09d416aef8b24f2ca8706e491a806493
fbb3440f55f94248adc0dcb3a1337910	tank mix	टाकी मिश्रण	टाकी मिश्रण	a510ed0c47884e129875da9c3dcef839
a3f10e67768542d89ca350cb077fb166	winnowing fan	वाऱ्याने वेचण्याचे यंत्र	वारो काडनूं पंखो	21de8bc346a7418d9b2b32e818b2e05b
05e5688f481e4ded8bc2ab06dd014029	tapping	झाडावर खोड पाडणे (उदा. रबर)	टॅपिंग	dbfb5c78a0674e25b934f3f55ca1b126
da971a46dc48419290749a0c119bb81e	windmill irrigation	पवनऊर्जेचा वापर करून सिंचन	पवनचक्की सिंचन	08d74aac98e94ca5ba58a1218c04aadd
043ee377e9ca47189b3b5d95e788dfb6	hydropriming	पाण्याने अंकुरणपूर्व उपचार	हायड्रोप्राइमिग	0fdd664dbe3c4ac8848f923e02075a9f
f3695176c06c406a97bf9123e3c73ab1	systemic pesticide	अंतर्गत प्रभावी कीटकनाशक	पिकूमेने किड मारूलो दावो	cc66356a2d82463aa63ce6338bb2b6b3
be9d17261b6c47babbe56e7aaf547ae8	sweet potato weevil	रताळयावरील भुंगा	राताळी भुंगा	804635a408314d1284faaaccf96567ef
b8108eabc75a48d9bca91aa86af4590d	tamarind fruit borer	चिंचेतील फळ पोखरणारी अळी	आंबली खाणारी ओली	b7c66b7a8d534886a94dd869ebadb273
ce0fce79d7314ebeb059a5994462659f	yield maximization	उत्पादनmaximization (जास्तीत जास्त उत्पादन)	उत्पन्न वादवूनूं	dd380353d86f42efa3d59c850d3bf6a8
d03423acf3ea4b0fa84af68e6862d899	Tongue	जीभ	जीभ	de3bfb91bfa944b3b4d924747358a96d
94bc1753efd843089d24c8ba7cab2b1e	Wound	जखम / जखम	जखम	bea1804207454a4a8deb48f5154cf2df
c7f26947cb0b4c73b1312b635a1eba63	Fodder Scarcity	चार्याची कमतरता	चारा टंचाई	755255c435fa43eab1d5c4ce70887021
46d0c3d85a1a4c83918912dc0f8bee0c	Lime Powder	चुना पावडर	चुना पावडर	7a0fc0c6634e41089cc693ee9ea6d4dd
514fd6c9eb6a4ac9b1f29076e9b375e7	Land Preparation	जमीन तयार करणे	जमीन तयार केनू	575e795aff2546f59f78d2453456a386
b4e2766ae38f46e9b67b4725f07c0570	Maggot Infestation in Wounds	जखमांमधील मॅगट	ओलें पोडनूं	36697e38e6ca4b86b54e0b845d0b4355
4b974b901456415d81829d292903d3d4	Fodder	जनावरांचा चारा	चारों	56797a7f423245c99b26cb811be53955
8bd8fca1cdc74f10b28e9a7d23f20a95	Charoli	चारोळी	चारोली	a73c2d1640894879b7fb51eb63eefb18
2bc89ed278df4e5e9128c67d9ab5c441	Aquaculture	जलचर पालन	पाअयामेने जीव	5d18f28a12da40c087c47740fbf8d36d
3fdb2d74de664fd1ad37cdbd239cb9bf	Rumination	चघळणे / र्यूमिनेशन	वागुलों	03d4f89e31f745f794f1c388f2e646ba
c673c644170e47f68e788378aef8e084	Colostrum	जास्त पोषणयुक्त पहिले दूध	चिक	de81a9ebaf1540048aee6b145a965842
1339ca55c31f4856b515ca0a50aaaf99	Indigestion / Bloat	जठरविकार / फुगवटा	डेड आफार	cf4f314e8d7040d3bc3df01606b2990a
39b7382499fe411fa784074468d9c9fe	Eating Fodder	चारा खाणे	चारा खावनु	be73fce08be94cfaadfa5068b87a35a5
5400192cc3704868a9998965226ea674	Vitamins	जीवनसत्त्वे	जीवनसत्व	76826f8d15cf4eb29031aed9232c5f01
47a26c0ec57a4735abe4f2fefa3f9e10	Fodder	चारा	चारों	4f86abffe41b4aafb41646995c9f6ba9
8863a331ef514f0da2b6d48462e1071f	Fodder Chopping	चारा चिरणे	चारो कातरूंनूं	2f80abe02f4d44918c3b2f8462a62c77
2a4a46ecda7d449ba9eeb219cc752b71	Fodder Storage	चारा साठवणूक	चारा साठवण	a4ac500bc2a14f399fa307cb1a503733
b0cb446ab8cc4fe3bb977129d44afb18	Germs / Bacteria	जंतू / जीवाणू	जिव जंतू	d7689abf8a3641b2a1b04d1a98090b98
0b7c2386393b4140a346bacf37fcbcad	High-Producing Animals	जास्त दुध देणारी प्राणी	जाहकों दूध देनारों जनावर	0496fc5157864caf945ea46be68bf163
93aa1ad1441c46bfa550d51bff778169	District	जिल्हा	जिल्हो	448cf19acbae4e49b733b80ebafeb568
3a6333f5617d4ed1afc19cf1ccf7329a	Meal	जेवण	खावणू	202aa612354b4d84b694268d1a18e1cf
07d87c4a16c442a39c603c2ef3b96a48	Bright / Shiny	चमकदार	चोमोकदार	6e8c6189ca8249e7b0ec928222e6d218
ae2d175377bb43babd962590790e9edc	Breed	जात	जाती	a26861c10d754166a23de374e0d86b79
b9e552f1ed724d858f6b93869d8cf136	Fodder Layering	चारा थरात पसरवणे	चारा थवनूं	4bafc90df8814fd0a599561429ff0c15
77e4eee09578463791e046eac16957e6	Walking / Gait	चालणे / पाय चालणे	चालनूं	5ff1157dfeab4497855366b078524c5a
1c9311ef85494a1b9d3d7d7d88c90114	Fodder Cutting / Chaffing	चारा चिरणे / चाफिंग	चारो कातरूंनूं/ चारो वाडनूं	5a66f6abc88c4b4a998a38499aa07453
538c1730d37a44b18dcc07ac1ee200f1	Fodder	चारा / वैरण	चारों	3746a3744b0547918d6cf65c7f7e1719
e951caa411b64ed4840efc84f4993a4b	Ulcer	जखम	अल्सार	1bb3c8a4c5ef4a3eb67cd1b871d9ebc5
a41ebe0c05994447926d456f5e3372e0	Beak Trimming	चोची कापणी	चोच कातरणी	60c480a5e4664e83929fa88adebc9aff
9ed80b846ba94eaf8eb6f9d564c12826	Calving Interval	जन्मावधी	वियानू अंतर	39cd9869b2a84b6ab7e14f13a85b6031
d040dd590654468eaa1873e2ea2485b7	Metabolic Disease	चयापचय रोग	मेटाबॉलिक रोग	605fcb0d0f58478280cb03306cceee8a
01e41697c06a4a50a9dc4c77f5777626	Fodder Yield	चारा उत्पादन	चारा उत्पादन	118d3916f2ca4fbb8ffbeb6c8249911e
1ed3a10d5452463399f1c43ebe65e8f7	Horse	घोडा	कोडो	0aec3a1de39d4459b55ae70dded2da20
de796caa8b91400c848eb0181cf7c74f	Chaff Cutter Machine	चाफ कटर मशीन	कापणी यंत्र	8bbeeb2d2e0b4285af01f7eaf01a1fe2
63aaf2d008ca41b9bcd6736c07c97c27	Chaffed Fodder	चिरलेला चारा	कातरुलो चारो	f4df39cf595e4231a14af3c4de368f3d
6a31661c79f14e0bb43893359ff2679a	Breed	जाती	जाती	a6ce5d47fba44683bef3a76ef431df4a
cac60c3ed86c45bd961dc8457061dbee	Twin Birth	जुळ्या बाळांचा जन्म	जुडवा जन्म	06b9ca06916d44d9b72fed623ab48719
ce49ec34fa7d4e619c2d54e5da753a91	Fat (Snigdhaansh)	चरबी / स्निग्धांश	चोरबी	b29e9bf572404c1681da494d54168ebe
156954cc5d6e4499bf2fc5c4e395ddb4	Fodder Wastage	चार्याचे अपव्यय	चारा वाया जाहे	d802aebfbaf1419a89314ca6243ebe93
83520661d4fb4d8e9142cc3fd5491849	District Food and Drug Administration Office	जिल्हा अन्न व औषध प्रशासन कार्यालय	जिल्हा अन्न आन औषध प्रशासन कार्यालय	534a89ec0b5b4144916b7dda44bf30cf
9e3243d787d347cfb17abeddd90b2dc3	Cowpea	चौळी	चोवली	dad6b9b0f1c245b18aea024fc7927b72
6496494550d64be0ba8aae32007981c7	Backyard Poultry	घरच्या अंगणातील कुक्कुटपालन	वाडामेने कुकडी पालन	a9a8d495321c4b06b2b65d9963eb2196
2c92972175d744c690f752df354426cd	Feed Storage	चारा साठवण	चारा साठवण	1608e9cb0a90458996a2ff881fdd507d
6f89fb077fd741969c0ef7332aab3d0b	Fodder Trough	चारा खाण्याची जागा	चारा कुंडो	2ca80621031d4de58c3b833bf6883207
0f9f135b40364e058e5f2b648c73fc9c	Biting Insects	चावणारे कीटक	दंश केनारा किडे	479e685be5324ef9ba5c51e1b3d4a477
c8a27837fa124df2a8d6467eabaf0a8c	Space Efficiency	जागेचा वापर कमी	जागा बचत	cdd41789d753498c855121199a04895f
633412ac79a640fc960aa59a239ecebe	wind erosion control	वाऱ्यामुळे होणाऱ्या ऱ्हासाचे नियंत्रण	वारो कादु वोय जाहे	cd9a569f2c6e4ca3aa0b3812125cb682
4dc22f3b4d994dba9db061f67cc1b878	wool production	लोकर उत्पादन	लोकरी उत्पादन	e2424849988d4a76b77fd4a441d27034
71e989d5db534e018976787ffb8b4889	yield trial	उत्पादन चाचणी	उत्पन्न चाचणी	fbee20d314cf4053aa1d841883ed3599
d87ccd240a9b4795a9dc926daa16a6d9	wood apple fruit drop	कवठ फळ गळ	बोंडे पोडतेहे	b4216fec319f416b80c3599b6b45bcbd
255c08a8e628438085e7f1ab7e811c22	xerophyte	वाळवंटी वनस्पती	बिना पांयावे रेणारे	83aef78df785470d872037b7e5c62424
99f37d61fdcf45388b10f1eb9f8ab9a4	windbreak	वारारोधक	वारो रोखनु	84f45fc8cb8e49149519b6bba65c8dbb
a546927c61fb42cab18dbb5242d1f2c3	t-budding	टी-कलम	टी-बडिंग	5187db64b3c1468ba006b5f95723308f
b02244a52f224984b1a1de3019ba420c	yield gap	उत्पादन अंतर	उत्पन्न अंतर	f55263035fa346da92027175a94582ce
c5f84b9089ef45a38666b9500c35e4bc	yield monitoring	उत्पादन निरीक्षण	उत्पन्न निरीक्षण	7c6c39b23aec4fee91d31ad45c0c9f7b
81ef337326884d868c226baec4ef896c	yield potential	उत्पादन क्षमता	उत्पन्न क्षमता	67a5cea280d544ce81dc54c4f0701ebc
5ec58931a7594bd2a7b67adfcc5e80f0	yield index	उत्पादन निर्देशांक	उत्पन्न निर्देशांक	b85bdf1c2b0f48b59dc2037eb286cdac
190af3d7d909470b98847fe03e26e237	yield mapping	उत्पादन नकाशा	उत्पन्न नकाशा	5cff7db9b165456e84e017e7130cad25
2ac0fbcb517f4fb9a8263674eb4f1179	wind erosion	वाऱ्यामुळे होणारा ऱ्हास	वारो	3062b3512f734501a93b273e46d21ed0
ebd2586039a645418a54df0779abd9b2	microclimate modification	सूक्ष्म हवामान बदल	सुक्ष्म हवामान बदल	045f9f0c19b94e6a891699d828d29204
1da976c18fdd44be8c12438dfe1d9ccc	Lice	टिट्ट	जूवें	3dbe63d5d83e4df388d657cba3d55203
eafeaefacf974bf7a026b9dc09b5ea13	Fever	ताप	बोरो	c86232fe92d6416e8debc1a88f6fc327
857db14127b94b708129ffaae349de56	Zinc	झिंक	झिंक	202567cc123c4e5fb326f27f4667f53f
9ba116581d514a6d844daf5800fec90a	Bedding	थाट / गादी / गोठ्याचा मजला	बिछाना	43d8f88791a74c218ae6be9674f62fc5
fd9943ff15c84620b3e7ed3f8a789e70	Ghee	तूप	तूप	59c09c4a05184f50a4ff7660efafc47c
3b002d1108824bd392b355d726cc7298	Oil Cakes / Oilseed Meals	तेलखवले / तेल बीजाचे कोंड	टेफ	b4dd5f11fb9c4bfcbf1ea25e98229181
7345c961f31a46f190511a0e04596d87	Drooling	तोंडातून लाळ येणे	लाळ गळणे	bcc7f802e34440209264a6d2a37e7065
8e27b986d2724605a83ecb3c770aeb63	Teat Injuries / Cracks	थनाग्रावरील जखमा / भेगा	आवाळो जखम	70f416f7e7ca4ff69053208a4a882a86
d8d04aa1fef44311bff311d1ce756f2d	Eyes	डोळे	डोवा	cc6e88ee2c6f499ebd1f2c6e119996fe
d14b04929af5418d96b821892b52dde8	Eye Care	डोळ्यांची काळजी	डोहा कालजी	ede47f32c66e48229a144580616d0c11
3acc582878504cb4966c2ee2000c9496	Fever / Pyrexia	ताप / पायरक्सिया	बोरो	14baab12f9a5425ab9d23cb1a53c7265
7ad0bfd5639b4a268f373f414fedc37d	Udder	थन / स्तनग्रंथी	आवाळो	994b3ed9adac436788bf3497a0704a4d
9b7955b6cadf45deb942f65efa927652	Teat	थनाग्र / दुधाचे स्त्रावनलिका	आवाळो	6b30aba3f3114b7699c0003acdcbedc3
ea2b823cf206496dbd4cf440f446dcf5	Skin Rashes	त्वचेवर पुरळ	चामडीव पुरळ	19b72966495d4d2ead14ddb9455172b3
2721d911895b45f6a1f461c6d6f63abf	Tetanus	टेटॅनस	धनुर्वात	6f5600adcd8f4837ae10c081d8b8f5c5
ae41257d1f6f45ce811697f36bec956f	Torch / Rope / Stick	टॉर्च / दोरी / काठा	बैटरी/  आसडो- राहा / डेंगारी	defb849efb114421a8ce1c8a0b4c119e
c40453b388734863a1c9c5c3ae4d46d0	Pig	डुक्कर	डुकरा	4d727c318b034a2eb4586e98351f0c2a
ea6e6f62e5bd40939e379da166fe4b9a	Pond / Farm Pond	तलाव / शेततलाव	शेत तलाव/ बोलावं / पाझरतलाव	bf54d16ed1c64099a95d717c87dbd0c2
a36845ba1df640a291eea7a469193b01	Stumbling	थोपटणे / हकलणे	थापकावनूं	8b6e7da243e04dc8b2cda459d7898fb6
13620600a4dc4a88a1436a47e4b43d10	Oil Cakes	तेल कापसाचे/सोयाबीन कॅक /Groundnut cake	तेल पेंडो	745f006cf9f74aa4ba167449bf72787b
3704712a3bfe4a5382df21768f8d8e54	Dermatological Diseases / Skin Diseases	त्वचा आजार / डर्मॅटोलॉजिकल आजार	चामडी बिमारी	1ec2cdc96aa14efa9d471f9328098a87
ee845de9c23a47fcae0b3f375e160450	Dose	डोस / मात्रेत देणे	मात्रा	cb180203687c4e5f94327dd60e00511c
3b4f057de7ef44af810e015c7070ad94	Mastitis	थनाचा दाह (मास्टायटिस)	स्तनदाह	26481a651152483e9b197943038f7bbf
cb3a0d2f94eb41dba9369aae73967498	Broken Tooth	तुटलेला दात	तुटलो दात	bccc139294064a9c8b77b06d547d7b77
0f82ad5bac1544d1ab1aa04fbf32e7c4	Dal Husk / Bran	डाळीचे खोड / गहू-मका पाट	चोन्नो	7a02a5d3222643e8bc66dd8554d567a7
964282af11464e8cab4a1b8598a1305c	Pig Farming	डुक्करपालन / पिग फार्मिंग	डुकरा पालन	9430d1b01424405ca6ee116ae613d8b1
e49be1b94c8145f7af17dc25874b9b5b	Sorghum	ज्वारी	जुवा	a905ad6d69444626af764937e5e07fac
b8c331ed137148feb265fc4c63b63eb2	Mastitis	थनाचा दाह / मास्टायटिस	स्तनदाह	aa031811408f4d0395bd6983a4f81cee
123cd9cf06184c99988f5c73f785e8e6	Sesame Cake	तीळ कांड	तीली केक	748169a9a9594a69b084fb966dc78187
a7397f3ee4684fc3b0df98e7d7c04355	Skin	त्वचा	चामडी	fed52500dd914c7887a9ed86ce0d486c
4c6bce618d784df3b292a84ba33d7eee	Milk Machine	दुग्ध काढण्याची यंत्र	दूद मशीन	16c81a094ed4415b8105a3f4e79f5614
c60035e63bef470d865f7cc17984710a	Milch Animal	दुग्धजन्य जनावर	दुध देणारी जनावर	797a054e336046f08799af31f27a206b
aedb11e2ee6146028aa0f4c72c0e8c2d	Lactation	दुग्धाशयाचा कालावधी	वेत	3672bf6e82a5480b85b098cae3569f58
1fd28c71c24947ef87271f0d306e6627	Teeth	दात	दात	1938c72edd9f4ad9ab8a95177ef707b0
8c32cf90c6aa4a4184426585dd5d689e	Milk Production Increase	दुध उत्पादन वाढ	दूदा उत्पादनांम वाढ	cdf2c3c785534d42b068e0961fb89b29
3bd167153ba447c79b791a25858aef87	Curd / Dahi	दही	खाटों दुद/ दही	c2adbd180daa475bbf76cf4f10a96c40
68afc47be56542f787e4bd111b6bceed	Milk Yield	दुधाचे उत्पादन	दुध उत्पादन	55b8b6fb71d94139b7582efff9a589df
b73764b40ad74f7799e6f1f8dcec6302	Diarrhea	दस्त	जुलाब	7b9f58923ce148c8a468147677c5eb75
553b30b55cc44afea8bf1fdc422bdfcb	Milk Collection Centre	दुग्ध संकलन केंद्र	डेअरी	8f9879ec033f41238d492ed9d68da8f4
3d8c6134f5e74b6581797c03cb9915cb	Dairy Farming	दुग्धव्यवसाय / दुग्धशेती	दुध व्यवसाय	63596cc1a8df46198957c97f8d4e5ab0
d57c6eeb56824b168f0540dcf01dba69	Milk Production	दुग्ध उत्पादन	दूद उत्पादन	5538bcede1fa45a7b4531b4e79db1e9f
e1f163dec5884e09b4128135a9f02600	Dairy Business	दुग्ध व्यवसाय	दुध व्यवसाय	caa4d58b749d4eb78d11aeb1c5c250c7
c9ffccade48e4be5b47d51c3d8631bc3	Dental Care	दातांची काळजी	दांतांहा कालजी	5409bc338de84f479ea68993dead7e6b
b25cbaadd0b24ba4af0a0803378f6df7	Milk Production	दुध उत्पादन	दूद उत्पादन	e5b7bd22680446ed82c9721a1b523f15
9e87728700f44060b0e9b845fe4f2275	Lactating Animals	दुध देणारी प्राणी	दूद देनारे जनावरें	45a4fa1a368a47cfb3e4c6acd95074fa
d8163dab639b4020b3bb85648895194a	Concentrates	दाणेदार खाद्य	ठेफ	483a198e59de45d1ad248c46880fd476
6fa4c478e7bf4ce99fd085ad59d9c8be	Decreased Milk Production	दुधाचे उत्पादन कमी होणे	दुध उत्पादन कमी वेहे	176cf71c6c4e43faabf338c39087fa83
d461bb76facc4d00a14844055ae32c46	crop nutrient uptake model	पीक अन्नद्रव्य शोषण नमुना	पिकांहां अन्नद्रव्ये लेवनु मॉडेल	978259fbb7c24522a0fb2061717167be
095536fab876447687a76939d6bdd821	crop yield forecast	पीक उत्पादनाचा अंदाज	पिकांहा उत्पन्न अंदाज	a3dc8ffe60a3411b8bc048de483fcf16
6b4ad5ffaedc4f94bd43df0c6a30e362	crop weather index insurance	पीक हवामान निर्देशांक विमा	पिक हवामान निर्देशांक विमा	2d873687801742ceaeefbbd10dfad8f6
6d5d4d92291145d4bf0c3bcf67051cb7	jerusalem artichoke	सूर्यफुलाच्या कंदासारखी भाजी	जेरुसलेम आटिचोक	be2417d8ad524f3da6484c7bc85ac966
3b8f7814de1a4121a235435111c631fe	crop rotation	पीक फेरपालट	पिकांहां फेरपालट	6e11114f99c347dab3945952d7eeb62f
29d8eb16f15e4f958a8ef3713b82390c	crop stress indicators	पीक ताण निर्देशक	पिकांहां ताण देखावणारा	47c61871ceb8455f9e89059d3a86e852
3aef617da6af4c37909f83891e37f822	crop protection products	पीक संरक्षण उत्पाद	पिक संरक्षण उत्पादने	1d74332acfec418da4922134dc1c60f1
886b4a2204b44402b82e3293b5b1e8f4	agricultural sustainability index	कृषी शाश्वतता सूचकांक	कृषी शाश्वतता निर्देशांक	0022f7dd70094019a41f8b74810dbf8d
ac043ec67c66479ea34031a2646c2376	agro-waste utilization	कृषी कचऱ्याचा वापर	कृषि कचरा वापर	79b66b6362654f78aa6101f9107c3ea1
e375fde24cf940179d65fee5a582d453	agro-based industries	कृषी आधारित उद्योग	कृषी आधारित उद्योग	a47226d83a5441db8561f6dde0235aed
4ae84e7da5334264b36b54efd301f6ee	broccolini	ब्रोकोलिनी	ब्रोकोलिनी	e0ef0021bc9742f3832f36bbcda19bcc
52e203fcfcbc494693e353b0df36e4c2	agro-sustainability	कृषी शाश्वतता	कृषी शाश्वतता	c2380a61b99141398cfbc8fa18b3a31b
b70121c019ab4b2a9601ef350ea6a129	agro-processing technology	कृषी प्रक्रिया तंत्रज्ञान	कृषी प्रक्रिया तंत्रज्ञान	72554ec9724148ebadacad7eb0f32c2b
99c1c2064f014e1884bbe0c5d1b96a4e	agro-advisory bulletin	कृषी सल्लागार माहितीपत्रक	कृषि सल्लागार बुलेटिन	1d8202c92dd54ea4bfe8570af4f203d2
e97ea2b1ad744d53bfc7db2c380d816b	agro-economic analysis	कृषी आर्थिक विश्लेषण	कृषी आर्थिक विश्लेषण	10102e12cafd48a1bafea9e6500fbedc
656368553b0040b896f0add8dd07d05f	agricultural weather stations	कृषी हवामान केंद्रे	कृषी हवामान केंद्र	d523c42574454c39abdc9699524dc6bf
67c3d060e0f4456c9dfb6db2afdce8db	agricultural sensor	कृषी सेन्सर	खेती सेन्सर	eeabc5a15bed48a9a2ca0f4aae9d41fc
81082707f5c54218bc36e6525e5f6d8b	agro-weather forecast	कृषी-हवामान अंदाज	कृषी हवामान अंदाज	11b2fda1b5874fafa5a4d287d6564c85
8be858e44d63483a8c55e33c50ab117b	buffel grass (anjan grass)	बफेल गवत	बफेल ग्रास	d2935d2eb86349a99e12f1564cd3cdc5
05d286d41c18447ab7d019c6d7f9e4f3	agricultural technology	कृषी तंत्रज्ञान	कृषि तंत्रज्ञान	e183ae62a24041489f6cd84606e73694
74325386e21d40f0a2515c4e5b9473f3	bud burst	कळी फुटणे	बड बर्सट	13e35f7615414c8b8275ebc235e3aae7
fb7a6ff5f0574a74b9b8627a6271efec	bud grafting	डोळे भरणे	कलम लागवड	5c204fca93f1434e9211fb1fd24d0667
a98f32e081cd47408f07dd78e2f1e126	agro-climatic zone mapping	कृषी-हवामान क्षेत्र नकाशण	कृषि हवामान विभाग नकाशा	506cd9b12b5741a38571f52d7d158edc
967457a0b8874322bd98ac33d54cfc0f	agricultural research institute	कृषी संशोधन संस्था	कृषि संशोधन संस्था	f184dc860d1d4f43ba51c333b1fff3b0
e679ce1270164fdfa1c806bff0eb9346	agricultural water management	कृषी पाणी व्यवस्थापन	कृषी जल व्यवस्थापन	ad27354d84cc4af5874be3ab6519e15d
115b61578a2f4ed9be3baff531ca9b58	agro-climatic planning	कृषी-हवामान नियोजन	कृषि हवामान नियोजन	7cfe6b06d5f34544aa63eb68e7960754
d0decc5321894fdd9f00a263d3035ddf	broad bed and furrow	रुंद वाफे व सरी	रुंद वाफा आन सरी	11542e24c06749f0bfe7975cc9f12588
783554a21bab489a8136f258f3b6d994	agro-climate resilience	हवामान लवचिक शेती	कृषी हवामान लवचिकता	89d584431b1b471ca5c269677d866327
0177b97c7adc4920a991ffaa444b05ab	agro-chemical residue	कृषी-रासायनिक अवशेष	कृषी रासायनिक अवशेष	b265bb0b6c5e4602a8d147ff9752c2f0
8897d16436e044d38691388f66a6cbd4	bud worm/borer	फुलकळी पोखरणारी अळी	कातरी खाना-या किडी	7796a5968ba24977b029776d9118367e
6a5579fd14f3411cadea6e7700f6d30b	brussels sprout	ब्रुसेल्स कोबी	ब्रसेल्स स्प्राउट	74683cd17aa642b2818e7f58f763819b
6c855315dc414a2f80fb79bf693d8d94	agro-industrial waste	कृषी-औद्योगिक कचरा	कृषी औद्योगिक कचरा	63117f6901e045afbead058e3ca173bc
9d382fb2fbec4885a49ad01dae3d302f	agricultural robotics	कृषी रोबोटिक्स	कृषी यंत्रज्ञान	a7cbc570f3474ef8a6790ba3e6f7395c
695798665ffc46c6b493beb7b0f45d9b	agricultural technology adoption	कृषी तंत्रज्ञान अवलंब	कृषि तंत्रज्ञान अवलंब	2e97ee1b0352492fa918cd5b4c450adc
c9eaa2e3e3bf4be2870761bd82388d33	agricultural waste disposal	कृषी कचरा विल्हेवाट	खेती कचरा विल्हेवाट	80cb7acb86f14fbca29236f08f6584d3
151eb9c6a15142d5a1a4fd8a01a0a7d8	agricultural tools and equipment	कृषी अवजारे आणि उपकरणे	खेती औजारे आन अवजारे	afa9708f25754cf28a97d5db672f8b63
891450ed8fea47839f55fc192263913d	agro-forestry systems	कृषी-वनीकरण प्रणाली	कृषी-वन व्यवस्था	427b532914fb4844b8caf7fc9a57169c
327ecfda91bc490883da44867873e2cc	agro-waste recycling	कृषी कचरा पुनरवापर	कृषी कचरा पुनर्चक्रण	246fa7531b394a55ba61e5b7c8daba89
c69ef7cf18d54eec81f4cecd4ad2929f	agro-processing industry	कृषि प्रक्रिया उद्योग	कृषी प्रक्रिया उद्योग	27e615dcc0f047a9b2b80cdb34c5f0de
53b57eef4923439a99fc09f2c0049cee	buckwheat	कुट्टू	बकव्हीट	cbd8bd146b594d38953a4f9b94bccce8
dc6dc8620a474e60a972585a0ed27ce3	bud differentiation	अंकुर वेगळे होणे	बड विभेदन	de738bc623c54737afa98ed0fe3ec248
bb6649d6d69e4ff9ac733506d41e4191	agricultural waste composting	कृषी कचऱ्याचे कंपोस्टिंग	खेती कचरा कंपोस्टिंग	3ec2fed2470749cda8d138ee6c7f9987
b198ad194ad14f08b300d90abbc8c169	agro-industrial complex	कृषी औद्योगिक संकुल	कृषी औद्योगिक संकुल	21748df8b6b34c18b95d393c5a39b11a
a97593e1a131448381f2ff493803492b	agro-tourism opportunities	कृषी पर्यटन संधी	कृषी पर्यटन संधी	9b9cfc00e4034c67af54883eb0e2805f
5c7d335f0bda4e4eb5ae4fce732d275e	agricultural subsidy programs	कृषी अनुदान कार्यक्रम	कृषी अनुदान कार्यक्रम	dab3fd0e433c425893abc94a5a302f0f
6a4813b9e8e6446e90258c93477151ce	agro-meteorological advisory	कृषीहवामान सल्ला	कृषि हवामान सल्ला	ab17f7beb2244c3dbec7fa19e11ee155
3f698480b03646799da99da19809602c	agro-ecological zones	कृषी-पर्यावरणीय क्षेत्र	कृषी-पर्यावरण विभाग	0944da337e4e436fb626a64f0629179a
bc5f2a8045974961b1eb04d50a9b7f39	agricultural sustainability	कृषी टिकाऊपणा	खेती शाश्वतता	9ea152c23c3149dda4ff0e293e403fd9
0fa3432c7b8d47c382ff26637a4ad063	broccoli	ब्रोकोली	ब्रोकोली	059f3a50c51b49e895eda4dcc20e7255
e2a6e1a6aac54ec89d810a9ee7c1b120	agro-chemical residues	कृषी रसायन अवशेष	कृषी रासायनिक अवशेष	aa53f148bf4e4c1bb5dd535e82213f2b
70ae2109493d4dbeafec4e64febed587	agro-economic analysis	कृषिअर्थशास्त्र विश्लेषण	कृषी आर्थिक विश्लेषण	5dab78186fab4d4d865c4bec59ff1510
649ddfce2bb64701980e46514cb32074	agricultural supply chain management	कृषी पुरवठा साखळी व्यवस्थापन	कृषी पुरवठा साखळी व्यवस्थापन	b1a15f0b0ede417097d45ac5948b0054
4cd385f158ae4a3580972bdf14dc0d44	bud break	कळी फूट	कळी फुट	ba6e24962d0d420d868555f6c9a299fa
7e77f5cd12bd4dfd95eac281cb4b45d9	agro-ecosystem services	कृषी-परिसंस्थेतील सेवा	कृषि पर्यावरण सेवा	2bc56ffca8c848349bddd360b74916bc
ee889c381e514d90aa924277e765a687	agro-input subsidy	कृषि निविष्टा अनुदान	कृषी निविष्ठा अनुदान	74663158d33c4ff9bc74b37f004c8449
d685b76e5b1e4aa189b7ed3857819215	jute retting	ज्यूट रीटिंग	तागा रेशा	8c7f72db56b54f56b0161b2ddecd5ce9
acd63dadb64149adbff101288cdebda5	trace elements	सूक्ष्म अन्नद्रव्ये	खूब कमी प्रमाणाम घटक	1025f02ef1e64d6a846f85600deb275d
457b4bbb76ec430aa8765e42ba1ed8c7	trait mapping	गुणधर्म नकाशांकन	गुणधर्म नकाशामन	06ab7466816e42c290a61b44c2a14991
2e3d039f9c954af3bc0d7aa8d9f4b40b	trait selection	गुणधर्म निवड	गुणधर्म निवड	8b42e694d0504b3aa4bf0498a5357ba6
73257da5ef014dd4bce492b23a586e34	transgenic variety	जनुकीय परावर्तीत वाण	जनुकीय वाण	ee470e4ef10044899bee76aa6d281a2b
dfcd9538a378406dac37ae7bacd6a921	tomato grafting	टोमॅटो कलम करणे	टमाटांहा कलम	e4821d7dbb2d476091d016e690496226
1642665e285b4b07a0ea4eaca75214bd	tea root knot nematode	चहाच्या मुळांच्या गाठीवरील सुत्रकृमी	चाय मुळ गाठू निमॅटोड	8e5d4199b1604eb0b77e0167e53d63cc
8812cf0731b8478aa0990851105cb60b	threshing drum	मळणी ड्रम	मोलणी	d102ddf91b6e4c9990138ac2b73c5ccb
0e041a0b38c44038bf27e4f4a011fc10	tillering	बाजूच्या फांद्या वाढणे	फुटवे	572cbd95a12d4065a037c0c2c1f81678
c875051d20ad4a5eaadfc72f83e2d3f5	transpiration rate	वाष्पोत्सर्जन दर	वाफ बनवुलो वेग	740191cb70c641a4876e4f9055f119df
008b5553c30c496d9bd78c092ff11881	temperature stress	तापमान ताण	तापमान ताण	bb2c5e92a3e9472790a4c885f7a8636f
13eaf3f25ac840e99f99e9bba0e26f43	xylem transport	झायलेम वाहतूक	झायलेम परिवहन	4b59da81320f496aa570f3b29be2ae31
62758d76bbca4a7b8032db0110599926	winged bean	चौधार शेंगा/ पनवेल	पाखडी वालो चाना	9cbb2678cdc64821a178fa04073fa651
f40acd683c534a1bae691c4b35de95da	tractors and implements	ट्रॅक्टर आणि अवजारे	ट्रॅक्टर आन अवजारे	341b4b48067343d0a77cabb777f25a7d
d436b65f1a884b7aac6e1c16fa6e6b53	hypocotyl	हायपोकॉटिल	हायपोकोटील	be9cd0c82c564688b8729a51ae79f3d7
40397f3a81f047c8a3f006d850140e92	transplant shock	रोप स्थानांतरण धक्का	रोपण आघात	30efafa6620c4ccd90e149d91a446136
003219f5f2d2411d984aebb2415cac37	trap crop	सापळा पीक	सापळा पिक	6c2edc1a208d4c0d9fea2d6686db510d
64a3be7227904a86a311622ce5140cda	terminal drought	पीक वाढीच्या शेवटी येणारा दुष्काळ	शेवटूमेने दुष्काळ	ff7492a36e994e80af3faa10df21a678
096c1b5b01754a198cfe733d88cf41cc	tillage erosion	नांगरणीमुळे होणारी धूप	मशागत धूप	7fe593a405e64c63a408baa4c5d186ad
d6e370770816493c8511c74bcbd2e4b4	tea blister blight	चहा वरील करपा रोग	चाय फफोली करपा	1335c4e4c5424cfcac6722ed76ff1fe7
6a43debcca754b22b644d3a6432a1488	symbiosis	सहजीवन	सहजीवन	6e87e09fdd0e4a599e1cd5bd42e51234
401baec0e67148cba7fc3e8d57374eea	training program	प्रशिक्षण कार्यक्रम	प्रशिक्षण कार्यक्रम	967d4856030d433ebdf234f4155934b1
eb22c236cdfe481b89f0c923eebafc94	thermal shock	उष्णता आघात	उष्णता आघात	a7269e8d049748879a5d366e5eb941f2
47f01e6f4f6f462db5aebedf3dca613d	tomato spotted wilt virus	टोमॅटोचा ठिपक्यांचा मर विषाणू	टमाटावेने ठिपकेदार मर रोग	380a010d311d41b9834357277ac77c95
b82c9f4513c0478292b1d4be89a4db72	thermal weed control	औष्णिक तणनियंत्रण	उष्णताकी खोड नियंत्रण	04e0c8953edb4aa6b432500e7d57a102
343a3bf7326f4e30b67f8846aad8e82e	trap barrier method	सापळा अडथळा पद्धत	सापळा अडथळा पद्धत	7eb10c61059f452ea6dc68677a229ed0
c2ce419072614e03858cdaddad086393	thermal time	औष्णिक वेळ	थर्मल टाइम	02dfc267cbaf45b0a89e71e73d1dc915
bc840c5706f94dcfb485081fe7b84d67	thermo-sensitive variety	उष्ण संवेदशील वान	तापमान संवेदनशील जात	550891a307fb4a859b780e6a148250a3
d5462f0e6e094c6991609f64c3d558d3	thermoperiodism	तापमानातील चढ उतार	तापमान बदल	74cdfaf4140440198b419fc166cad710
563684a1cecf4591ab2496e2a99d7c89	tissue nutrient analysis	ऊतक पोषण विश्लेषण	ऊतक पोषक विश्लेषण	5fe34e5b4a6747adb656c026d34a2df7
ce22eb3b6ff7422a8ad57dd6ac5b7c58	thermal sensitivity	उष्णतेप्रती संवेदनशीलता	उष्णता संवेदनशीलता	9f93a5ef7391462c862184e937073614
275d5c9852c641a1bb3cc0358563faf8	transpirational loss	वाष्पोत्सर्जन हानी	वाफू मेने नुकसान	56b8a3aa869c4bf99a098f70739ddd95
900755d49eb84de0af57023217f8e9c2	tomato thrips	टोमॅटोचा फुलकिडा	टमाटावेने फुलकिडे	b154ea000b964d4cba524c542fafa194
90176ac0763944249ff5e1436e5e8d43	tissue nutrient diagnosis	ऊतक पोषण निदान	ऊतक पोषक निदान	52f87f6f20c14dbaba85c0b1c87f2439
044d55487c0a4e8e90d4da7afd95015e	top shoot borer	झुडुपाच्या वरच्या भागाची अळी	उचल्या भागावेने अळी	d9e1acceb8c84b4fb4381d0fc75a0bf8
5f8a9da6a9404369837a205524ef2852	transpiration loss	वाष्पोत्सर्जन नुकसान	वाफ	b422b832262d45088f3f085514cf8431
568cc21a021c4503ad416f59cf84824b	thigmotropism	स्पर्शाभिमुख वाढ	थिगमोट्रोपिझम	759bd0b90c7e4f7f8974e8a1b7afc585
cb8f2b8d850a41fa971c467115fd9553	traditional seed storage	पारंपरिक बियाणे साठवण	पारंपरिक बियारो साठवण	f0faa058d2ab4301a58ce2b7b5f62f60
7f7fbf8ce8ed4c448363f99d9ef09077	transgenic crop	जनुकीय परावर्तीत पिके	जनुकीय पिक	f6a1dc9c3f5f4cc1ba7072a2aee9dd07
fdd095ff0d144fb6934d0c2ab3f7119b	transpiration ratio	उत्सर्जन गुणोत्तर	वाफ बनवुलो प्रमाण	4f523dbcac104688b261e5abba4ef145
eb4001e271a543deb5582b38c12c8659	transgenic technology	ट्रान्सजेनिक तंत्रज्ञान	जनुकीय तंत्रज्ञान	e65c62191aa2405e862174c43a84cd66
9ff2a14b4f00442d9beafaeba0923fb5	tillage equipment	मशागत उपकरणे	मशागत उपकरणे	2de31132895f49978c931f96ff90a064
691a0b339b8b4d84adc79d47928793ac	topping in crops	पीक टोक कापणे	पिकांहां उचेने भाग	ac752e23aec74e51b578645509e500d0
c432e5b714514ccbb23a3d65f1f4c46f	tractor-mounted sprayer	ट्रॅक्टरवर बसवलेले फवारणी यंत्र	ट्रॅक्टराव लागवुलो फवारणी यंत्र	4417b4580b3549c2a53e9f8112543d38
e752a029e9b34f8bb2d565a63d11fe60	xylem movement	झायलेम हालचाल	झायलेम हालचाल	dbc118c05bf147abb013b6f647d083c1
7ad175c417214b16a21b24230bee7517	thinning	विरळणी करणे	विरळणी	60b8bd41416344708eb863d62e90caa1
63eb74468403494fb33a4481134d3593	traditional plough	पारंपरिक नांगर	पारंपरिक नांगर	49720fa2c3154d2dbc79bb3af5adbe97
1264e8b4afee4526accd6293a29e4afb	tef	टेफ	टेफ	94f1334e755c449d99632b03d5ac13c4
ee9f14a82441485c9159c87f5b48c4b5	tillering index	फुटवे वाढ निर्देशांक	टायलरिंग निर्देशांक	e2aec2869cd84774a6234795c05926be
243648b42a8d4997a7c7ec41f01bdafe	tetrazolium test	टेट्राझोलियम चाचणी	टेट्राझोलियम चाचणी	2dd6a567025f41a38ed5f39bc7cdaba7
456c155b07c246dcbebc3126f21ce7b4	transgenic plants	जनुकीय संरचनेत बदल केलेली वनस्पती	जनुकीय वनस्पती	6b3cfe96830648378a49aa85a0d92aa4
7ee466a8e5d64310b716ec60f4431ec4	transplanting	पुनर्लागवड	पुनर्लागवड	d9b32376be5a46eb82cdb9c1d8b29ba7
cd2df9abc99c46e59a951ec8b3ee016d	translocation	स्थानांतरण	स्थानांतरण	3dc3783368144e1282fda217ebd20a57
dc3e6254e0754a3b9649d382757ee7e0	tomato blister beetle	टोमॅटो फोड भुंगा	टमाटावेने फोडवा किडो	fd8d86af17c3447f91725152094f3cb3
32020533fa754c7c9dd07b3a91bff93e	temperature monitoring	तापमान नियंत्रण	तापमान निरीक्षण	53a038fa81a447cca0b062bad543b8b6
a6f6bcf256e345d9a0165978849c2d53	transplanting shock	रोपवाटिका बदलण्याचा धक्का	रोपांहा धक्को	16eb9d4b3d364a81a375f068cddaed89
9144251c6f7a4e0b9617a0fd5bfc5b01	temperature tolerance	तापमानास सहनशील	तापमान सहनशीलता	b0a1549b8ea149e1b9716ed5271d3728
3bd84006213b45c1ad93aa2dbace9fe2	thermal unit	उष्णतामान एकक	उष्णता युनिट	cdb78121c6b94546945d12e13d9f1d20
cd90b4f85e3e45b091c108c7c2b1ac58	tomato bacterial speck	टोमॅटोवरील जिवाणूजन्य डाग	टमाटांहांवेने जिवाणूजन्य रोग	09197b8d1a0345569327109e76a671dd
4d9b87cdc567453581e51126abb1c925	tomato fruit borer	टोमॅटोवरील फळ पोखरणारी अळी	टमाटा फळ पोखरूनारी ओली	ca8208d62181435c92f8b92ce7916891
fafe9be18b8a470db388ff11294cfc79	tip burn	टोक जळणे	टिप बर्न	40de660347a54b66b59c10458d264b54
03b30e8b4e734047b9017525ed014dca	tomato staking	टोमॅटो पिकास काठीचा आधार देणे	टमाटांहां खातोर दोर	93f53deb9fcd47cf8611b230b05fc8fa
4c4813ed85c5479ebadde96c709dab33	microbial biofilm	सूक्ष्मजीव जैवपडदा	सूक्ष्मजीव बायोफिल्म	de360eb6894c456f9f507cd8906d80df
efdbfdcc00044224bcc8097bffebec46	temperature fluctuation	तापमानातील चढउतार	तापमान बदल	8191a38f72234f628ec6c279b85e4601
a79a2c763344431ba807cb29a9d12398	transplant shock	लावणीनंतरचा ताण	रोपण आघात	5f95b4f57a9441c4b0001544da92a96f
7aaaef3db6ac4eb2bbb8a0230cd61871	thrips damage	थ्रिप्स कीड नुकसान	फुलकिडा नुकसान	a9475603cf3f4dffad39a624d9fa2c9e
b3eef704895a49d9a46b58409b136ef9	tensiometer reading	ताणमापक वाचन	टेन्सिओमीटर वाचन	861726be61364e33964f87e57132ff92
e8029b9ccd6d43959e45954d4daaac65	top soil depth	वरच्या मातीची खोली	उचल्या कादवा उंडो	cdc91af838af4d03bcacc1a23e741375
ce03265a22444f1380cfe9ad623f9436	thermal time	औष्णिक काळ	थर्मल टाइम	3a3833f9d0124f07ba3fb02cd8528d40
55d9fc19d2ff4cdeaec9aa7b16a16fc7	geotextile	भूवस्त्र	जियोटेक्सटाईल	84fa10068d174a7d9b9192b8fdae7d41
d659182282f444e6973ac60548e6c4d2	transgenic crop	अनुवांशिक बदल केलेले पीक	जनुकीय पिक	78a3b70f53114477972965136de198a5
dc94023926c74c568561acc360a132c6	tractor maintenance	ट्रॅक्टर देखभाल	ट्रॅक्टरा देखभाल	cd06f52a3018497fad19e343ebdf0350
a135fd7893464df2b171d9218ddc18ea	threshability	मळणी क्षमता	मळणी क्षमता	3464a31296f44ae8ac03e734f7cc9a80
ddca5e87131e4e6a88623cda2b266c88	tillage implement	मशागत यंत्र	मशागत औजार	d2dc01244e034b148592bd2e5bab32eb
162ed5f122b2430aa10ec1ec2a84b0d0	tillering index	फुटवे निर्देशांक	टायलरिंग निर्देशांक	e497bb7c8b1e41d7a87b6423e8b839ea
ea6fed3eb332485791d3d9fa27c91da1	thinning operation	विरळणी	विरळणी	e0cadf105ef44a4dbea9af87f6d6373b
06ca39e2cb274960a5f4f137751ee64b	topography effect	भूआकाराचा परिणाम	भूभाग प्रभाव	d947e4dcb41e4f319c438c96cf605512
c3f30073742240c596312a3860435928	tensiometer	ताणमापक	टेन्सिओमीटर	629c0e8ba7744045b9a7400b2719a35f
700eaf72b69e41b8a81dd5c968ca78cf	phenological observation	फिनॉलॉजिकल निरीक्षण	हवामान निरीक्षण	076db48becff47a9a4351c24ed313f8a
6c47df9c4e9247dd9c0118e57e3c5efe	threshing drum	मळणीचे ड्रम	मोलणी	8e2cffe8350e44d79f94d15280598c18
02e64611dcff497aa664d16e7049b975	transgenic crops	जनुकीय पिके	जनुकीय पिके	1857ada25dc84ea6b96a5f97e07977f0
1920a6aff8bf4024ac9fe6d9df0ce788	transplanter	रोप लावण्याचे यंत्र	रोप लागवुनू मसीन	ae78307612f44992a646a16c5303c960
f6295fa25bc44a9190ef06544abe2ab5	thermal fogging	उष्ण धुर फवारणी	थर्मल फॉगिंग	62d1f89465b447e28e473792680383ca
837b8a4f7d0d404fbaa1dfe670bcdc40	tip burn	टोक भाजणे	टिप बर्न	3e74a4d883784dbbb5ac2b259039f0a6
0156ec7938aa404f885cbfb08d315328	transpiration cooling	वाष्पोत्सर्जन थंडकरण	वाफ बनवूनू	dfed64df3fc440c78dd73bc55894fa6f
05131589a075422c9cdae95bc45aa0ef	genetic transformation	जनुकीय रूपांतर	आनुवंशिक परिवर्तन	baabf78c7a5547dda601ff21142e1883
7b1277177a9d480e9efff21f5f3bd026	transpiration rate	बाष्पोत्सर्जनाचा दर	वाफ बनवुलो वेग	fec0b269ba0a43c9944077f6390b235a
69f382c810164696912254a2ad2c0ed3	thermal conductivity	उष्मा वहनक्षमता	उष्णता वहन	1c96b364cec744c19617655dd81eaabd
3eb809bfd2c34a28ade0c355e77ad7c7	yellow vein mosaic	पिवळी शीर मोझॅक	पिवली शिराहा मोज़ेक	9da3077ea009418da714173558aaf2fc
6855d3e186c54dc89c8c41e7fb7a172e	tea mosquito bug	टी मॉस्क्युटो ढेकुण	चायामेने डास	cdc5fe6702f742879c3162882a885be1
734b0d2bc45b40f88c16dcc9b431d170	taro leaf blight	पानांवरील करपा	आलवू पाने मर	319d20f4f9724fe1a65853351339f166
8a7367e7a4134d5bae59d46eb559101d	traditional knowledge	पारंपरिक ज्ञान	पारंपरिक ज्ञान	692ba73a15474636a9d8b919286e3517
f0bf760ba9b8456e93303ca6cf7f6f1e	transplanting machine	रोप लावण यंत्र	रोप लागवड मशीन	88d1f4ba43f7415e9706ff6c6fb7eb41
1cd397fbc3b648f19495768144222922	tassel	नर मंजरी	टॅसल	06223ed4077244b5b64fcabe1a4ee863
2cfd7841f35340eaaa8bfcd8fc832d94	temperature inversion impact	तापमान बदलाचा प्रभाव	तापमान उलटाव परिणाम	e8750c4436d64a5fa1d05c71f0d6521a
fe707944c3cf4fc29ed5439906162cab	top soil	वरची माती	उचली कादु	64e0722de9fb4e6d93267a7f6444a9da
65f1d944b37a4d129362c93b51399fec	trap barrier	सापळा अडथळा	सापळा अडथळा	84d3357d3fb543e086073d172b3fefb5
803935991e6e464ab9583ace5e3cf368	tillage erosion	मशागतीची धुप	मशागत धूप	6de514a63e9d40deb158c70177503093
059ad8057e0b44bda417c8d4009e6e28	thermal imaging in crops	पीकांचे ऊष्म प्रतिबिंब	पिकांम उष्णता इमेजिंग	edadbf38853444ad9cc946277afcdbef
4c1bd661806c43bc9a29a86bda6d6062	tillage pan	नांगरटी थर	मशागत पाथडो	952e349592e44bbfa68f81520b280651
f2966ac0c1974fc18baa9025af8277eb	vanilla bean rot	वॅनिला फळ कुज	व्हॅनिला बीन रॉट	30cee53c0b944c0badce14e28ddd3d0a
edd36fffd2814c79807a916a82c6de66	vapour pressure deficit	वाफेच्या दबावातील कमतरता	वाफ दाब कमी	9095ef8d1431490cb4dbfa8c046d6419
4ad8a26926f44822a88d21595a8fb39d	tuber development stage	कंद विकास टप्पा	कांद विकास अवस्था	ee6c2026cafd45f4ac29bb9382b72050
ddc5221702324fffb3f0939c60d24b76	urban agriculture	शहरी शेती	शहरी खेती	512f9aa86eaa456697fe4f51552d0891
e3f11ca5c6d54d6db2c5a681babf180b	venturi injector	व्हेंच्युरी प्रवाहमापी	व्हेंचुरी इंजेक्टर	5af8b23fc83f4c219a526e9f847a10ea
7ab9aa6eb7004dcf80423a78b30879a2	vam fungi	व्ही.ए.एम. बुरशी	व्ही.ए.एम. बुरशी	f7544692d1c4441b857138a0be24cded
6d70a080adaf43159ebfd3631bc122e9	soil slaking	मातीचे विघटन	मृदा स्लेकिंग	2c6e06d0b5764cb98bf806caf48d8ebb
72ce14e600e94fc68f156052bdbadd2a	soil salinity mapping	मृदा क्षारता नकाशण	मृदा क्षारता नकाशा	6520629621b3427a9567d711f579a5f7
c80e67b9a0d445c7ad4c50d4654fd3e1	truthfully labeled seed	सत्यप्रत बियाणे	सत्य बिल्ला वालो बियारो	7101dff1f85a4c30a3cfb64ffd0b2638
3249e1c5f40c42a2856c96d987a8a26b	tuberose	रजनीगंध	ट्यूबरोज	ed2b359aa5c14a0c9f3546ba79f20c55
1fb3e1195111475ea2b7216003a3e312	turmeric leaf blotch	हळदीच्या पानांवरील चट्टे	ऐदा पानावेने ठिपके	4adb0c6561554952ababb930b0db086b
c42af3df94e747c8bda267746b0a02f1	trellis management	ट्रेलीस मँनेजमेंट	ट्रेलीस व्यवस्थापन	6f5e2986d5774f8fb2178c7420be0951
8c42c1c105c24dda9c5bb4ecbee3e8e8	tuber crop	कंद पीक	कांद पीक	2eb54bcee242416799c124d44130c3fa
14f87e87c7054bb094c0c0c2344b55b4	vegetative barrier	वनस्पतीजन्य अडथळा	वनस्पती अडथळा	870a6286a3524e7d9721c3e7e4959980
19a4e6321b1c437a9436455924b7a9f8	tuber dormancy	कंद सुप्तावस्था	कंद सुप्तता	40e19a5504654e1e9f85e4b6ac73956a
2b374142f7c14f82b17cbbd120997cce	soil structure improvement	मृदा संरचना सुधार	मृदा संरचनेची सुधारणा	1f3abd23bcaa4e8ea136e021ecaf6b6d
27e89e8baf2b43d6b2ad4131b3945156	urban composting setup	शहरी सोनखत यंत्रणा	शहरी कंपोस्टिंग व्यवस्था	3c03a97e8d5e42d496234ae0db0e2965
366766705f564b6e993cb1b7389107dc	tuber crops	कंदमुळे पीक	कांद पिके	789c79a19f724c5eb6df119ed982d7b7
0b4363e09e874c0d9b6602bf24140aad	tray nursery	ट्रेतील रोपवाटिका	ट्रे नर्सरी	b44cbfe4782143868428354d5c37d5c8
d854403b87c34f279dc9950bb8de0651	under-fertilization	पोषक तत्वांचा अभाव	कमी खत	8a48610212d04d1aaeba80bcf7aa76d2
3536fc2367354278addcb91a1102958b	urban gardening	शहरी बाग	शहरी बागकाम	7f2f2fe52c5f4d778825dafaa1f1a963
3270bb791781477aa995dabe1547447a	tulip	ट्यूलिप	ट्यूलिप	c4b902efdab24e94908aeb6acd9dfe00
e6ada04bc9d2479ea3d2144be2186a1e	trap cropping	सापळा पीक पद्धत	सापळा पिकांहा कापणी	947e370a856848d3b1529cfdd8535f32
1040232d40cd45eb8124e78f044d6068	ultra-high-density planting	अति घन लागवड	अति घन लागवड	82307e776b3243b289843988bfb482b9
8c4f21f750d647b2a3d61f5ee7f6edcb	vector control	वहन करणारा किड नियंत्रण	वेक्टर नियंत्रण	f9345d02ebc6451e973960da97e6f135
4fcf8b3948624b8db17b71da5a625696	soil quality	मृदा गुणवत्ता	कादवा गुणवत्ता	559d8b57640b4b2ba7dd79626b42fd47
d44e44e8b25e46b6989728bf4a81eccb	value-added product	मूल्यवर्धित उत्पादन	मूल्यवर्धित उत्पादन	2b9e88152f19475087b45b9bf5e2b590
bbc450e5b41f41d3930a0c0d1d2df84a	urban agriculture practices	शहरी शेती पध्दती	शहरी खेती पद्धती	1c209fbef758472b90e4217477e07a25
cbfaf4ba0e7a4c5c896d8ab15ea6c3ec	urban fringe farming	शहर लगतची शेती	शहरी उपनगरी खेती	479203deaaee47e8b6c5603b929a71cf
ae99f08104ba4142aa9041e481b47f0f	ultra-low volume sprayer	अति-कमी घनता फवारणी यंत्र	अति कमी प्रमाणाम फवारणी केनारो	9ca1b3bf4ca64d279e6d1b71c17c7c3a
4b7c024bcbde4c4f9db5baf814509ab3	soil surface crust	मृदा पृष्ठभाग कवच	कादवा उचेने थर	ee8af7e2a1fe4f89b725627de7b166c4
3b8c94fa6be54fd294714c8667427cc5	soil redox potential	मृदा ऑक्सिडेशन-रिडक्शन क्षमता	मृदा रेडॉक्स क्षमता	8efb92ffda6f4fdca26e53b93a9948c5
8ffddcb8128c422ebcd1e7bf9c81ccd1	soil phosphorus fixation	मृदातील फॉस्फरस स्थिरीकरण	मृदा स्फुरद स्थिरीकरण	87c04963de4f486fbca2770d13b927f8
8067a36631f746abb053d42a79195510	soil solarization	मृदा सौरकरण	मृदा सौरकरण	372eeadb16334d93a6bc8bfbcffc28da
6be74fdce059480b9e02322217f4d4f1	vacuum packing	निर्वात वेष्टन	व्हॅक्यूम पॅकिंग	8b244db3e53547c7a5a984c6a2352b15
ed3c38a165b34cb2b53039846fff8db3	triticale	ट्रिटिकल /गव्हा-राई	ट्रायटिकल	605ee8e9a63d43bb83626d0a976ef3cd
75a78c36c950445b9473d60a23d30f06	underutilized crops	उपेक्षित पीक	कोमी वापर वेनारी पिके	161a2767e2164951971f9e9fa2f379a4
7834c8dfc86d409c8f72561d4cb41692	upgrading seed	बियाणे दर्जा सुधारणा	बियारो हुदरावनु	de5af9b53165420a96c366080ffda3fd
88396e88598343d4bffa137ae83486f0	soil quality assessment	मृद गुणवत्ता मूल्यांकन	मृदा गुणवत्ता मूल्यांकन	faa41db0a99a48cabba585b2d1161267
a7cc282c135e4575afcd6d9c86d6c886	trapping	सापळा	सापळा	b8e4b7699232459491a79617d5bbe5f0
074daf76b1cf4d2e8806bf0a4053228f	variable rate fertilizer	बदलत्या दरातील खत	बदलतो दर खत	94fc35e99f70416ea20e0aa35531676a
74253896cbed4d858a3bda8ec07e6ac8	soil sealing	सॉईल सिलींग	मृदा सीलिंग	7228052c4455488c82fd78418aa650ee
2038bd40f7fb4cb2acfeafcd8b6217bf	trap plant	सापळा वनस्पती	सापळा वनस्पती	cc6df310af14404181ddf8d91a709b2e
27d7261a5dd24d879e1101656f10176e	soil salinity index	मृदा क्षारता निर्देशांक	मृदा क्षारता निर्देशांक	5349578193c24c359ec72e7e9e002c0a
70e294704f65468d823c1ac126d7ca76	soil ph meter	मृदा सामू मापक	मृदा सामू मापक	b5af1bfd87a64c1cbc1315cfcb9c6c5e
1d889ac4ebbb4fc8bb97444db703bfa1	under sowing	अधोपेरणी	पोरा ताहा	9b0dee7a519d402884575013417a879c
443ef63a184843c490e6a0332870c4da	trap light	सापळा दिवा	सापळा लाईट	6120be3ab848410da4c4bac236e38925
59e335b759db4e41958344227853fe56	variable rate application	बदलत्या दराचे तंत्रज्ञान	बदलत्या दरू वापर	1602a52709814969b5f41593cc50e8de
d45cf2464a954fa193a570f4d6c3db8a	soil restoration techniques	मृदा पुनर्संचयन तंत्र	मृदा पुनर्संचयन तंत्र	5c73fb77713f40f48066b82c22642dfa
80bf6f262d2f43318a54e39cf2a562d6	unilateral control	एकतर्फी नियंत्रण	एकतर्फी नियंत्रण	646307b9f9824a5a8a9a5a7cc2a69bdb
d93b391004b746b988f95d231080c300	soil profile	जमिनीचा उभा छेद	मृदा स्तर	4b4cba93b84240aca3160f8ea11c65b4
5ebad7442dc349c1a56f554863491fb7	trap cropping	सापळा पिके	सापळा पिकांहा कापणी	9e07ff5078274a5d95e3ac225cdf7091
7f2d1db7feb649b58df65720662a2957	soil structure analysis	मृदाचा रचना विश्लेषण	मृदा संरचना विश्लेषण	7a803476565e4d6caff4cc77de879c5e
c1ffa2bbf40a423fb1e54b422e2042c4	turnip	शलगम	शलगम	3a0fee3493224cc692b6df8f7b55b1e3
b13d82dc91cb43838d7346964f1009d5	urban farming initiative	नागरी शेती उपक्रम	शहरी खेती उपक्रम	f7ec6e8e2dd242f8a6853900d94a3342
8f264ca647fc488795a8b0630a832006	turnips	सलगम	शलगम	787459e2e0f14e12971e02d2730c4b9f
a57f8cdc96d3431abd250be92eb39c9c	soil quality improvement	मृदा गुणवत्ता सुधार	मृदा गुणवत्ता सुधार	1445ce0bfe7242048f17242801d7636b
cc2ac4b4ca38447d8e91686545f803d4	triangular planting	त्रिकोणी लावणी	त्रिकोणी लागवड	47dbea58d035419298bea43500ce987a
690e7de481ca49bb9412376c9c5f87ee	soil restoration	मृदा पुनर्संचयन	मृदा पुनर्संचयन	7fa1a6901426476d948ab568a65b0275
9c2befdd28414a0a87621e44daf2f1cd	soil sensor	मृदा संवेदक	मृदा संवेदक	45c81e5bd71142e6bdf446fdf8881ab8
2fc218ecd4824702b20c4cf8951d27f9	urea coating	युरियाचे आवरण	युरिया लेपनु	acf4511a1088472aa5606c071fe7a4aa
c5c534cbb71e4846a6d300546c6d09df	varietal purity	जातीची शुद्धता	जाती शुद्धता	4d8d098062514fc0b63347c6237953bb
eb24e6d20e654d63bcda49c136245b44	soil ph correction	मृदा सामू सुधारणा	मृदा सामू सुधारणा	d649c7c2f8dd4c0cbc9546eb1a9068cf
1277c75e6003493eb4234de4b8668594	vapor pressure deficit	बाष्पदाब तुट	वाफ दाब कमी	bba27ccf2f374b08b89068512eae1c77
9e64107e9b024bcfb35c17c194460c3c	soil respiration rate	मृदा श्वसन दर	मृदा श्वसन दर	54066dee91e2444488ca4da32e4b75d5
4806ac53a2034f958eb8fd34b48a13a6	soil porosity	मृदा सच्छिद्रता	मृदा सच्छिद्रता	26a45fdd1c4d46b0a43b186f8846d1fe
b598b9cd742549b686491bc43b55c8ab	soil seed bank	जमिनीतील बियाण्यांचा साठा	मृदा बीज बँक	8c6a400abb1b46ddb8125047b424ba50
fd61a8390ae74cd286566ade895cb971	vanilla root rot	वॅनिला मुळ कुज	व्हॅनिला मुळकुज	d32289435b6249b28c5250ee675f4943
886998fc5220455cbee7bafc450693f9	value chain	मूल्य साखळी	मूल्य साखळी	f573c6d68aad4d7e8d56c37640a0a354
ccce1105bc524b618ad6d394d07a14b7	urban farming initiatives	शहरी शेती उपक्रम	शहरी खेती उपक्रम	352118a6e44447fea156294b72fad33f
fd8bd33de6fc4c62ba69683ba6591910	vanilla	व्हॅनिला	व्हॅनिला	9d7b7b5b72dc4fe49460143601b5cf7b
12fad39c38ba4b478627adae981204de	soil respiration	मृदा श्वसन	मृदा श्वसन	e4779279499148aca7b7d6083cf5c867
8fde648167de4cd6bd39b17030e4fb84	soil structure	जमीनीची रचना	मृदा संरचना	c4558ecc86c14bc2b53df748d99c5940
ffb4963b3fa54d62ad6da0b530b4a8bc	vascular wilt	व्हॅस्क्युलर विल्ट	रक्तवाहिनी मर	61e351af0a844bae9a1d1c9c6c65fd28
8ceca96453cc43ca9ee50b3ae0924c6b	soil suppressiveness	रोग नियंत्रणात्मक माती	मृदा दाब	adf68ba2fb6f41cb97c1ee43c81ce554
7e7a315f02304534b5eb4349f000af9d	turnip black rot	शलगम काळा कुज रोग	शलगम कालो कुज	783394645b734737b2eabd5875461c17
ccd895469470443b85465474fd5c8282	soil potassium deficiency	पालाश कमतरता	मातीम पालाश कमी	1379f9afe38c4eed8aeca426fa6b7aa1
c7f8e36080754329b16d503074233f04	value addition	मूल्यवर्धन	मूल्यवर्धन	d64095e1786e4e0f86acbe53e7a1db85
ed21e6bc8ddc494fb1e41a3bb99259f8	tuber initiation stage	कंद निर्मिती अवस्था	कांद तयार वेनू अवस्था	3c1d6b906a4f457680ade2cae959fc89
3f237e36ee1f496d8dc74ba5884d31e6	soil quality management	मृदा गुणवत्ता व्यवस्थापन	मृदा गुणवत्ता व्यवस्थापन	ce15659e75d74c84b5b564476120cd93
8ad3ee4c94af4c8f8100b64967ec147d	soil profile	मृदा छेदिका	मृदा स्तर	4ec1d6f001054ab4a43da91f362ac54e
999a0d8f50564e9a866c8b8b08fb0564	turfgrass	लॉन गवत	टर्फग्रास	fd9a37da291b473280d6035b50390dad
fffd12385cdb476fb0b195e93a48239a	soil solarization	मृदा सौर निर्जंतुकीकरण	मृदा सौरकरण	1adbdb0915164c3eab3015c2ad6188aa
516232129d574cb6b3873121f1c9e3e8	soil reclamation technique	माती पुननिर्माण तंत्र	मृदा सुधारणा तंत्र	65bfeb5d35bf4aeab884d325d0abf4c7
c06778f75dd1474c9ab29adc40777cb2	soil regeneration	मृद पुनर्निर्माण	माती पुनरुज्जीवन	faefd04021424cacb61957aa24e9c709
5159426c785244d4abb583b0fd6b7b83	umbel	छत्रक	उंबेल	8ec113aac62e416ea443824036fe9a46
15d6dedb5a954d0da26dacefd71dfcd0	vapour pressure deficit	बाष्प दाब तूट	वाफ दाब कमी	55246deee099482691f9df3b24c444ff
31c177f4d31a40979276dfb0eaca65d0	soil profile study	मृदा थरांचा अभ्यास	मृदा स्तर अभ्यास	8d0906ae6726427a96bbcaae5ea72b41
632b632490de40dfabd9c1792ce89346	soil redox potential	मृदा रेडॉक्स क्षमता	मृदा रेडॉक्स क्षमता	28287d381f964ad78aa2aed976d53e34
c893f42101f84747b37ccd4150d2a830	trap cropping strategy	सापळा पीक धोरण	सापळा पिकांहा धोरण	95096bed2ce54fc1907d1d86da34ecbc
88720829ef144f7c8cd2ca428fcaa310	soil sterilization	मृदा निर्जंतुकीकरण	मृदा निर्जंतुकीकरण	5ca55ba147e24d6dbb9b8fa34d389635
17266b120dcf4772954c79b2deaafa47	vekhand	वेखंड	वेखंड	5b5d1ea280c74106b70e55074756ffb3
8983a192c47d410eacdcdcd125e42e50	soil temperature regulation	मृदा तापमान नियंत्रण	मृदा तापमान नियंत्रण	54f47ebbc0ff4ee2af2213105b9da540
b518569cedeb4ed6aaacd03b249d4d89	soil porosity level	मृदाची सच्छिद्रता पातळी	मृदा सच्छिद्रता पातळी	083b30fab40f45b59f9be6a46c60ebe7
646ac5ad3ccc411eb593bfe6331d3d6c	uv-protected greenhouse film	अतिनील संरक्षित हरितगृह फिल्म	यू.व्ही. संरक्षित हरितगृह फिल्म	7978c8fea2274d50a0b0e01c3a4ba691
3338bd0ecbb24cc7b9592fbf6cdfa578	upov convention	युपीओव्ही करार	यू.पी.ओ.टी. करार	94a5d5349eb443cc8e576b93e1e84aa4
aae1c09125f14ca8b138c8dee0a0974e	tussock grass	गवत गुच्छ	गवत गुच्छ	1a7599bc15654566b51122dabbea90e5
455a5db98466484c8d3fea4cfb563811	soil remineralization	माती पुनःखनिजीकरण	मृदा पुनर्रचना	dd7c87bd4598479eb0561fce62f8b2ec
be541766c26c4dd9af9f6d3caface90c	turmeric rhizome fly	हळद कंद माशी	ऐदा कांद माखी	274e4402aa4a434fac25c7db33265c69
6f7e4116b470419e96b6a7f163891ccc	turnip aphid	शलगम मावा	शलगम मावा	6e169854f8074e7a9a450691be1ae515
8561c5c8c5fd435fba95941178961ee7	leaf area index	पर्ण क्षेत्र निर्देशांक	पानाहा क्षेत्र निर्देशांक	6fc0ba4fc53143cb806c5ea62081889b
fbf7140ee58e451b99572dc9fc457b4e	livestock feed quality	पशुधन खाद्य गुणवत्ता	जनावराहा चारो हारो	8d6527533c7f4785a9ffbf20e4342b81
880f92b730774e70aa73133d6a951a27	livelihood diversification	उपजिविकेची विविधता	उपजीविका विविधीकरण	053cd584ed2b4dc89373f802d8fd52ac
581c00395f5d4089a8ffcf068fab364d	overhead irrigation	वरून पाणी फवारणी	उचेने पाणी देवनूं	92353361cd654de19b0a6b6ffce264d4
940b9646cf054c3ebc332add3fed506f	leek	लीक	लीक	f642dc642c974a6a820c6d4341f0b7ba
769b938975994dee968420adf0ae8177	land management	जमीन व्यवस्थापन	जमीन व्यवस्थापन	830e0231c7db4540bddc86ff266a144f
d76799299b1b40b79c437dfe0ac9dfcc	landrace	स्थानिक जात (landrace)	देसी जात	57e25a71eead472c98a3143486ef1c01
a36b91380f734b48a829e8a2c1aabd8e	light interception	प्रकाश शोषण	प्रकाश अडथळा	8ea3d119967c473695b6750cb239a5be
1be49ed015bf46619fe5e9459a93df3e	lateral bud	बगल कळी	बाजुने डाहगी	1b3208541fce41b18be0fa4813c746dd
8ad2c6e39c3c44119648f7cf8e80e694	leaf bronzing	पानांना तांबूस झळाळ	पाने हुकावूनु	db19563b902a4299915428a7e0f8d7a0
fd590880d08c4126ad2b1d4097ab7e26	leguminous cover crop	शेंगायुक्त आच्छादित पिके	हेंगवर्गीय आच्छादक पीक	695ac8f608fb42c2ad2a1938c4970030
548ef19675ef4512986628f12642d2b2	leveler	लेव्हलर (जमीन सपाट करणारे यंत्र)	सपाट केनारो	13155e321387411d9dc85e06ff821e5b
2faf12b0a88a4e5596da859981e71580	land rehabilitation	जमीन पुनर्वसन	जमिनी पुनर्वसन	732a870715b247bcbef1687e0fb79fb3
ca20b0ac206943259510b6647b7bc9c6	leather production	चर्म उत्पादन	चामडा उत्पादन	99a6078a167945ca8125300c7fe325b9
4adbea432d9f4c15ae2643fe9c280ebd	land conservation	जमीन संवर्धन	जमीन संरक्षण	369e01c463134eb08a39f84db5b18017
ab6e735ed7ad4181bc4a7b67fb41e782	livelihood improvement	जीवनमान सुधारणा	रोजीरोटी हुदरावना	526e1267edf84ad39f9d75171b6672b8
d5e0057252744d99917432d4e5a25056	lima bean	पावट्याचा प्रकार	लिमा बी	8dc1b0c0a7ef4ddd9fe2245eb2cd9860
4d4c6910d7794c60a2573b4db3883b84	livestock feed management	पशुधन खाद्य व्यवस्थापन	जनावराहा चारो व्यवस्थापन	6ee4c0d9af8f4774bcb5109b165b36d6
f72e13d9591642c88cd90f06b260d247	livestock feed efficiency	पशुधन खाद्य कार्यक्षमता	जनावराहा खावनु कार्यक्षमता	fd5dd6023bef448693f506fdc647748f
40cded374dd84d47a2c3a764581e1d51	legume crop	कडधान्य पीक	हेंगवर्गीय पीक	1b7d2143f3494568903f183d46379400
a5b9df5ccaf342d893d5860e731037c7	laser land leveling	लेझरद्वारे जमीन सपाटीकरण	लेझर लँड लेव्हलींग	f898b307009a4e659b4f5fa55d6b8a2c
b5eee7dfa9f8468db3ae12b7b446189b	leaf area duration	पानांच्या क्षेत्राचा कालावधी	पानाहा क्षेत्र कालावधी	755e8fb70b2c496eb5b9c44e9ae9bbfa
bccf73b157e342348ee3a944ebf0bab8	leaching	झिरपण प्रक्रिया	पाई मुरनू	ffc09ca8ab85421cb4081fdfc3fca833
b67cd0b814d54717b967ad2cd793f3ca	livestock health and disease management	पशुधन आरोग्य आणि रोग व्यवस्थापन	जनावराहा आरोग्य आन रोग व्यवस्थापन	fec7e3f83eae43b981bab2fcae95ba45
81ba96e3ed0744f8b46b733a33501715	leaching loss	निक्षालन नुकसान	पाण्याम मुरनू नुकसान	8bb6f6b8c21743f3ace218c631635747
37e75cdcc66a475d9b3a3d5ecaed6375	leaf fertilizer	पानांचे खत	पानांहां खत	dcaccc7713914d5bbdf465d42dbed216
826eaa28496b41298dc62c513b850390	livestock census	पशुधन गणना	गावडाहा जनगणना	6cd063f8ac1a421393a1dcb14f6f9f02
dfe174c0ef954b33a738f6c1a06c3212	land restoration	जमीन पुनर्संचयन	जमीन पुनर्संचयन	94ca8a978875426a8c2dbb84c6fc2386
fd56df96d8e34340abc774cb5295ba7d	land shaping	जमिनीची आकारनिर्मिती	जमिनी आकार देवनूं	6ad362a2189d4602b2a259264386c8fd
2ea98895e28341c0b5770b24e19be213	leaf nutrient deficiency chart	पानांच्या पोषक तत्वांच्या कमतरतेचा तक्ता	पानांम पोषक तत्वांहा कमतरता तक्ता	20d91b420b6e458293f6b67a26c8646e
2172364326034979b335bf4f902343e2	leaf senescence	पानांचे वृद्धत्व	पानांहा म्हात	6a4eb5f71c5c4093b4ad74caea1f2a39
9c657d98232a4d30be806f140678a42d	land preparation techniques	जमीन तयारी तंत्र	जमीन तयार केनू तंत्र	d957c48a43e9487cb29f9c2d62680178
c5da0d83978a452fbdc0177e2bc518ae	land use planning	भू वापर नियोजन	जमिनी वापर नियोजन	b206475556004dba944884436a7801c7
cb038b0c2a8843b58193b97cf4dd4c96	livelihood security	उपजीविका सुरक्षा	रोजीरोटी सुरक्षा	85658395539646ebb8c43e5048f911f0
996ccd26b60a42dd8f7355b8da1eaf97	leaf wetness sensor	पान ओलीचे सेन्सर	पानांम ओलावो सेन्सर	15d3ed318cb1414391d8e3fa4e57a842
e43c4fa542b342eda38beccbccab6ef4	livestock breeding practices	पशुधन प्रजनन पद्धती	डोगराहां पालन पद्धती	d437fbe5816b4ba791d9336bbec6079f
27d64d3a3fbc4ff1b904ca0bcaa3188b	livestock feed formulation	पशुधन खाद्य निर्मिती	जनावराहा खावनु दावो	90e98690dec14a19b1598a463bd428b5
695afcefd6df4787aaa8c325b04433d2	light interception by canopy	छप्परद्वारे प्रकाश अवरोध	चाडाहा सावलीकी उजवाड रोखूलो	7555a92d703d488ba1707aeac0fba70a
5642636d1c4d449bb4294be1efe58422	overgrazing	अतीचराई	जास्ती चारो खावनूं	76bc3ce53bf245d28205b5ff4c49e97d
1cb94a99c06a453a8c1889b47d4152f8	livestock breeding	पशुधन प्रजनन	जनावराहा पैदास	7604edc277474718b52d761d74cefb4b
f5cd799a9bc9436e903304eaa9169225	led lighting for farming	शेतीसाठी एलईडी प्रकाशयोजना	खेतीखातोर एलईडी लाईट	658dea1ceec84eafa9ddbde5dfbf4d92
e2b5c2ab607940b1bb782302e3dd1737	land tenure	भूधारण पद्धती	जमिनी व्यवस्था	8668bb2a578e444ba069005b1436f2ee
50b94e3165b5490e84c1c0d4a30f9ade	light interception	प्रकाश अडथळा	प्रकाश अडथळा	651c1d5fc4764c64a77c50b476fbb298
ce4bbbb657a243c8a7a649b50a624dd9	leaf blight	पानांचा करपा	पानांहां करपा	694f9a43f03046f49770d49afb896cbe
5678da32e3a64c29bb4ba7652bbd184c	light-sensitive variety	प्रकाश-संवेदनशील वाण	प्रकाश संवेदनशील जात	a469cc5d2fa749339f745bfa53b63479
69fdd94dbe1b4127a0f8e3eb760eeaee	land capability classification	जमीन क्षमता वर्गीकरण	जमिनी क्षमता वर्गीकरण	8e771331551e47bc9b91722691d643e5
24aed270b7dc45018721248541221fa5	leaf color chart	पानांचा रंग तक्ता	पानाहा रोंगाहा तक्ता	043a963a0e244ed3949b2035fa7bd9df
8c1d3e39c1774661853c080f5f1e4752	light interception efficiency	प्रकाश अवरोध कार्यक्षमता	प्रकाश अडथळा कार्यक्षमता	1915b579f5a24fcf87f7abd9e9c09276
ab35c96e20aa49718ac87c34bd2ef16b	livestock disease surveillance	पशुधन रोग सर्वेक्षण	जनावराहा रोगु निरीक्षण	e1525b9c7a6146beb1f04ba7f1f844c5
95e1aa6f049648eb9816970d9cbae468	leaf surface area	पानांच्या पृष्ठभागाचे क्षेत्रफळ	पानाहा पृष्ठभाग क्षेत्रफळ	4b63f089ea884492920580a4f51d8910
76c764f027f34122ae7b313f9d7dd337	livestock disease prevention	पशुधन रोग प्रतिबंध	जनावराहा रोग प्रतिबंध	c9d7ce452ea043a5bb9602165d8c9061
0b692a895c01467e9f3ea3d84ef4566f	livestock farming	पशुधन शेती	जनावरां पालन	9a02e1fa4b9843179e5335d3162eb9e1
ae222a8fa312413b897259aad548ab41	lesser yam (rafula)	छोटा कंद	लॅसर यम (राफुला)	29132442978248fca63b28decf5b135a
d555e9a712ff4a008ffcea5a17eacc91	livestock disease monitoring	पशुधन रोग निरीक्षण	जनावराहा रोग निरीक्षण	334d34ee776d4496a54c73fb95b78107
b2b87b0d7cbc4b3490a8011002d759a0	leaf nutrient analysis	पानातील पोषकतत्त्व विश्लेषण	पानांहा अन्नद्रव्य विश्लेषण	7ee67b1647eb43cbb31a693cb7585d9a
89d91815c52746c0bc78bd57cfbe16f9	leaf scorching	पान जळणे	पाने हुकनू	262d4de2ff62482c994eb968abfdc8ce
260d560089f544cc93021279cbc76dcf	land use pattern	भू वापर नमुना	जमिनी वापर पद्धत	e451536c545641f5bb40523baa10dbdc
207774fae5554f979eb796f3ff09be63	livestock health and welfare	पशुधन आरोग्य आणि कल्याण	जनावराहा आरोग्य आन कल्याण	db65013b96d74494995f8a84e544200a
a5dd3348348146048ff31db6b2462149	volatile organic compounds in crops	पिकांतील अस्थिर सेंद्रिय संयुगे	पिकामेने वाफ वेनारो सेंद्रिय घटक	0b5081f0a9ab4e21b05a5a3a530aa95e
7a888ea41bcf453d97b9867e37c2d5e8	somaclonal variation	सोमाक्लोनल भिन्नता	सोमाक्लोनल भिन्नता	0283b9669be54ca2854ecbfb8f5809de
5007abdeb184419384ce9b2ea2d5dfbc	solar pump controller	सौर पंप नियंत्रक	सौर पंप नियंत्रक	ea9fda37b32a4ff5a56d9f68ca506a3e
841fcf37db3445f9b6436639a00fd4ba	somatic embryogenesis	कोशिकीय गर्भनिर्मिती	सोमॅटिक भ्रूणजनन	81e1a070d53d49e19c629fe0fc4b6a45
2bba2417af134e1097487222bf7734ae	soil-borne disease control	मृदाजन्य रोग नियंत्रण	मृदाजन्य रोग नियंत्रण	7ab396e9529945c187008f9ba1932162
38a69b981fa340c9aec23b048c144207	warehousing	गोदाम व्यवस्थापन	गोदाम व्यवस्थापन	4512157a4cc64981986a095e4df8cd3c
d52750d79d8f4ad38eaa8787048c7ec6	vertical farming systems	उभ्या शेती प्रणाली	उभी खेती पद्धती	dcbec8f11e6b4600b28d8b17623deb78
77e836069b8c44ada7ae40c6c6484509	water holding capacity	पाणी धारण क्षमता	पांय थोवनु क्षमता	6c5d3bc811b34589a3ec7d92004516ca
1a99ba8b11164171babc575f5905c103	viral wilt	विषानुजन्य मर	विषाणूजन्य मर	8ceb6e5db54146eea4600810fb2ccc57
0ff0759ce3714bf199edb34ab3b9e821	solar dryer	सौर ऊर्धपातन	सौर शुष्कक	0fcb61d123ce44d79582c0f2c95bfdd9
79ddaa6a25934e509b1f9704bbee9013	water conservation techniques	पाणी संवर्धन तंत्र	पांय वाचवुनू तंत्र	af5df03bf781413689a19a8303b64c04
1ac3a2fb8344443cbae410a1e5d54a67	soilless cultivation	मातीविना शेती	बिना कादु खेती	ab9abf8021d04ff7b88928b95ff63128
462ed869f8c34afeb2f6ad0d82f09698	soil testing services	मृद चाचणी सेवा	माती तपासणी सेवा	5ff2dc83933348528d286980951566a4
614e36eb7ee546b3bfe93345173df02f	vertical hydroponics system	उभी हायड्रोपोनिक्स प्रणाली	उभी हायड्रोपोनिक्स प्रणाली	c5d221082e924559a2fcc52fe5e472ec
83c68aa77b51492aadc7099e00d1cba8	water deficit stress	पाण्याची कमतरता ताण	पाणी कमी ताण	5ee04317ac884e5fb0a78f927390d62e
e0b97ecaf85a403a9912f87017cb9746	sowing calendar	पेरणी दिनदर्शिका	ओनू वेळापत्रक	93edb12232574ed1bf9536c7e90fd77f
9f2d09f1307e46efa6355d49bac3d48c	water balance	जल संतुलन	पांया संतुलन	ff9255a000b347c395df9dd8b5451111
de4fee33b4404c33bb7fdd1ad4d4f815	sowing stick	पेरणी काठी	ओऊनू दांडो	9bde90eefafb49788f9d530354f4274e
ebc1392e2ff043d9aa44e674c46c4590	vertical farming	उभी शेती	उभी खेती	af9a9805c4424cab8d9afc73571a524c
9b94ade0613f4f34a28cf2fc4d420a64	water conservation technologies	जल संवर्धन तंत्रज्ञान	पांय वाचवुनू तंत्रज्ञान	4879d991074343a8b92c0b5be49c8703
fe77db7590804462b7dec920d5bec5e4	water harvesting trench	बुजल पुनर्भरण गड्डा	पांया साठवणूक खाडो	c8241fb0cc8b45449287ee08c5c19189
fae11c71c6ca45dbb8202f9cd74d9937	vermiwash foliar application	गांडूळ खताच्या द्रवाची पानांवर फवारणी	गांडूळ खतानी पाण्यानी पानाव फवारणी	89f911580d5a404588fd8e41d82230ca
635c2d765b89482db4cdc071beb40cb6	spacing chart	लागवड अंतर तत्क्ता	अंतर तक्ता	48bd06160f0d44d58c90d596865f0fd5
23124a61b78c4c39b7c294959e3fe2f4	sorting	प्रतवारी करणे	क्रमवारी	b6b733f3af6b49bbbaaf448da9e91c21
2dac635d4bb3429b9d4ef312c114f571	water infiltration	पाणि झिरपण्याची क्षमता	पांया झिरपूनूं	95eb7d1ae3564297a9795a292e5c4614
4f8c2d2453454a59bb1fb0eb89064417	solar-powered irrigation	सौरशक्तीवर आधारित सिंचन	सौर उर्जावर चालणारी सिंचन	c5e5dc3f43714dc1a751e48d5e38a8a3
adfdc20569294d22978924de04fafdde	virtual fencing	आभासी कुंपण	आभासी कुंपण	a22b723cdd834df996a24981e2730dc8
4f304826cfe24acdbd17e7c57bec1860	viral mosaic	विषाणूजन्य मोज़ेक	विषाणूजन्य मोझॅक	07b868a4ff1b4880a8b78869103248ca
d018a13ca0e64ce4a6c4dd205b8a054a	water chestnut	शिंगाडा	सिंघाडा	b1526afda36141209713c64ecf81e087
c68353d010d943ee951812027d387a7a	spade	फावडा	ओश्यो	02f6893f5d174f6a89a960629b455ac9
cc31fdfec57942aeb779eacf02cbfbbe	virus indexing	विषाणू निर्देशांक	विषाणू अनुक्रमण	1752b19b4edc49e9b99d516d1c8beb1e
9aa9d88d1eff419b932de4e5dc0dab90	spacing chart for crops	पिकासाठी अंतर चार्ट	पिकांहा अंतर तक्ता	85096eda9a664f0c825ca963f6c93828
37e1aa7615834f26b619af80cdfec0ef	vernalization	बीजशीत उपचार	वर्नलायझेशन	31c34477845f4eb58a4b88d7a7277dd1
68419744afeb4210b1c2b3230a692383	water management practices	पाणी व्यवस्थापन पद्धती	पांया व्यवस्थापन पद्धती	ca9dc8e23eb949b996697cbaba998f9c
086b7ca46a3b40128ec24e5dc4dfa0c2	soil-less potting mix	मृदाविरहित कुंडी मिश्रण	बिना कादुम लागवड केरुलो मिश्रण	499a60452b724287aec8a4dadb5f26b2
beac7c77d5c54f7cb8ce6f77bdef5d2b	vetiver	वाळा	खोडों	309055f1d693439fa09810580510a01c
1804d56523574480983dd9a53af47334	soil textural class	मातीच्या कणांच्या वर्गवारी	मृदा पोत वर्ग	296882119c2644d9bc91f5fc7bee317a
d4b1c5fc78a9446285e44a44d9aa1eae	vermiculite	वर्मिक्युलाइट	हेवायं	d68a432d1eda47e7972fb4f89730f6a3
0f31950e18a1475da950966952a29b98	virus infection	विषाणू संसर्ग	विषाणू संसर्ग	e9a805c47778494794fcfb26e8f32e8b
7166b4d7027d4746969d768d66d0d20b	solar-powered insect trap	सौर उर्जेवर चालणारे कीटक सापळे	सौर उर्जावर चालणारो किडाहां सापळा	5b669ad8e5e0492893644e8ffe34bf96
8e8dc31893274093836bca7a3c972ca7	vertical farming techniques	उभ्या शेती तंत्रज्ञान	उभी खेती तंत्र	8d0f599bfa164aa9bb78551ffe3dbb0c
7ec883c3db08428f92477d4eccc74ae8	water harvesting structure	पाणी साठवण संरचना	पांया साठवण रचना	c0c2ae79c4754810a0ee4063c6229c67
68f2ebbcec98417995e17e7562fa5b69	water conservation methods	पाणी संवर्धन पद्धती	पांय वाचवुनु पद्धती	e47354b886064b62a9757fbf0ac29cad
b59c8e27dcd1425f944362b6bc6c63a4	solarization	सूर्यप्रकाश निर्जंतुकीकरण	सौर ऊर्जा	2a5e7507583e45be807c12789d10f402
1995bb05fc074a41a03a415ce673993b	soil thermal conductivity	मातीतील औष्णिक चालकता	मृदा औष्णिक चालकता	23b3bb53097a4cd7b5a7dcc8dd9f6843
d618b6136d074491b1b9fa33d79982cf	water efficiency in agriculture	कृषीमध्ये पाणी कार्यक्षमता	खेतीम पाण्या कार्यक्षमता	8bfe9c1d69ea459dbab5cef4010398b3
7f189030805f4085bb781ba11d2fc690	solar water pumps	सौर पाणी पंप	सौर पाणी पंप	f13ca1732de449d195b2877cd06204e2
14d398509a3a4a00baadaada967c26e6	solar pumping systems	सौर पंपिंग प्रणाली	सौर पंपिंग प्रणाली	307b2f7beae243f185287d29eab4bb88
26b3d0e47f4f43b5a05951502c58552a	soil water holding capacity	मृद जलधारण क्षमता	मृदा जल धारण क्षमता	788b097d02cd414dbe597eeb77c37a80
8a7450d2c0b746588471529d54edf8eb	water budgeting for crops	पिकांसाठी पाण्याचे अंदापत्रक	पिकांहा खातोर पाण्या नियोजन	708fb9d00c0f4e7889691d59a39b7bf0
f296525ed50b45cd9b9edd6cc45a2e10	crop stand establishment	पीक उभे करणे	पिकांहा उभे रेवणू	d7f998b7363b4d32afb448f74bbb6aaa
d423e181efb44eb79485bf20a22cbb41	alternate wetting and drying	वैकल्पिक ओलावा आणि कोरडेपण	उलटीपालटीन पिजवूनू आने हुकवुनु	d6c668e4e82a4f95a9ccd9eddfd5071a
ce0e04b8caec439fb1ee1fe788e57d6c	crop water use efficiency	पीक जल वापर कार्यक्षमता	पिकांहा पांया वापर कार्यक्षमता	ae16b9188c234fc7bddb76cfaba4b0cc
6bac3c5943674933aa61b7d532f88a6f	agrochemical runoff	कृषी रसायने वाहून जाणे	कृषी रासायनिक अपप्रवाह	c7229674686641299dac3c7993e50548
9032494678944159aa731f4f8ad5e968	agrochemical management	कृषी रसायने व्यवस्थापन	खेती रासायनिक व्यवस्थापन	73aceb160db043ad8bd0bba5b9a165ed
7a33093d17414cebab16044fdb0386ea	air-dried sample	हवेने सुकाविलेला नमुना	हवाकी हुकवूलो नमुना	94b38fe6b3794965a0e3840e990720ef
235a678865aa41abb18986640cb023cc	agroforestry zoning	कृषीवनक्षेत्र विभागणी	कृषी वनक्षेत्र विभाजन	30ae45ac4f3c4eb8b1fe70b2c35d66cb
f1e22f5b36ba476bad0428c2d5d996c2	alkaline soil	अल्कधर्मी माती	क्षारीय जमीन	6342854e055044188d4c56c2338ce8ff
9694a132a6f84361928638e824d161e2	field capacity	शेत धारण क्षमता	खेती क्षमता	d439ef24472d45a48ae000f78c465fd3
0cb6a24e81ce4963943bf5df581cc215	crop phenology	पिकांच्या जिवनक्रमाचा अभ्यास	पिकांहा जीवनक्रम	73ea1bd13c0248ec97824419a0317e47
2adf1139355f49e098a6e04cd456ef91	heat-resistant hybrid variety	उष्णता प्रतिकारक्षम संकरीत वाण	उष्णता सहन केनारी संकरित जात	0a51b815862b4844a387c7851e684664
0174513a9c3547419937ccfdc548a901	alley farming	गवत पट्टी शेती	आल्ली खेती	cfc82fb194ca4c41bc7fb1172069454d
5edc58dfcbcb482a9d6999286f822703	algae farming	शैवाल शेती	हेवला खेती	966a41d2e2fc4ac5a012e9ed8ad5258c
19f375fe4abe4610bf3bf915c73650a6	agrochemical-free agriculture	रसायनमुक्त कृषी	रासायनिक खेती नाय केता खेती	36d3e3ac99154fa594b2add96c72fb19
252e55cb5dc9465c85bfcde0c0af43c1	heat unit accumulation	उष्णता एकक संचय	उष्णता एकक संचयन	f9cc229d6be04be0882f9ad1eabe782a
122e8f227a624ebc8c225e091f11057f	agroecosystem	कृषी परिसंस्था	कृषी परिसंस्था	fafb7e17a0594e689690ae4d341892c3
8bbf483340ef47aa8a82d039cf4ae49a	agroforestry system	कृषीवनीकरण प्रणाली	कृषी वानिकी प्रणाली	2034c4ce4be64751b9b426b9705eb75b
9951e040b129453c89e70e9355399aee	crop residue recycling	पिकांच्या अवशेषांचे पुनर्चक्रण	पिकाहां अवशेषांहां पुनर्चक्रण	d39fde9d4a5345369f19bc07fec346ca
23a797afe5024a23891a4b4704a00742	agroecology practices	कृषीपर्यावरण पद्धती	कृषी पर्यावरण पद्धती	eb15c97a7e794a3aac7e26bd26c12c1d
258cfa66e41142d9b7493437549af5cc	vertical mulching	उभे आच्छादन	उभी आच्छादन	2e35392a8adb493283f56e7fb4f4583b
4b855fbe00374437b8ac7b03784ef497	viral disease	विषाणूजन्य रोग	विषाणूजन्य रोग	9a5e87a222f142298f7ec262e5c76299
709ca19af462412da0aeaae40325828d	waste management in agriculture	कृषीमधील कचरा व्यवस्थापन	खेतीम कचरा व्यवस्थापन	bd5dfe2205e14f48b21a45b94582e436
de6177ee29fe495b94e0e2e15bb8ae05	soil texture analysis	मृदा संरचना विश्लेषण	मृदा पोत विश्लेषण	ae3eb8bec08a40f6b4efaab8101d92a3
da6aeae76b2c4356a9bbd4bacf8bf5b0	soil test interpretation	मृदा चाचणी निष्कर्ष विश्लेषण	मृदा चाचणी अर्थ लावूलो	b634b45a12cd4a5298e8705b54ae2c37
648c6ee43c48409983bec57297fd05b3	vertical farming	व्हर्टीकल फार्मिंग	उभी खेती	b0cd399a54394256bbdc5d5a3900ca6c
9541460d407b46d79db467991c8b3490	volunteer plant	स्वयंसेवक रोप	स्वयंसेवक रोप	3ca15038c857438cbee549dca0bcdac5
30e5e163c134471e8b1405b4436a7d78	water harvesting technologies	पाणी साठवण तंत्रज्ञान	पांया संचयन तंत्रज्ञान	1e6c06b202bf4bb8bca5bc841cd0785e
7e5b13aab1804f038205161be9d90a76	water management in agriculture	कृषी क्षेत्रातील पाणी व्यवस्थापन	खेतीम पाण्या व्यवस्थापन	92c3b59339724b8bacb14a333a6ae771
a6d7e04357cb4ef89ef2540789e40ce4	volatilization	अस्थिरीकरण	वाफ	c55ea66142cc42f0a7863fa108de3e40
2e304f3059e9433593cc073138bbe024	water infiltration rate	पाणी झिरपण्याची गती	पांया झिरपूनु दर	d403a343753d435290fa0d0d6f19a4ff
0d63fe021f2a4e5bb146e5fe1c3cf0db	vermi wash	गांडूळ अर्क	वर्मि वॉश	609fbf47bbef46fba376863a50d678e5
7d5a4df0412d4c1f87c41c1a3b5416e4	solanaceous crop	बटाटा वर्गीय पीक	सोलानेसीस पिक	e8de16a3c3614ecebccbe21d6b3ddc32
9a261630b222465a98474dd297c43773	soil tillage depth control	मृदा नांगरणी खोली नियंत्रण	मशागती खोली नियंत्रण	19cf3c0b09ef4265a13bcb33d8b6f1d8
1b691f5bad0848ad94297185dc6cada3	water budget	पाणी अर्थसंकल्प	पांया अंदाजपत्रक	fca6b48fe526493fb6f174b8db2251ff
9236781f94864f87bac18160f5585350	water audit	जल लेखापरीक्षण	पाई लेखा परीक्षण	3d6353e5702c414e804690a9f79a76e1
3f3f101ad75c4b6587822a5b380f91df	vertical planting systems	व्हर्टीकल फार्मिंग प्रणाली	उभी लागवड प्रणाली	dc80face9e9b4cd7b8962e3c5765b9ab
8fe6e0e69580445db47c038509aed6e2	spacing chart	अंतर चार्ट	अंतर तक्ता	84d1e41f12b5472ba9fc3390a66020f6
9bf9d072e92a4f5ab6704ab6f0155755	soil tillage index	मृदा नांगरणी निर्देशांक	मृदा मशागत निर्देशांक	bcf80209674c45308c4341344a85c4bc
72d93ef2612f4d7d8b4917c4aca14067	veterinary medicine	पशुवैद्यकीय औषधोपचार	पशुवैद्यकीय	373b039158674de595e96949e7682fa9
a0fcabe2a2a64d7dbee0637ce8775aa0	soil testing kit	माती परीक्षण संच	माती तपासणी किट	a436429d93e543a68fa8aff6bbe89a4f
4bfa9eb13fca476abe8d9417bd5ad385	solar radiation	सौर किरणोत्सर्ग	सौर किरणोत्सर्ग	ec37c06f062242b99f248645f89ba1b9
6e3cc629e6e04711be2c739917fa62f3	sooty mold	काजळीजन्य बुरशी	सूटी मोल्ड	25a44d88af5745838cdef0921572b391
7e71a068ab7c4bbdaefadd84249bcb0f	vertical tillage	उभी नांगरणी	उभी मशागत	8590fefcd0bd435ebea3b8dee6c17175
431470b7a3ff4bdbb933ea09af5c8135	water management techniques	पाणी व्यवस्थापन तंत्रज्ञान	पांया व्यवस्थापन तंत्र	536c463d153d460fa59dbcd54e84ed70
b29a23e484464f088d9690948bf4f7a9	soil-borne insect	मृदाजन्य कीटक	कादुमेने किडे	1710919a326a4d78881f4cfb0b94bcfc
10f8102754af4dd898fdb24694b37565	vertical farming tower	उभी शेती टॉवर	उभी खेती टावर	b8981cfaee5a458eafe23b7f1039272e
98945918743a484498fe9cc341ec37ec	spacing requirement	अंतराची गरज	अंतरा आवश्यकता	23bf63171e9849dd9c5f2a1962441924
dc41e1b3ed62432794219cb4e21f2849	solanum tuberosum	बटाटयाचे शास्त्रीय नाव	सोलॅनम ट्युबरसम	b7c2f4ffb4fe4e43ad915a010667e3f9
5823ec9fd8a948bdab8afab492fbf8fc	solar fencing	सौर कुंपण	सौर कुंपण	f5fbf002fedd4afa8ead9e887a4df026
1c66fe93d3b14fee9bc3b80c96033eeb	soil-bound nutrient	मातीतील पोषक तत्व	मृदाबद्ध अन्नद्रव्य	ab5e941f4815441eb9073c12ca631291
2c6224346a9840d39dda70cc2594a14c	wastewater treatment in agriculture	कृषीमधील सांडपाणी उपचार	खेतीम सांडपाणी प्रक्रिया	cbe57758f7474e8b81f944ba17424ea2
dd3ecaced381425a8763affab55f0b50	water infiltration measurement	पाण्याचे झिरपण्याचे मापन	पांया झिरपणी मोजमाप	726d54a992064378ac39bc47bc0b7694
10601e85c5104ffd9ed2981016047974	vertical farming	उभ्या शेती	उभी खेती	4be165b71dec4b95ae3941e08ba630ab
e403563f61d74cf884ff4a747ca1d623	solar irrigation	सौर सिंचन	सौर सिंचन	8ca500156bcd49cdb42d225e8501b3ad
c0ad9463531545fb83115759125c64b5	water pollution	जल प्रदूषण	पांया प्रदूषण	8a5417201f874959b0525fc08bbb7ef5
06ac2880de4e4aa08727228e19cf71dd	solarization	सौर निर्जंतुकीकरण	सौर ऊर्जा	aa392c82ed9d499f9cb32fd940ebb517
27828df668314be28fbcbdf88963fb30	soil water retention curve	मृदा जलधारण वक्र	मृदा जल धारणा वक्र	30645ef321524110bfe413f1460864f1
7e3a3e290cfc4473b98f8b97f13262b5	solar irrigation system	सौर सिंचन प्रणाली	सौर सिंचन प्रणाली	9e887ad1d207485b8ae1ba80b543e04a
4ab33205edd94b20adc73df3ae57fc5b	sphingid caterpillar	सोट अळी	स्फिंगिड ओली	30ac79b9549f4a5296364b8ef6c2056b
0d3dc3e329fb44a685d607527de8f2c7	water efficiency	पाणी कार्यक्षमता	पाणी कार्यक्षमता	c431f6a171ee4d8e94f95b00963d4485
77dec59b360d4c7f8ebd7d7145390f08	vermiwash	व्हर्मी वाश	गांडूळ पांय	153fa324906a48f68a4a6f94c75bd821
9e8025b615fb4c76b1ec018f44b9b813	soil texture analysis	मातीचे पोत विश्लेषण	मृदा पोत विश्लेषण	6b3123946a9547b2a9018c0af1a2a2bc
b66bb04b10a8407b823500741f82b9d5	soil tilth assessment	जमिनीच्या मशागतीचे मूल्यांकन	मृदा सुपीकता मूल्यांकन	c21ce38ac3da46e19034d74896fa00fa
e598bbdbfa944e318a23d0bca9f30a40	soil test results	मृदा चाचणी निकाल	कादवा तपासणी निकाल	f291e72b1afb4c1fa7176f5f5b933ba2
9768b756e7814b498e832052b148d975	sowing density	पेरणी घनता	ओनू जागो	63ba915ea89e4115bb2391eca4f6a720
47dbf0f9e54e4e31b0162d7c46bce9c8	walnut	अक्रोड	अक्रोड	f6a05b985434456488644f2c89f1681b
3c3af63127ad4217b731b1d8ca34fee6	veterinary care	पशुवैद्यकीय काळजी	पशुवैद्यकीय काळजी	db956ee4aafc4d788d5f240fdf8bdcf4
5a4c3b206cfd42818ef62a1740ab4f1d	water management strategies	पाणी व्यवस्थापन धोरणे	पाणी व्यवस्थापन धोरणे	c011d992a27342e4857ae7afb4b988eb
da1883eb454e49e8b1012f90f88de7ac	vertical farming structure	उभ्या शेतीची संरचना	उभी खेती रचना	19f8bf3c7df34363a8dc1dfea0b5e331
434cfc04ba3044ac920dd822dde24d44	agroforestry practices	कृषी वनिकी पद्धती	कृषी वानिकी पद्धती	b5e469ae84f247bf9d1f76ccd1ad9459
13fc5a87a7204eda903c4c1f4c7846f6	agroecological systems	कृषी पर्यावरणशास्त्र प्रणाली	कृषी पर्यावरण प्रणाली	d3456e73591e4c789d977296f1e1c6cb
00e5ab5c63a44bf98b509376b9100d0c	agronomic trait	कृषी वैशिष्ट्य	कृषि गुण	a118a3900f6d43269501f23736b918b1
e6544ed0ca054442b45aa8b5227c70f9	agroforestry systems	कृषी वनीकरण प्रणाली	कृषी वानिकी प्रणाली	ed775f84a63143019f60af2cbf4a235d
f37bf17358344b6faa32f8edbb0e33fc	agrochemical residue	कृषी रासायनिक अवशेष	खेती रासायनिक अवशेष	cdc3bf16ee9945ea9c51ee7a3ba29acc
d91776ded4ff4407b05590dab839db71	crop pest management	पीक कीड व्यवस्थापन	पिकू किड व्यवस्थापन	576bad3dc66b45e2b440a0dc8481c0e8
390249111f6e4795b13b5f7a67a44bd8	agroecological approach	कृषी-पर्यावरणीय दृष्टिकोन	कृषी पर्यावरण दृष्टिकोन	cff5a26e8c0a4d17ae3458395a058580
7295f8d4ac9f49cc8a90e89ca04bacb1	agroecology	कृषी पर्यावरणशास्त्र	कृषी पर्यावरणशास्त्र	e473ae17b9964db28ccf87440ad1aae7
4d9ba695de9749c7aadd4c6f9994f42c	crop pest prediction	पीक कीटक भाकीत	पिकांहां किडींहीं अंदाज	a656b54782a7404991eda1373bca9279
a82c210e23e0483091beaad233f5cb60	crop residue	पिकांचे अवशेष	पिकाहां अवशेष	4e850869e41341f992652b1b0972bb63
14769a983cf24f6eae7d0fee2f36fcd4	air temperature	हवामानातील तापमान	हवामान	acaebd236c744956873ca45c81dc1e62
446c6529f4cd47b3bae8e67bcf602fa8	air layering	गुटी कलम	हवा थर	a02ca024ca984e1fa0e95c299ca8ca11
3948e959971b46f590a0a2754fbb5910	crop pest calendar	पीक कीड वेळापत्रक	पिक किड दिनदर्शिका	d9dd517c416848f0a93e28ed197b3c30
21b0ae48bba24613a5d2b957fb001772	agrochemical use reduction	कृषी रसायन वापर कमी करणे	खेती रासायनिक वापर कमी केनू	e20c3a8f375d42ff8dcfc875101b1692
2ae2896383a54996ba7936e8bb529be5	alley cropping	गवताच्या पट्ट्यात शेती	गल्ली कातरणी	1507b5fd7b8c4545b5065a1bdc4c175a
9c073ca829994396aa45683a0d978889	anaerobic decomposition	ऑक्सिजनविना विघटन	बिना हवा की होडनूं	166cf4d8bf124e70a1ca77d068436388
eba0f1d0b86b407ea8c0fcb2eae7fbe6	alkaline soil	क्षारयुक्त जमीन	क्षारीय जमीन	bfda1f35d37b46cd9d0dc47f0e8b3469
6997ea3d0d114f1e8588ce41cc1cb75c	leaf surface area	पानाचा पृष्ठफळ	पानाहा पृष्ठभाग क्षेत्रफळ	4c85edfa5a5f48da82a088c7d4f47e90
56e16268ea5c4181b421112a1a193f21	spotted bollworm	ठिपकेदार बोंड अळी	ठिपकेदार बोंड अळी	efb1c0f4975a4d7193479c357562ba18
fd59294af7bc4d20bed80363b412cb41	leaf color chart (lcc)	पानाचा रंग तक्ता (एलसीसी)	पानाहा रोंगाहा तक्ता	16db6b64cb964cc89fca146b33149f22
aa378e250d3c45acbc732f886209fdf9	litchi	लीची	लीची	a53f9807000741dbaabe2000738cb804
ed178369773847398485287afc6ea257	sticky trap	चिकट सापळा	चिपकनारी सापळा	587ea9a13a1a49a28dce654e8d08c887
fe2a0674ce4d4fc9b18017fad21fbdba	latex extraction	द्रव रबर काढणे	लेटेक्स काडनूं	04890b89405e4623a9fe2269ece7fea9
5f1b200c20bc4e058fbb2b583e92c864	sprout cutting	उगवलेली फांदी कापणे	फुटवे कातरनूं	f41d7e2b5e504ae19b2f477d6092750b
d7ba171ba14f4b58be85592c88a37633	lettuce	सलाड पत्ता	लेट्यूस	ab62274b7a974019a144dce0f6a961d3
5765b76f76a948398d87301c36324783	stem cutting	खोड कापणे	खोड कातरणी	ccb42084673f40e08b1ec21c6fc7f541
83883dbdc1464355aa0bc7b8049139af	spinach downy mildew	पालेभाजीवरील डाऊनी मिल्ड्यू	पालक डाउनी मिल्ड्यू	803f9aebe4044beba2d3845b091bc544
328fdb7323de4b47ae865e2de2f7aef6	straw reaper	कडबा कुट्टी यंत्र	पेंढा काडनूं यंत्र	887d3c41efa245b68a215cbd66c4e09c
953e01271417491890c87c40afb5079f	ovule	बीजांड	ओवुले	369ca069b2dc4e58b9168b686550edcb
3bd0f76e15d24620aa31a2a7437300fd	spore dispersal	बीजाणू प्रसार	बीजाणू प्रसार	988f37ea88a74392b94e4c8fc3f28a68
102c5481e8784a9885adec0135c1f1a4	sprayer	फवारणी यंत्र	फवारणी पंप	ee952fdfdddc4e4d8ab8bfed7928fae4
07b564cb7dc848499f2a235508025779	spray schedule	फवारणी वेळापत्रक	फवारणी वेळापत्रक	d3b39822d8034eb9834d4e51dcfeba5d
4585974a8c70457d9a9ef7cd551e47df	linseed	जवस	जवस	bc3759edb3ec47588274af19b353221d
a37228d4a34a4cd7ac0ecf9e1ccdff74	spinach anthracnose	पालक काजळी रोग	पालक अ‍ॅन्थ्रॅकनोज	537fdbd2fc784698a48db850a05a0b31
7d02121352314678a033626574173234	star fruit	करमळ	स्टार फ्रूट	27fa09b4b85d491182ca8c5d903bdac4
5f9ea7cd68984175867fa444166f813f	leaf scorch	पर्ण दाह	पाने हुकातेहे	7ff73c083deb4608814d596516f860ca
0b5fec1743064e86a2a2edbce677f3c2	leaf area index sensor	पाने क्षेत्र निर्देशांक सेन्सर	पाना क्षेत्र निर्देशांक सेन्सर	6ba1647079ef4040b6ae7f1f328c9151
3076efdffad1417898f112a69b5727e9	split dose	विभागून दिलेली खतांची मात्रा	विभक्त मात्रा	d02c4f76d4a14361bca4d82249f40d33
0b1706a657da4682a5a2f92392c37853	legume rotation	कडधान्य पीक फेरबदल	हेंगवर्गीय पिकांहा फेरपालट	ba7a09e3305e4b01bd3086ad3310c93e
67957ff255c94150b56ce038f0f4fc65	sprouting index	अंकुरण निर्देशांक	उगवण निर्देशांक	e7f2c9d82059422c8d3b58bc069e9b6c
a3dd461fae074db0afc0a3608b1ef5a5	livestock disease management	पशुधन रोग व्यवस्थापन	जनावराहा रोग व्यवस्थापन	041a86e43efd47d091f889bb73f20cec
14ae9b814a0843df97eb96d30e9b2bef	lime requirement	चुना आवश्यकता	चुना गरज	4564bff457e64202ac9a0c5492d629d9
0e3813188830435bbcc1eb053e608564	livestock health	पशुधन आरोग्य	जनावराहा आरोग्य	faf69501eba74bd18ddbfa5072ebd842
27f003948319442fb4185d28379d44c0	land use management	भू वापर व्यवस्थापन	जमिनी वापर व्यवस्थापन	fb8fd3c7b7c7496195aac54070b5fb09
26305c9f9ef743b59f6a8adb7f5e1295	stem cutting propagation	खोड कलमाद्वारे पुनरुत्पादन	खोड कलम	1c795742f201406bae68c66167a17757
9379b3e102dd4a57be4de46666e5ce1d	straw mulching	पेंढ्याचे आच्छादन	पेंढ्या आच्छादन	04246fa0b3a947a48632d1036b3c297b
777f7edfa8654046b558f16f15db7f0a	stress physiology	ताण परिस्थितीतील शारीरिक प्रक्रिया	ताण शरीरक्रियाशास्त्र	f5708f58bab341c0b6b10e6bd9d93cf0
e106a649368f44b19047dfb939418d55	strawberry gray mold	स्ट्रॉबेरी राखीडी बुरशी	स्ट्रॉबेरी ग्रे मोल्ड	96d12950c3974de199f5a30ce6e541ad
64fc299e76a4451084b7acbfd89fa70e	liquid fertilizer	द्रवरूप खत	द्रवरूप खत	be1b71c8a4354832bb40f1c30ae09c19
55340764b5cd453bb0a5396b50bb847c	leaf turgor pressure	पानांवरील दाब	पानांहां टर्गर दाब	d5fb85fd0d1248f6887151aa94c37920
a89b6c33f12f49ab9e98de39d0774178	leaf nutrient diagnosis	पानातील पोषण निदान	पानांहा अन्नद्रव्ये तपासणी	c5b25edefc4b4b808b2626eb9fe5df66
2271f7a29ae343fea3603939dacf7839	legume cover crop	कडधान्य आच्छादन पीक	हेंगवर्गीय आच्छादक पीक	e911d00789794ad18478e4a4b51f7c21
bdf49d10e50449dd859f608ea706f774	lettuce tip burn	लेट्यूस शेंडे जळणे	लेट्यूस टिप बर्न	af189e3c8e6d49199ede015804df4e7e
ed8febc20caa414381f7ea431756c3ac	strawberry root rot	स्ट्रॉबेरी मुळ कुज	स्ट्रॉबेरी मुळकुज	61f19fa05b0c40a682eb8c518e64fb65
0290da4a6ed54cb787799335ecf4db4b	spray tank calibration	फवारणी टाकी अंशांकन	फवारणी टाकी कॅलिब्रेशन	6f969bc522de4bd1977ce16d3cb71218
5d98cbd4e71a489fb8cae72a63299e76	storage conditions	साठवणूक मापदंड	साठवणूक परिस्थिती	a6545076fa8c42169e98449ca58cdd5a
4a63923699ea47fb862a7197e5d31b8e	straw management	पेंढा व्यवस्थापन	काडवा व्यवस्थापन	927e3804e5fb4b6da6fa7eb82163ad83
71c5287c09224048a6eb60df055c5ed6	sprinkler nozzle	स्प्रिंकलर नोझल (तुषार सिंचन तोटी)	तुषार नोझल	5b0385b3d09147618612846740eff919
a42ac42f2c78408899b667d3b1f16a03	leaf orientation	पर्ण विन्यास	पानांहा दिशा	79529adcee854340b8e62c8b8d94bd8f
0b473560bb6346cd9e46eeb8951996b2	heavy metal contamination	जड धातूचे प्रदुषण	जड धातू मिश्रण	5adbbc8acc5e4fd8ab45e87ad8ec57fd
76289c29da5e427c87616457b663f556	spray drift	फवारणीची उडती धूर	फवारणी प्रवाह	cfb1a5ad901d43dcbe57fb195f00531b
e136ba8d48284a1bb3d7a87ae7f8c8c1	lily	लिली	लिली	d70c7498c8b74f649755973279698b1d
21447df284d546229737aa9a4ec061d6	ozone injury	ओझोन नुकसान	ओझोन नुकसान	3d3209248cd44b11b1d89485a364e858
3a40bc20d6ff466992c03b439744adf7	storage loss estimation	साठवणूक नुकसानीचा अंदाज	साठवणुकीमेने नुकसान अंदाज	d27128bdee034e4db4f9c53e3cf58914
616160f48e2a4b5ba32d7329a180803b	livestock disease control	पशुधन रोग नियंत्रण	जनावराहा रोग नियंत्रण	0d07f73e140a4d62b2a8d007d2819e39
3ceebaedf2b040cda76f49995bf9224c	leaf scorch disorder	पाने जळ विकृती	पाने हुकातेहे	3a5cd4c1c7914eb88257c2866c36806a
1bf100b1e43b47ce98c8ab384d9aac2c	lint quality	सूत गुणवत्ता	लिंट गुणवत्ता	4c04d304911a48289e882b3397d33088
46877a48cb774dabb03ee3c295dd34b1	staggered sowing	टप्प्याटप्प्याने पेरणी	टोलटोल किन पेरणी	eb847991b9ed486b811e78ae8eb5020a
ede69410f1de43e7b821df387b321196	sponge gourd blight	घोसाळ्या वरील करपा	स्पंज तोंब्या करपा	2fbba95c9ee647ed936138602e3b107d
8d6081a3829348c7b933f0ab33494c3a	straw mulch	धान्याच्या भुशाचे आच्छादन	पेंढ्या आच्छादन	27d97641ae2644429a81c4c04272a6bf
ef7a24b585274a428f13a83ad9e236d5	ovary	अंडाशय	अंडाशय	7e83a6a577854c47b037297ccac02ff9
656dc5ca009d4a8cb704af3f54aa723d	litchi leaf curl	लीचीवरील चुरडामुरडा	लीची पाने वाकडी	90953d7d737040a1998d829a79046692
51ff0d9a2fbc427380c9840fe7c0f10a	strawberry leaf spot	स्ट्रॉबेरीवरील पानाचे ठिपके	स्ट्रॉबेरी पानावेने टिपके	9d7f6e838fd246c8b8fd85258fab640d
201757c9ae794ef9ab44959f114c9704	stalk lodging	खोड वाकणे	स्टॉक लॉजिंग	b73ff28d99a247cf8c24f27242cd9373
da375bbf60af42ea9e1100e8433927ad	lai (leaf area index)	पाने क्षेत्र निर्देशांक	पानाहा क्षेत्र निर्देशांक	51a6e8c4c30140ed88d9d595b76e6868
3fc6b9f480164f0898e91f3383dca5d8	lint quality	तंतू गुणवत्ता	लिंट गुणवत्ता	dbe5e66d9a074eb793f4fb583b974aa8
92b226fac1944cf384ff3b1a63322fd5	lignin content	लिग्निन प्रमाण	लिग्निन प्रमाण	386bd963117e446da7fa3e094a6b452c
6669d9c31c904f379f1259daa640df59	leaching loss	लीचींग लॉस	पाण्याम मुरनू नुकसान	3bda30a5f4d540deb6e771fb72d8d346
3e1f55fd1e8c4384bdb096c65471c762	straw incorporation	पेंढे मिसळणे	पेंढा मिसळनूं	8f644009de3442d6bd5ba94b2937c05b
29a129005be64d30bfdd3a51b87a4a84	light trap	प्रकाश सापळा	प्रकाश सापळा	e4aeb99b2b254af699c245f02cd87cb6
8e4702c2511f4c28ad762f2ba2418fcb	sponge gourd mosaic	घोसाळा मोज़ेक	स्पंज तोंबें मोझॅक	a2a7700b05cd4b769f813cdff65db291
a52c920d8b8340068b0047d9bb787d44	split application	विभागणीद्वारे खत देणे	विभक्त वापर	888e5d5c286f494893e001e3afe16261
79c09c55c8824736a0371a4b4c6a393d	stratification	थंड प्रक्रिया	थरवारीकरण	2e4400fde7fe4e1892049300e6ee448c
52ec9174928b4e6ab6aa110a1d6ae8be	spray pressure	फवारणी दाब	फवारणी दाब	9b94670db008412b92d952dedea2ea11
e2db171be1874819bb356d99ffd07328	spray adjuvant	फवारणी सहाय्यक	फवारणी सहाय्यक	9cfd9f5966d84341857e294bcc2300ad
07b53be83dc84429bccfb51deb5e3f61	startup in agriculture	शेतीमध्ये नविन व्यवसाय	खेतीमेने नवो व्यवसाय	a34da5440f6749cca2e4cd44b6e53132
b087a01a19484c89a0257d2fcd13509a	strawberry mite	स्ट्रॉबेरी फुलकिडा	स्ट्रॉबेरी माईट	9217eba1e016458fb674d22275237245
643746f2c6ff40c2a5c0efe853a58919	sprayer calibration	फवारणी यंत्र कॅलिब्रेशन	फवारणी यंत्रांहा मापांहां	a23ef3dea2eb40448c4b7800e78fa328
807430531df2438bacfbd71b856f455e	split dose	टप्प्याटप्प्याने देणे	विभक्त मात्रा	0125abe293454ce7b36b1297e600c0a6
677a69e6d2c74baeaf8b9ea49b525b4b	stomatal conductance	पर्णरंध्र वहन क्षमता	स्टोमॅटल कंडक्टन्स	2d302921f770417eabad5cf0c33261a0
5c76f5f26c6c488a92948b019df0bae7	lateral branching	पार्श्व फांद्यांची वाढ	बाजुने फांद्या	011dd46c974048348a198a800d853a05
2f722f217e41478aa599b870406857f2	leaf area index	पर्नक्षेत्र निर्देशांक	पानाहा क्षेत्र निर्देशांक	743bc3f544504c17af86a9001a4bf872
e0e9a3d02cff4f48b86d7723917d1c41	stolon	उपशाखा	स्टोलॉन	392d0ca4b370486c80530711a4c17bb3
e0bef927f9754fc8988e2e14c42436d6	line breeding	जात संकरण	लाइन प्रजनन	de40f44398ea469eba6ff9f10bdb7865
bfa677a4c893474f8a73a014b924d60a	stress tolerance	तणाव सहनशक्ती	ताण सहनशीलता	1100ea467e094e89b75134cf07403678
5f921b428f7f4ad1a9f92ce7c117ed1c	straw incorporation	गवत मिसळणे	पेंढा मिसळनूं	1f9d925ad48344b39d482742e8b436c7
832bf7ed789e4661ae6bcb4d945f7cac	livestock breeding programs	पशुधन प्रजनन कार्यक्रम	जनावरांहां पैदास केनू कार्यक्रम	0d052e4b0ad748cdb9e1850a8f7827e0
05fff770ca22474795fdaf6fab00a486	spray drift control	ठिबक सिंचन नियंत्रण	फवारणी प्रवाहा नियंत्रण	9fe942fb6674451bb91a53e3a0e254f2
45968a09cd224ab191d65f4ad3a7dbba	leaf color chart calibration	लिफ कलर चार्ट कॅलीब्रेशन	पाना रंगा चार्ट कॅलिब्रेशन	5073d45c8f0b497c8bd5d8698ccb6a44
f1ae8f99a1b84189bb26054c89bdfad4	spray nozzle	फवारा नळी	फवारणी नोझल	2d4264692412427ab786fa4ac05a0a2e
a7eaef5f9250438ea051bfb85c06c2fd	stem elongation	खोड वाढ	खोड लांबो	c31dec441aee424c949423c3ced369bd
ab9d2a22235e42bea654896413fdfc15	live mulch	सजीव आच्छादन	जिवंत आच्छादन	d5e2dc1b41914648afa8e22f35bdb949
a53267285d5a423aa2c6813b416221f1	spray drift	फवारणी उडणे	फवारणी प्रवाह	70ba7603c9124e37b5358ef5f534db88
a9cba6bec9b74f258c3b6e652a6f712a	spikelet fertility	लोंबकळीची सुपीकता	स्पाइकलेट फर्टिलिटी	6b322f58857545b39e6a8b27a94f972e
e78ddec7395c4d5a9d8c2f4c46ca2882	spinach dock	जंगली पालक	पालक डोक	8a85d63d897247e3ba47c98289136e79
f5746ac4fe554fa4a2a873443f04ed33	livestock farming techniques	पशुपालन तंत्रज्ञान	पशुधन पालन तंत्र	60cdbf446f8642b2a96497b33794595f
af749cc8ebfa4942a7b767289a0a4535	stem bleeding disease	खोडावरील डिंक्या रोग	खोड रक्तस्राव रोग	c7fd6b072c8b4fe1ab8ba94c12a1b8d9
9c6540a1d92b43c282bd540b89298ebb	stomatal closure	पर्ण छिद्र बंद होणे	स्टोमॅटल बंद	5fc64a011b9d4f2986719a3cbcdaa9c5
8a3b7ac53a1c445e80e69cf0f02040bc	water productivity	पाण्याची उत्पादकता	पाणी उत्पादकता	a68f407566674f44bee5cb93b3341a6f
c079418a929f40929c9e2f8e2d11c495	land tenure systems	जमीन अधिग्रहण प्रणाली	जमीन व्यवस्था	a5554616af3b485e853353fad768e077
9a82c3ab1c39410bbcd20613fb344f2b	legume	शिंबीवर्गीय वनस्पती	हेंग्या	ef5873f27be24c618b3790b526948a11
6f78108001a04e378a1fc40c96873e47	straw baler	गवत गोळा करणारे यंत्र	पेंढा वाळवूनू यंत्र	4542c64dc82840408aeb60b942e254b4
bc84427448d74e8ebd4541585385b7e3	spore	बीजाणू	बीजाणू	27448d0196c34c34ba55ebf09a5c8588
9be58ae1872c45cf9dc0ba95c24ff524	leaf senescence	पानांचे वार्धक्य	पानांहा म्हात	d96e1a26d66c4c7ea6f3fcb0aa996e58
aa1cd37b7110481ead1b1e7f4583c0f5	stomatal closure	पर्णरंध्रे बंद होणे	स्टोमॅटल बंद	498d5ad345ab4b30a1c5f08bad18da9e
11a1c3c4a04a4cf4aef55b05c7f4c7ef	stevia	स्टेविया	स्टीव्हिया	96650a49740a499f82755de2bfd7e93c
b291cd34243b48cc9c5b1ae949db3986	split application of fertilizer	खतांचचा विभाजित वापर	खतहा विभागणी	946f7a8e8e7248468c0636fc00c9e6e0
94041c10a5ba4237bfa657985f63dd9f	agro-input supply	कृषि निविष्ठांचा पुरवठा	कृषी निविष्ठा पुरवठा	a03380c7d4e248af8b2f7ce4c531acc3
75b436b20ccf4c31b5861fec94f1ba41	agricultural technology hubs	कृषी तंत्रज्ञान केंद्र	कृषि तंत्रज्ञान केंद्र	b14508f4e8c249458d8ea990b4875b83
cca5ecfdb453467e8cb9a59c7231dc8f	bud necrosis	कळी मर	कळी मर	5a234d9de6c14f63a52249b2573528b8
71b49ceb7d764bf98dfdee3620211c01	bud necrosis	कळी कुजणे	कळी मर	ae52b761551a40a6b17182ec52a50057
df82270973b5436090ff28e1ba671f7e	agro-tech startups	कृषी-तंत्रज्ञान स्टार्टअप्स	कृषी तंत्रज्ञान स्टार्टअप	6b4b074b75f3439b805e57d0a6ff554e
096a12c0014541138a40d8ceff39de24	agro-forestry practices	कृषिवनीकरण पद्धती	कृषी-वनशास्त्र पद्धती	b7fd1426c8174d37b83ee4182ba91c70
85eafec3b756453ca0f8441c973a3dcc	brinjal phomopsis blight	वांग्यावरील फोमोप्सिस करपा	वेंगांहां फामोप्सिस करपा	2be8762594b6412c8ae8fc07606a2f0e
8de7a98bc03f499490d8cd258d11ae94	budding	डोळा भरणे	कळी	83e0c8334e0f4c6bb1c558016b3d28e6
d4683b81c70646a4b01d0e66ccad1eb8	breeding for disease resistance	रोगप्रतिकारक्षम प्रजनन	रोग प्रतिकारक्षमते खातोर पैदास	80acb2b79a284f779887386e2ff74f52
2e9d96a3df58487c9c55b41ae3f1d7d4	agro-ecological zone	कृषी-पर्यावरण क्षेत्र	कृषी-पर्यावरण क्षेत्र	8c475d890de146c48c86b60b7eb326d8
9ea49cce37e94fa285d5d1cb177ce54a	agricultural research stations	कृषी संशोधन केंद्र	कृषि संशोधन केंद्र	956c74358e3f450e92fb3a8cbc8bc0df
ee618e7470704e5cb5424887773e123a	agricultural waste recycling	कृषी कचरा पुनर्चक्रण	कृषि कचरा पुनर्वापर	a5543470f4f145b2b42c48590b25c989
7a851cdbd28d4f648cf874a7dfe9dad1	agro-metrological services	कृषी हवामान सेवा	कृषी हवामान सेवा	e7f42727b6214ffb8030335d998cf551
72839c56875d4b40820de1dd68836218	agro-ecology	कृषी-पर्यावरणशास्त्र	कृषी पर्यावरणशास्त्र	11ea4f4f3f914e5b9fc8f95fae636935
671e5a3f6f774f52a9170494464515d6	broad-spectrum pesticide	विविध प्रकारच्या कीटकांविरुद्ध प्रभावी कीटकनाशक	व्यापक पध्दतीकी किटकनाशक	48ffe304c01541e48324f8320026ee7f
68e9e66fdd4a4b9db0d8ee29986a825b	bulk density	एकूण घनता	मोडा वस्तुमान घनता	e1d0da0fb5d04f0b934fd507364f7d00
dd031e8ea00f4a1aad9189453123d5fa	agro-biodiversity	कृषी-जैवविविधता	कृषी जैवविविधता	693d21aa38fc4162bd1cd4464d3a245d
45fd31701af34de89db30a0cb3a5a784	agro-processing industries	कृषी प्रक्रिया उद्योग	कृषी प्रक्रिया उद्योग	ef32299be78f4a6cbd116de30874a786
1da8e009a559498399cefb541191ea3c	agro-economic studies	कृषी-आर्थिक अभ्यास	कृषी आर्थिक अभ्यास	59afed5b8098446f91e821cf91252aad
79a3809055c943e5884f3be097adff9d	windbreak species	वारा प्रतिरोधक प्रजाती	वाऱ्याल अडवणारी जात	618b493d41c748058d7939b7126c6101
d0878578953a45e5bcf9d75eeba7a1e8	tank silt application	तलावातील गाळ वापरणे	टाकीम गाळ वापर	66fb686ed5a94d2aa4e4ba46dcec68c1
fbce1c6ad5d1442d9dc6652fdb931233	micro sprinkler	सूक्ष्म सिचन	मायक्रो स्प्रिंकलर	2e37cf8c0fec4dc2b1a3acd0ac6aef6c
a32ef43f87064315b2a6e95e466a6a83	humidity chamber	आर्द्रता कक्ष	आर्द्रता कक्ष	9e4001136b174309a77fade187e92a1b
b603f5afbad4442ba64c8561be27abe5	zone of aeration	वायुवीजन क्षेत्र	हवा खेळनू जागो	7612bb5a392e4a229a5c3b7b28ec9a25
ed5b408161764aba977fdbfa4aa25542	tamarind wilt	चिंच मर रोग	आंबली रोग	6b6cfa91147a44c2ba080a4911dbfd4e
e9d9b9483d7a4f84adfa11266517f0f5	yardlong bean	लांब चवळी	यार्डलॉन्ग बी	7875027f370946a983b514cd59815b70
460500ee0be04588a009ebb1004a5823	zigzag row planting	नागमोडी लावणी पद्धत	झिगझॉग रां लागवड	a7a2c90c6121479ea79a3c5c0657af67
bf9b4d10031f4ef08d10e3447b566474	micronutrient fertilizer	सूक्ष्म पोषक तत्त्व खत	सूक्ष्म अन्नद्रव्ये खत	47f60cab902e4307ad7d8784c6344c12
8f41a742764347f6acfe8f31d963fcf8	zinc deficiency	झिंकची कमतरता	झिंक कमी	7179d7dffb3a40d983519e7640297fbc
789a9e0c73af4636b702fe750b8def11	micro irrigation	सूक्ष्म सिंचन	सुक्ष्म सिंचन	03b970a3f3db4ea38f899c6f51d3f8fb
055c05ad0d654f2c8fab7ddbe43155e3	yield	उत्पादन	उत्पन्न	f53a5a91f2774a9e80f8ce4ceda9f7f6
7043f16d897049c1bff00c2924ba6b11	women farmers	महिला शेतकरी	महिला शेतकरी	1c5554f6bfe041ab9b870c5a9e434c9c
cf7663f0b5c4486dabab277bba2e36a0	wind pollination	वाऱ्याद्वारे परागण	वारो परागीकरण	eb11eb47aff24af69c3d915464f818a3
81594331c85242a7a205fd4c8449927d	tank mix	टाकीत मिसळलेले मिश्रण	टाकी मिश्रण	394fb037f2a640eb90f55dc262135666
2d6b4691431644489036cdd4e62431e2	zoonosis	प्राणीजन्य रोग	जुनारु रोग	0a33d0f31bed4f3f966d703d7670fc24
2699695b1fcc48dfb09f13af846547f2	yellow vein mosaic	पिवळा मोज़ेक	पिवली शिराहा मोज़ेक	556ea0d7b0ca4d77aa00aff44546e518
3b9b1cf1c796419a96f9a26a7b41ab0a	wind pollination	वाऱ्याद्वारे परागीकरण	वारो परागीकरण	c56bcea7ff254bc7bb3722b5f5a0dad0
83e44c7ea4f24ffbb6e313cf9b278ffb	hydrophobic soil	जलविरोधी माती	पांयाआरी बाठो नाहा वेनारो कादु	81a6b90ec3f14c6b93c206dff3cccbc4
0c645a03e9cd4f7286c4e6203e75f557	zero-tillage farming	शून्य-नांगरण शेती	बिगर खेडूलो खेती	b36128b66e16410284ea157628c6b65e
a3d6d054cf984d93a8d1468a31608f09	wind irrigation	वाऱ्याने सिंचन	वारो सिंचन	557386a7e76d4648adeb1c6a8f8a1722
86a0613f5f554273abe8f5ed4a4990e4	zoonotic diseases	प्राण्यांपासून मनुष्यांना होणारे रोग	जनावराहा रोग	ccb24ea29b5a4229afd7cdbe4c8b3b1f
6c53ae8982d1433a87e916cc5f96c058	xylem	झायलम (जलवाहिनी)	झायलेम	986401ba08904a7786c816a05ccb45ee
f71b3292882f447bb58f89df49e960bf	yellowing disease	पिवळा रोग	केवडा	58377b0148ef46f8a8d2beec9fb8d573
823fc6b76e3d47e78b4be15134d50b0d	zero budget natural farming	शून्य खर्च नैसर्गिक शेती	शून्य खर्चाम निसर्गा खेती	429d85369d1149b5a1d6cbc0f971f86b
659f5040aec54dc0b0a605f4ff0aa266	microorganisms	सूक्ष्मजीव	सुक्ष्मजीव	d38d3d71b4da414c9ded7597f5e72477
29a66579601449d3a0a15a42d587c55d	zero till drill	शून्य मशागत ड्रिल	शून्य टिल ड्रिल	569e25e7454d41aeb5df0bab68868101
ddc1fec5c78f443b8a392d5b77a10bb6	youth in agriculture	शेतीतील युवा सहभाग	खेतीमने युवा	e3c3ddcfa51646a8990a69f21d2ad4b8
5621f8b286464d82b5dd3bb1d2cd8bec	zinc-enriched fertilizer	झिंक समृद्ध खत	झिंकयुक्त खत	8c8d9ccedb4e412f9a95f2623e644fba
9077c6eeb981470ea8673dd3564aff21	zinc deficiency	जस्तची कमतरता	झिंक कमी	2441d6a5e65648bcaf6b8b7256673c58
c7ab4566be5f4e38b239335c20ddab19	silage production	मुरघास (सायलेज) उत्पादन	मुरघास उत्पादन	b9742fb3c3f94e6bbcc7d2e4d3f760b4
a330d30301b0458885f631aa1b641a5c	smart agriculture gateway	आधूनिक शेतीचा मार्ग	स्मार्ट कृषि गेटवे	8d58faab3baa42bfbae810d6460c498f
6bbf518409994564a9055fde0e4a9796	setaria grass (pigeon grass/nandi grass)	नंदी गवत / सेटारिया गवत	सेतेरिया गवत (पिजन गवत/नंदी गवत)	11166bc9b5cc4a2bae66f57737353ad2
4f6c4888ac7c4afab749402c13c81f2d	shelterbelt	वाऱ्यापासून संरक्षण पट्टी	आच्छादन पट्टा	24aa02435d1346de8e70ae12774969f9
9b49edca9b654e3fab467ac4a08f82db	shelf life	टिकाऊ कालावधी	टिकाऊपणा	bb50d85d54c54a68a7bae06747351f96
51d14cb369e74aa6b85abdd8a9964b8d	silage making	मुरघास तयार करणे	मुरघास तयार केनू	36d97989bfbb4f0aa4bff861e1ba425f
f504b09a1f0847a992d86a1cf1532625	shade drying	सावलीत सुकवणे	सावलीम हुकवूनूं	439653dee2374b6fa3de150d02be79db
e2d375049a3348b095e7152eafa5cfc8	silo bag storage	ओला चारा साठवणुकीची पिशवी	सायलो बॅग साठवण	1685b50568b64bb9ad6be4f59b6301c7
922b89ff86844b72a6ecbc5ce725de4a	smart agriculture	स्मार्ट शेती	हारी खेती	fe6670e5f1004abb9b275549059c974c
bd934e86f78a4b91b186faf189c39c84	slurry injection	पातळ खताचे इंजेक्शन	सॅल्यु इंजेक्शन	e3aafd236d9f4a1b87439d3151daa9e7
bf52b1b77aef46adb139d853dd10e048	sodic irrigation water	सोडीयमयुक्त सिंचन पाणी	सोडीक सिंचन पांय	9e2a061c3c444d309e5c6484a2edcd5f
b23e0df92b5541f19da18362367b17cc	smart farm technology	स्मार्ट शेती तंत्रज्ञान	स्मार्ट फार्म तंत्रज्ञान	6539392848f34f6785a0d447c9a6661c
c2faf3637c704c659171a800e8272c1d	soil acidity indicator	मृदा आम्लता दर्शक	मृदा आम्लता सूचक	b16647e6b92a4f41bcc09ba08ca5dc6e
1bd692f5318c4d108467fd9a44cb1275	soil carbon stock	मातीतील कार्बन साठा	मृदा कार्बन साठा	79c35b3fdb374975b78dc530176a00fb
dc2fd7e9622846b3a984215d59481e07	sodic soil	सोडीयमयुक्त माती	सोडीक कादु	b80bce2cb7404f9daf4a50694afe90c8
63022178e6a74484826151f7875e6d7c	sodic soil	सोडियमयुक्त मृदा	सोडीक कादु	66af8ff4d6d043f9bf22723c1f1c5931
66729550d7214268ae13d8a3df87e5bb	smart irrigation valve	स्मार्ट सिंचन झडप	स्मार्ट सिंचन वाल्व	aa71436c4d1c450da44d7f702160999b
46ee5f9d86f148c6973e02b1bee1cdf2	sequential cropping	क्रमीक पीकपद्धती	क्रमशः पीक लेवनु	400d36d8d4274a88ab40778dd552ca0e
513e5c55df6a4b6bb7f5596a913d784e	silage bag	मुरघास पिशवी	मुरघास पिशवी	61573d574ae64060b99ca93aebb4e2b8
b0bdbde106754862b71d10924ebc9d9c	shade net	सावलीकरिता जाळीदार आच्छादन	सावली जाली	f34e5ebfcfb2421590c9610506c5eb3b
d03a9072415a4df8a2558d6e8b19aebc	silage fermentation quality	मुरघास आंबवण्याची गुणवत्ता	मुरघास आंबवणी गुणवत्ता	b10c5b96ef6d429eb9e5dcad858f8771
a8c6dade60dc43e8a6f3ba0a926ed301	serpentine layering	साखळी दाब कलम	सर्पेटीना लेईंग	dd481c59018040f1b9264a643e51ebb1
ea9bca3b2d324748bf69a7ceee3d58a4	soil compaction	मृदा घट्ट होणे	कादू दाबी थोवनु	3c505fec5c3d48c2b1a392928f0524ca
08faf9826caf4e39adbbb5bc5e635009	soil compaction index	मृद संघटन निर्देशांक	मृदा संकुचन निर्देशांक	24cbfa7a5f464130bd853f0984c56716
27d26500a46a4378941c986dd41a24ed	septoria leaf spot	सेप्टोरिया पान स्पॉट	सेप्टोरिया पानावेने टिपके	2a619cfa3c674743877aff7562788f7f
4b33f3c2c7f645909a61c806554799ad	slurry	द्रव आणि त्यामध्ये निलंवीत घन पदार्थाचे मिश्रण	गारा	1e6832d9e026408ca35a225943cb6696
928c40b2b14e4cfe98cd472b8221cee2	soil aggregation	मातीचे एकत्रीकरण	कादु एकठो केनू	092d2f5047454a7682c81d73b8d2f3a1
94f0eeda675d4ab49ea5448c62b21f44	shallow rooted crops	उथळ मुळे असलेली पीके	उथले मुले पिके	5b5360acfc89440a96be12b295dd2c88
5591f4c2755f4b679bc9112750020ab4	softwood cutting	कोवळ्या फांद्या कटिंग	नर लाकडा कापणी	aa236a3f4a3d4b5ea7b1c3ab21eea10c
2b6a4cde15e94b4cbf252cec59b99231	sodicity	सोडीयमची अधिकता	सोडीसिटी	2c0fc48b6fdc44cdbb5556a6b40c8f8f
bdf074f327d44c17a373042d8b0c1190	soil compaction	मृदाचे संकुचन	कादू दाबी थोवनु	5ae72dcab38545d48dca8d2c717dfed2
b633e1192a6346988a96723b8b87a9cd	slow-release fertilizer	मंदगती खत	बागे बागे निगी जाणारो खत	071b88fff85f417b8a0e0ee86d393e8d
2625c094a1dc46d18fbcb0d81ea70f04	sheath blight	शेंडे करपा	आवरण करपा	8add45cd7df04c88b395a41684bee2ce
e957e81f1da04118b0aeaced76f96a45	soil analysis	मृदा विश्लेषण	कादवा तपासणी	586dde2536c7425dadc0edee28756856
8ac73bdcfdc74c18bc7a8f51211c487c	soil biota	मृदाजन्य जीवन	मृदा जीव	012f161c63c14c4a85d6f08f768cf841
37e230e3fab546e393b4e6f808031f72	side dressing	बाजूने खत देणे	साइड ड्रेसिंग	2908a5c1c1a147d2b8ae6a299dc6f3ad
21987c96c1544c82b99102319d5b541a	silos	धान्याचे कोठार	सायलोस	46f5c2a3272d4605bdfb4f0b50993e71
9fc09e594e4e466fbf6efb29b763a19e	shoot elongation	फांदी वाढ	शूटींग लांबो केनू	1d9f9c37ba54470a82e46cd8e73bc7ba
84ff2d1da1c8408ebbe43c341ff42ae4	soil biodiversity	मृदा जैवविविधता	मृदा जैवविविधता	9ebb086427534b58bd6a893c5e93f776
3c141c5533c44b5cad85ba37b6f745f8	soil carbon	मृदा कार्बन	मृदा कार्बन	53f58bd9cc4d4a84bbf7f327dddcf9e3
f3bba5fa90bf4a68a435ae52f68d18ff	silage making	मुरघास बनवणे	मुरघास तयार केनू	7eeaf15e170749809c8a8e352c5b6c9c
52e62044e96c4eb8b920bc31e19284df	soil acidification	मातीचे आम्लीकरण	मृदा आम्लीकरण	054fd72548094c16be628679aa79db38
14cc4157f4464472b85f03019dd368f4	soil capping	मातीचा कडक थर	मृदा आच्छादन	cb62368448ac49ea9a7aaad8be5dde00
f2ec7c39a27644eb85780f8851a0e650	shot-hole borer	खोडाला छिद्रे पाडणारे भुंगेरे	शॉट होल बोरर	80808820a484459abda111ff77f7c34c
846939b226784f0991800e31af71dab1	silvipasture	सिल्व्हिपॅश्चर (वनशेती आणि चराई)	चाडवाहाम चारो	d6bcf6401e974e068c9d4ea94ac94e7c
5d10f6d0f0124509b9d70df3fff11a3e	silage quality	मुरघास गुणवत्ता	मुरघास गुणवत्ता	46103789df7645a7a40ee6e70521a073
14ac1696e64c490eaa89c0be32233a25	smart greenhouses	स्मार्ट हरितगृहे	हारो हरितगृह	68ee6cb5a5424cd6a4532e50eb387011
390b5bc724754858a1a21012e92dc323	soil carbon sequestration	मातीतील कार्बन साठवण	मृदा कार्बन जिरवी थोवनु	6adfa85d5165464d8e3f50ff549b9583
129d6df2af204a939b02338665aea912	smart irrigation systems	स्मार्ट सिंचन प्रणाली	स्मार्ट सिंचन प्रणाली	e506b740f826468186582b06815b5a6f
aeca2689e3b84a019a8bea64456c340c	silvopasture	कृषी वनीकरण पद्धत	वनपाल	e6403ee420f0429dbe078dff46bde65a
e9c7b47cc6b34e03bd048a1de5ba3b40	senescence	वृद्धत्व प्रक्रिया	वृद्धत्व	a3479cdd085146d58c66d09774bcba4c
fb2b0ebc7631465ab813832a1457e459	soil amendment application	मृदू सुधारणा वापर	मृदा सुधारणा वापर	a35ead12695c44199c54a93af95b9d44
8fce92abbb724cb1ac3b914265e14b45	silage compaction	मुरघास दाबून साठवणे	मुरघास दाबूनो	8b99d5827fb44459a59b6ea81b31407f
eaaeab7a7fd541ac82989ff3866e9b91	soil compaction reduction	मातीचे संकुचन कमी करणे	मृदा संकुचन कमी केनू	5f691c95870d42ff847457dd025a9ec3
007df7138523407085a8a626d0d354fe	soil compaction control	मृदा संकुचन नियंत्रण	मृदा संकुचन नियंत्रण	bf8b74c894a4444ab80c9aff938a7ae6
f2c15224ac6d4873b56f500e9aa45399	soil borne disease	मातीजन्य रोग	मृदाजन्य रोग	7e3ea0a082cb40c286c5e95d69c2a1b3
326e7afce1234804867f99462b0cfe0c	sloping land agriculture	उतारावरील शेती	उतारावने खेती	a72609c0ee224b598f7bfb22ac9409e5
652d58094d3c4d09ad9e0ed5b98f1c33	smart fertilizer applicator	स्मार्ट खत टाकणारे यंत्र	स्मार्ट खत देवनु यंत्र	d62528f0484c48099de26facb4078ff9
e6edc17539024b5499a11f1368d1ae73	soil chemical buffering capacity	मृदा रासायनिक संधारण क्षमता	मृदा रासायनिक शमन क्षमता	37443050379a4a2a9f96668e8b8c40ad
fabc58b542834c74a2d2c021c50f41ae	site-specific weed management	ठिकाण आधारित तण व्यवस्थापन	जागा विशिष्ट खोड व्यवस्थापन	22a6964f9f41468ab0e2d4b6274cb161
3f47d1d1791d4272b1d71f00858a9104	smart farming technologies	अद्यावत शेती तंत्रज्ञान	स्मार्ट खेती तंत्रज्ञान	216fc0901ebd4626b1ebcff2c9105157
c2490259e3db45b9847cce4f90b08102	shading effect	सावलीचा परिणाम	सावली प्रभाव	eeffcf95d9be47eaa7d26fdc013cc53e
4c423a7ecfd34d5ea6db0d17b2b90358	soil amelioration	मृदा सुधारणा	मृदा सुधार	d4dddabb017742d3957bc7e11bab1b4e
9ba783ad96964ea39655b314dcf79aa0	sensor-based irrigation	सेन्सरवर आधारित सिंचन	सेन्सर आधारित सिंचन	18fc318a1f014e0e815420d4a092989b
24e6911b00484060940e8cf1dc181109	shading techniques	सावली निर्मिती तंत्र	सावली तंत्र	37244b1cbe5c4c429ca17ca342383d81
743d83f927664ac0964c59dfc6ce413d	silver oak	सिल्वर ओक	सिल्वर ओक	37280d04c0e7451c8890d3f732d590a2
cbb4616d15cc4e65a8204c8aae513efe	silage fermentation	मुरघास आंबवणे	मुरघास आंबवूनु	1b3a4a586b6344859bc5c18c895ab20e
9a1bfba3d13d4ee4aedb518ef23edead	soil compaction resistance	जमिनीच्या धूपीला प्रतिकार	मृदा दाब प्रतिकार	846ed8f736c244daaf89109988bbd503
2bdac9fac9f846ccb55ec67e21d04f4f	shattering	दाणे गळणे	फुटविणे	4b104eaa4aec49a1ba784e48926135a6
732b83ca338443fcba9f9178d19b4455	soapnut	रिठा	रिंगण	e44878ad91644a6eb1d1b8c630ed3666
770bd07816544a9dbe05c90f5891ad72	short duration varieties	कमी कालावधीचे वाण	कोमी दिहाम आवणारी जात	757dc992f5f84c6cae610c017429bb3c
d1c1a8323154434195e18a9e5f5fb37b	sequential cropping	क्रमवार पीक घेणे	क्रमशः पीक लेवनु	02c3651c413f4bc989ff879468ca2894
b8b6c563735d4c5da09fca55171d2fee	soil bulk density	मृद घनता	मृदा घनता	edf89e8620174e8a9296312422a0c183
664064270b754ee3a74d60ef9ab62138	shikakai	शिकेकाई	शिककाई	809781687cf6494fbd0020ad9344bc2b
cd6195c3d09b4d8e89ff4bfc9d064de1	soil binder	माती बांधून ठेवणारा घटक	मृदा बांधणी	2ab833dd32b04b948fa8b6c55cc8ea92
dba26383859747d8bb48a4fb4503520a	silage	मुरघास	मुरघास	7e275992b19d4db38e6db6c02725a2fd
2b55d6a4c92347f4ac6e98c57f2a241d	soil amendments	मृदा सुधारक	मृदा सुधारक	fb45b06cd812476d8a4bca585685870f
b84fe21adb004b14b433d8c84497eaa9	smart greenhouse farming	अद्यावत हरीतगृह शेती	स्मार्ट हरितगृह खेती	b0d2a08bc0fd4374918149a8155a4193
b4a179df03314aaaafcd769959d1a567	soil aeration	मातीतील हवा प्रवाह	मृदा वायुवीजन	061947cf04db46a2a331f6f6c4d9df7e
7513fa2ee65147ff9cd4eb6fbeab71d3	soil buffering capacity	मृदाशमन क्षमता	मृदा शोषक क्षमता	f50ac68ff62a47d8adbf2b1d325c3ed1
7144ba084ea94cec948e0b707ebcdde8	slow release fertilizer	हळूहळू विरघळणारे खत	बागे बागे निघे एहडो खत	35d3875fc0784b0ca2bdbbf15ed19a1c
047a55e372794113a9f3208f479cf05a	sesame phyllody	तीळ फांद्या विकृती	तीली	0eab3316781942c585a6fd3a39130643
7b524b16fd8d4807b446134fd676b4e4	senescence	झाडाचा नैसर्गिक मृत्यू	वृद्धत्व	8aa5cdceb43947adaed8d22134df75f3
777d7a636439433784ed7e7e0143ec0f	silo	धान्याचा टॉवर साठवण	सायलो	a40b0958fb294196a224f848e6ce7420
c9613d32fbeb46c8a5a2294273201fc1	silage pit	मुरघास खड्डा	मुरघास खाडो	3d0b41b845a8410ea0bd8dd7010569e1
4ab77ca5f15841bf9ce3f07d530e707c	smart irrigation	स्मार्ट सिंचन	स्मार्ट सिंचन	693d7d252b624df2ae0f2472f301caa5
6a3c48babf304c15a212383d2dfc056f	soil conservation methods	मृदा संवर्धन पद्धती	मृदा संवर्धन पद्धती	4d3ea3dfbf3d40b88351a1ac349e3269
26f6f1aae1f24ecb86df973b2a78a327	soil biota activity	मृदातील जैविक क्रियाशीलता	मृदा जैव क्रियाशीलता	490e234f5b2d440ab6a45853175d533f
8eb25633c0364c6d841b07d62b228e46	soil buffering	मृदा बफरिंग क्षमता	मृदा बफरिंग	b6a3274e0f1943359b57a127f2549631
f19e691855044e4b9a526897fbd8ab0d	silage fermentation	हरित चाऱ्याचे आंबवणे	मुरघास आंबवूनु	6a439fd85d7b48f4b41e09d39c2b7066
a491e823552449e3833cf83a4d270e7a	smart farm sensors	अद्यावत शेती सेन्सर्स	स्मार्ट फार्म सेन्सर	bfa825c9a34d41ff8e60311315012ab4
c943b16254f3468691325d523f740f79	slaking resistance	सडण्यास प्रतिकारक्षम	स्लॅकिंग रेझिस्टन्स	96d8d1b10fbc464cb6659cdcf10c875a
df11eb29bbfb4e758c40dfe1ff06c8fe	silage	मुरधास	मुरघास	6b33e592d0154db2b79fa1e591d49010
f0a82cac33c84c9b9a4a0fe55677c70a	smother crop	तण दाबणारे पीक	दम कोंडीन पीक	cbeaf33b54df41efb4e8e236f919d763
235984d038624c77840ecf445dc26c20	soil carbon sequestration	मृदाकार्बन संचयन	मृदा कार्बन जिरवी थोवनु	6d3f96bb9e684f1baf8ebfa7ae3af872
09ab62fda1004490a208959322cb8604	small cardamom	छोटी वेलची	हाने वेलची	5c3ad1cddae949388670b4e603f1a093
359d0a1d0e9f427f80a1abb17d8108e3	soil acidity	मृदा आम्लता	कादु आम्ल	44dfbf6fad7c4a619d4acce2365c6d46
d710ebda721142c3b02ff3c03863a443	shade-loving crop	सावलीप्रिय पीक	सावलीम आवणारो पीक	bc1e86d627ee4daab9ae45e2884741c9
a7c2c10fea67442cbd56480782648a2c	soil conservation	माती संवर्धन	मृदा संवर्धन	b81f08e037a14e028d0b90f879a162e2
66c23a3e2b4f40c080e2fd2e6d177178	smart farming tools	अद्यावत शेती साधने	स्मार्ट खेती औजारे	2a0a0327d6b547f28d466659d151f46e
57f2bed5f75f4f35b627ac519e073cc7	sustainable livestock systems	शाश्वत पशुपालन प्रणाली	शाश्वत पशुधन व्यवस्था	78850b03447b433faf8426b8ef107ae1
046f3b406bc94067a1256d95e70e2150	seedling hardening	रोपांची कठोरता	रोपांहां काठोंकरण	06a4bb54ad524c04b2d7f85cd6c442af
5d5683c3cee7474a8138097699e79053	sucker propagation	फुटव्याद्वारे अभिवृद्धी	प्रसार	a8022c136ed3492fa3b6bb42f185f65a
764ef3202055444f8bece04eb7543bbd	stubble mulching	शेतातील अवशेषांचे आच्छादन	पेंढ्याहां आच्छादन	c87e291de4044d628a5d1f63f0c74142
bb17a061569d4fd79b6e001b9a4ffa2d	self-pollination	स्व-परागण	स्वपरागीकरण	3892dd28f3024d4e8b2483f6e1ac29eb
28639ed186794604afbac7847f5a7ba9	seeding depth measurement	बियाणे पेरणी खोलीचे मोजमाप	ओनू खोली मोजनु	60c0067cfacd40119b0ef2933fa30055
223ea816ead440dc9dca4e703235fb40	sustainable agriculture	शाश्वत शेती	शाश्वत खेती	5f331b783bd941b5bba8de7494e17917
120bdee93d8147478f13039d83214a57	sustainable food production	शाश्वत अन्न उत्पादन	शाश्वत अन्न उत्पादन	93608640726942ae8a07260f546d6f67
2bbf617b5d604117817c54b85519ac85	strip intercropping	पट्ट्या पद्धतीची आंतरपीक लागवड	पट्ट आंतरपीक	60aedd4a9fcf4bfa808b95ee42a9e59e
dadf843c44264e66a455d4465848859d	self-pollinated crop	स्वपरागीत पीक	स्वपरागीकरण पीक	25b41c231bcf437bb509cd5c77969dae
7daf98492cfc4bf9837ef54a1eb226e2	strip cropping	पट्टा शेती	पट्ट पध्दतीकी पीक काडनू	72577fe109f8424d9c8e32fb16e29000
347ca0d1009c4169a345cf0dcb62271f	supply chain	पुरवठा साखळी	पुरवठा साखळी	9600f7e8edef4b9bb6e0573ec250ada6
8434239fa43641a7a7b480a08f4428e7	sustainable farming techniques	शाश्वत शेती तंत्र	शाश्वत खेती तंत्र	d5cee0e537d84be695afa52286b1e9f1
b4f47dd485af4c6abb51244a79dcbf60	seema ruba/ paradise tree / lakshmitaru	लक्ष्मीतरू	सीमा रुबा/ नंदन वृक्ष/ लक्ष्मीतरु	71a2612a28b246edb67204bd16bc015f
7169cffb8ff94278b2839c256de9a83c	sustainable irrigation practices	शाश्वत सिंचन पद्धती	शाश्वत सिंचन पद्धती	262f67833b7044c2861525f5e3905363
79f69724be554cabb6994ed111994d9b	sun drying	उन्हात सुकवणे	तोपाम हुकवूनु	3792847beb9e46a7b0599c34c2bfffcc
54b2dbbd0aca45c9b20c1816a71a1df5	stubble management	शेतातील अवशेष व्यवस्थापन	पेंढ्या व्यवस्थापन	423b1b723c4843bd94d434bd36144ef1
fdf7b3d9b679412282253d11af2b1202	sustainable irrigation	शाश्वत सिंचन	शाश्वत सिंचन	f0c0ed51afca494cbbf220f78334057e
406ce4510ed94a3981935fb1bb6c9bfa	seedling tray	रोपांचा ट्रे	रोपां ट्रे	f0e2c8091ebf478cb6ebf854c6c0fc1f
e9044ab728534611baf1b06a4b242c73	surface runoff	पृष्ठ प्रवाह	पृष्ठभाग अपवाह	b50151aa2528456389887ad3d1433fac
1dd9c1e80ece436598b68d1f54730278	stunting	वाढ थांबवणे	वाढ नाहा वेती	9fd9ad2aacf14090bf4008a7d9a35b13
80afcee38bac40428b5688485b9b2e60	seedling vigor index	रोपांचा जोम निर्देशांक	रोपांहा जोम निर्देशांक	c943fa31cc7f47f489cf6195aa6e3722
6424b1b3c7dc421e9500f859ec9bc17b	sustainable practices	शाश्वत पद्धती	शाश्वत पद्धती	340a94f494904d5ca044d9bd354d2344
4d4c1c459a1346c0921115bffb9b399e	seedling root length	रोपाची मूळ लांबी	रोपांहा मुळांहा लांबी	e6e8cd7202d949f29e8ee14f162d97fb
6391cc4aa1094bba8d820d25059bf612	surface mulch	जमिनीवरील आच्छादन	पृष्ठ आच्छादन	1e7b0b2fdb8945a1bdda3ac170b10881
42d42f09cd8e48978c615cb78c6e328b	subsoiler	उपमृदा नांगर	सबसोइलर	99e25d2144cd4b6b8fc9dd33566d66c6
c81c0daf5afa4de2a9e57fbeb0b0863b	sustainable livestock farming	शाश्वत पशुधन शेती	शाश्वत पशुधन खेती	e082553d81414ea3b7a28c0d255a6c4d
c488bd3c1f6f41dc821ed55ca1697f98	swede	मोठ्या पांढऱ्या मुळ्यासारखी भाजी	स्वीडन	16d66caafd3c487c81327eedef767774
3306d29ab2274681a756ccd79efd7275	stress-tolerant hybrid	ताण सहनशील संकरित वाण	ताण सहन केनारी संकरित जात	146b6a331a4642e6a75f17fc71c9ee63
9ab0e9b137864be486806af43415400d	seed purity	बियाणे शुद्धता	बियारा शुद्धता	e39b31b9b1cf423c8c8687392dbd85de
525057ef7a1d464687e111ac2be964a7	sustainable land use	शाश्वत भू वापर	शाश्वत भू-वापर	da55fe45bc664c109b9425bd35021ccf
d9004c0357c24578bdaa7bf2f2ebbd2d	semi-hardwood cutting	मध्यम कठी फांद्या कटिंग	अर्ध कठीण लाकडा कापणी	3c66652c82db44da8c20a98771d4c8b7
740464bb23a74c3f8ad25ec16e46ec17	seed quality management	बियाणे गुणवत्ता व्यवस्थापन	बियारा गुणवत्ता व्यवस्थापन	758dfa65752543c58feb098ded6222fb
65552b7835fa4eafa479dbfff036a4ca	seed quality control	बियाणे गुणवत्ता नियंत्रण	बियारा गुणवत्ता नियंत्रण	a27413d9bc614ea3af0d725fcb5319df
1b41f88818d84e8d838cd0ee431b7419	subsurface irrigation	भूगर्भीय सिंचन	जमिनी एठा पाणी देवनूं	8b3498cdd9da46bca46ad9f6ce40cd7d
c3647a42cffa4c83a6f849bbf78a83d8	sustainable practices in agriculture	कृषीमधील शाश्वत पद्धती	खेतीम शाश्वत पद्धती	2c4f79139fed4295abf71ff2148de889
32aaece12ff6405b820036834844d83b	subsoiler	उपमशागत यंत्र	सबसोइलर	168058dba9264de4ba20830e52851ef2
d9417d5468044983b6a0829883dfb5ac	sustainable crop practices	शाश्वत पीक पद्धती	शाश्वत पीक पद्धती	6f70a81039b540169e7941bf9c5a2090
ac090d9d731c4f52b6a5123c27a4b59d	sudan grass	सूडान ग्रास	सुदान गवत	e48da4e69b624dbc9dd5b096f5d7003b
2d692c65640745b997ca12db622ff6c6	semiochemical	सेमीओकेमिकल (रासायनिक संदेश)	अर्ध रासायनिक	f1bbc160d2ea4e788acd533e7cf7009c
5f87eda5e395477b99cf82ded907427a	seed rate	बियाण्याचा दर	बियारा प्रमाण	f27d40cf4bad40bb89cb898a099a25a3
b3d5c0b339fc4e85b1f041ecee85c62d	seedling vigor index	रोपाचा जोम निर्देशांक	रोपांहा जोम निर्देशांक	ee8c73914e4a43f096a55060dfcbaa9e
e1bc0ad5067e4f00965c87c4efc4ab5d	self pollination	स्वपरागीभवन	स्वपरागीकरण	d0c548cd81914e0c990607fb1fda377a
ea060a243f9a4c3e9357d85157632f8b	surface runoff	पृष्ठभागावरून वाहणारे पाणी	पृष्ठभाग अपवाह	1a4bb960230043cb81d9f38af2f35600
cb19798b3ff046c0b0888dbdae3255ae	sugar recovery	कच्च्या मालापासून उत्पादित साखरेची टक्केवारी	हाकरी	3abdb04639da461d9b1411e3e276cf4e
ef44978bf1f0412687bae823364dea1a	seedling root-shoot ratio	रोपांची मुळे-खोड गुणोत्तर	रोपांहा मुळ - फांदी प्रमाण	ed65d5e6d2f34862911afc7d9a8fc559
c5720aeff77c4a319bc811e723d8cab5	sustainable livestock management	शाश्वत पशुधन व्यवस्थापन	शाश्वत पशुधन व्यवस्थापन	39c208f76856409e92ec0678c2d92080
bb6ebd8fa5db49ecb5bfb9befae3a472	seedling emergence rate	रोपे उगवणीचा दर	रोपां उगवण दर	5364c416ef484332b3c904673ab50ce2
23fa59e83a45431ab7b4af0a4b627538	sunflower	सूर्यफूल	हुरजा फुल	faca0cf367fa4e65b76e40e32acdad46
06749ba50a2d4016a91c36fa6e997408	seedling establishment	रोपाची स्थापनाही	रोपांची स्थापना	ad9c34d5a4ac45b1b4a466f90d83d95a
30408ac576284c4689a333f1a86411f6	sustainability indicator	शाश्वततेचे निदर्शक	शाश्वतता सूचक	e8ad9da8e2f544c38eb093258f306b28
45643a89f5df4dd28127f4fe66fc8836	supply chain management	पुरवठा साखळी व्यवस्थापन	पुरवठा साखळी व्यवस्थापन	c156ccd9e97f4bb392cc6845aae6a825
6df82bfe2beb4ff09cdbfd55636beea5	strip tillage	पट्टी मशागत	पट्टमशागत	8f669219614047dca624f9b77361811d
376da2f89bfc4b2caacf8f40088a7ce1	sudden wilt/ parawilt	आकस्मिक मर	अचानक मर	c31de69ea75d4686b7ad0e0d8cda1474
7b9f2cd3b9944c858e487fbb2e225b4d	seed priming	बियाणे पूर्वप्रक्रिया	बियारा पेहला उपचार	a78765b76bc14f7eb4a44093fdfdc46b
41203fe3631b4250a51604d856a9294d	submergence tolerance	पाण्याखाली सहनशीलता	पाण्याम बुडनू सहनशीलता	9bdac47fff5b4836bcdd7e2705a4c5f7
6785b2b521544caab85c3792cfa2c8ca	subsoiling	उपमृदा नांगरणी	उपमृदा खेडणू	96addae175a2468191c223874a3708c5
fa64e045b9bd43e99c0dfa43eb608e45	seedling mortality	रोपांची मर	रोपांहा मोय जावनूं	b8146633891c4b20a7d2e21a08eb97a0
ab9098a2233f485eaa1c28309f75201f	sustainable nutrient source	शाश्वत पोषक स्त्रोत	शाश्वत अन्नद्रव्य स्रोत	ca40fc316e8848e2885ce84a470d7921
0201b0851c324c7e888cd17424a0834f	seed vigor index	बियाणे जोम निर्देशांक	बियारा जोम निर्देशांक	c1c4ee267c184b7cb95401d21859547b
d2428b420e08472c8a53037c864eda51	stress-tolerant variety	ताण सहन करणारी जात	ताण सहन केनारी जात	8469c57bc6184fb29e453a6dab006cf0
2392f218a08541d0827d6ffdbabb7a26	selective herbicide	निवडक तणनाशक	निवडक तणनाशक	24f635efba3c4f75bd7a13eef99823f8
197ff584d622478990d2e0c2f6d75d11	sucker management	फुटवे व्यवस्थापन	व्यवस्थापन	f3c49467b7814c938d7711f2fab385bf
18ab99c8523648daa1a58fefc6f7f323	sustainable farm practices	शाश्वत शेती पद्धती	शाश्वत खेती पद्धती	d278ab9766e546c683fc64612a19b6cd
d53b50ab33514ec08f3269651b6d9c39	seedling vigor	रोपांचा जोम	रोपांहा जोम	332bbf353cad441fb44a0ba84ca4fc8e
8354b2b15a5d4afda61d02608b70d68f	sustainable agricultural system	शाश्वत कृषी प्रणाली	शाश्वत खेती पद्धत	d58e3bbd919e471f99af0c078c0288b1
f0654ba445a0435d8548ee5ec401ae53	seedling tray	रोपवाटिका ट्रे	रोपां ट्रे	bcae752bfabc4cbd86b1206e81ec2ae3
3a16b01fcee94f5893c9100afc72d992	seed testing laboratory	बियाणे तपासणी प्रयोगशाळा	बियारा तपासणी प्रयोगशाळा	677fceaea9f64e3bbb93d9fc83cd2c21
0e5bdde2450a4132acc32c3804ad49f8	sub-surface drip irrigation	जमीनीच्या पृष्ठभागाखालील ठिबकसिंचन	जमिनी एठा ठिबक सिंचन	68644d1b7d894abba44ee81b318f12a4
19d073821aea4ff7a4a3bb215babaffb	sustainable tillage	शाश्वत नांगरणी	शाश्वत मशागत	1691a9e4ad6141288a2b3f5d1ea3da57
0624354c4b5c4e78b03652e080aa281c	sucker management	कंद व्यवस्थापन	व्यवस्थापन	6a43d6dd45154f27aed1c61cdab3a453
f4e55344d7874cceb7d6f41dd82f49fc	subsurface drainage	जमिनीखालून निचरा	जमिनीमने निचरा	6cb9c5fc5d97416eb49cebb4aca9c245
f8688ac736414f518804be3b9d427b63	seed viability	बियाणे सफल क्षमता	बियाणे व्यवहार्यता	89e30920f355416f988e00c07808649c
affbab0c69a445548eef37236ca046e6	strip cropping	पट्टी पद्धतीची लागवड	पट्ट पध्दतीकी पीक काडनू	f286a4141ad6420fa7830befc5d82bf7
fffbf0abed214a968834d35616200db5	sustainable land management	शाश्वत भूमी व्यवस्थापन	शाश्वत भूमी व्यवस्थापन	27dbef20931f4f3eb71829b47aa1ea51
aeaf23f7750548e8a132b54715baf69d	seed scarification	बीज झुळझुळीत करणे	बियाणे बियाणे	96fcb01b838345e78b1c6c30fa5ec585
6aa8a589b30348ddbf81f3b3d8f44c34	sustainable crop management	शाश्वत पीक व्यवस्थापन	शाश्वत पीक व्यवस्थापन	3e5d52391ed145a5bb212c5a6fa67081
bfd4698f2f76486aa0c8021c7c377179	sucker propagation	फुटव्यांपासून अभिवृद्धी	प्रसार	f0ad93adcb0941f5ab76d47ca87f7fb9
446787fa6e864d1bb327320675a17831	surface mulching	पृष्ठभाग आच्छादन	पृष्ठ आच्छादन	294b7ee68ce4462e943007d4fcfac65f
9eb154488a264a26a6af216d022b457a	sun scald	सूर्यदाह	सूर्य दाह	7cba934dcce14a86957a7d4bd8ce7017
f952ba1954aa463995415574a662fb04	seed viability	बियाण्याची जीवंतता	बियाणे व्यवहार्यता	5654b06c1b2a45568eab4e6f93199a1e
2d9908fd7f9b48358b684654402e6415	sustainable land management	शाश्वत भू व्यवस्थापन	शाश्वत भूमी व्यवस्थापन	79bee4e3bc2341cab72b6a0da0495806
ba7bb81d47d44c1190fcfe47e628b1b4	seed sovereignty	बियाणे सार्वभौमत्व	बियारा स्वावलम्बी	8705ee843e3d4009bc1b4cbd6a31aef5
5cf18751a7f34d2fa3ee74b4e8fa0d70	sustainable inputs	शाश्वत निविष्ठा	शाश्वत निविष्ठा	94eb06c5e2b94a33b7988de056debe61
2e8c058f04234a30b361a407c508bd6f	semi-arid zone	अर्ध-शुष्क क्षेत्र	अर्ध शुष्क क्षेत्र	181b6f103a9a47cd89d5211306e280fb
634dc94d6ee74454be8a94371fff7f56	surfactant	पृष्ठक्रियाशील घटक	सर्फॅक्टेन्ट	3d78a121bbaf408c98e9e40a57a00687
8f36295d58e94045b454e9b0a22b4b92	sustainable irrigation systems	शाश्वत सिंचन प्रणाली	शाश्वत सिंचन प्रणाली	649e6c715185457e9bb384d7139a3130
34f4ee2b442a4033bc936be014f15cbb	sucker removal	फुटवे काढणे	काडी टाकनूं	adf6e0d000ed4b5c9f807dd6a26ff326
e9f9e46c04ba4730a5319740323d4553	seed rate calculation	बने दर मुल्यांकन	बियारा प्रमाण काडनू	9e59a33ab24f4eb9949bf4152599a79f
e7bdfe30a59c4093933bee992f82f18a	subsurface irrigation	जमिनीखालील सिंचन	जमिनी एठा पाणी देवनूं	409fed4dc17d4e19a05138295c6e962b
71e4e951a68048ac9a94cdd77830fdc9	seed quality	बियाणे गुणवत्ता	बियारा गुणवत्ता	216cafde5192414ca6cffa272a6ca1f3
4159606abd394a5bbb267d7d126e50b9	seed storage techniques	बियाणे साठवण तंत्र	बियारा थोवनु पद्धत	0c3c0cd658304cd9862a52681f4606c8
3b7d88e9821a47869e2288d7be215103	surface runoff	जमिनीच्या पृष्ठभागावरून पाण्याचा अनिर्बंध प्रवाह	पृष्ठभाग अपवाह	788bd05435a14136a5ff7a1ca7e73536
70eef1a393cd4f3b9492cdc06b31dae0	stylo hamata	स्टायलो हमाटा	स्टायलो हमाता	7f754bb8ff2d4ba990f185a72631aba3
484d1d4a5d7243dabf0e778c18c27d03	sustainable fertilizer use	शाश्वत खत वापर	शाश्वत खत वापर	3ce7717536314cf3b6af5b2756d51b67
b038d1a20c3746719b3c85c5132f7b40	seed propagation techniques	बियाणे अभिवृद्धी तंत्र	बियाराकी लागवड केनू	0c369f7d62ca4a598402e05e1bd56e89
1c0c731406474e3f8c32632f276a4713	sulfur deficiency	गंधक कमतरता	गोंदरों कमी	f924e162006544938d8b2a3d0467dcd3
cab94a0ca05545a7aa0ef6b4efc7ad2d	surge irrigation	टप्प्याटप्प्याने सिंचन	उचाने पाणी देवनूं	a6ecbed2d988456a87ce935a68b8be24
5e8cb8e997e5405ca5619ac42be5920d	sustainable pest management techniques	शाश्वत कीड व्यवस्थापन तंत्र	शाश्वत किड व्यवस्थापन तंत्र	ea3ade6ef1d4422e9913d43df6516b19
5709bca291d14b938df9db2e3bb46c27	sustainable water use	शाश्वत जल वापर	शाश्वत पांया वापर	fd29c91de28e406ea3b67730a1d63907
b1c0cecf698a417d9864c4ca513aa412	Clean, Dry Sheds	स्वच्छ व कोरडे शेड	स्वच्छ, कोरडे शेड	d2825759a0f84ffda8ab93e48ec9258c
4254405f55f4402895789f47f89dd1f0	Shade Net / Shed	सावलीच्या जाळीचे कवच / शेड	सावलीच्या जाळीचे कवच / शेड	d5b962ebb85d4aaaa2e83a5795af2b50
29ee2e5f2c8b4518b46782cc5232e18c	Stylo hamata	स्टायलो हामाटा	स्टायलो हमाता	1a8c49eb6ae047cea902cbe889c4bab1
c52b6e96f0264b0a8ebc5fa6e7e1ea43	Semi-Intensive System	अर्ध-व्यापक प्रणाली	अर्ध-सघन पद्धत	6544157452f24099bac3dd970bef9583
8674fe9bc36a4f34a9f184b66f631c9a	Self-Employment Opportunities	स्वरोजगार संधी	स्वयंरोजगार संधी	7f31aa71fbf04135aed01dcb120ec9e7
25cdf8df13dc474f926e1317ddd407eb	Clean Milk Production	स्वच्छ दूध उत्पादन	स्वच्छ दुध उत्पादन	fd8936fa61154a6d9137023ce357f85f
a3c2c016b0734b7babd2b242e5fe1090	Ulceration and Nodules	अल्सर व गाठी / अल्सरेशन व नोड्युल्स	अल्सर व गाठी / अल्सरेशन व नोड्युल्स	3681bcda04214db2b05adf90f8a0f5a2
6ebd83e347c14880887f1559f2d713ad	Supportive Therapy	सहायक उपचार	आधारात्मक उपचार	ada1d55221884564b58061cdb593276e
21f8cad733524d279a32b71c308fc2a5	Allergy Testing	अॅलर्जी चाचणी	अॅलर्जी तपासणी	50be6b79cd284ff6ac25740acded4811
ccb96bf0b5294491a735becd205a6c00	Infection	संसर्ग	संसर्ग	ebd79845a40a48c4895f6d24d2b74071
1bf107d80c584108af6ed519ebdddf55	Subclinical Mastitis (Hidden Mastitis)	अदृश्य / सबक्लिनिकल मास्टायटिस	अदृश्य / सबक्लिनिकल मास्टायटिस	078d0b81c709453388d4ea6a65d8980f
e0a7de01577446c6ae8474db4a79766b	Anaplasmosis	अ‍ॅनाप्लास्मोसिस	अनाप्लास्मोसिस	14c1d53e91f24eae9aa956c763e137e6
38199f06e5e84c309374dcfaa85ed462	Fine Needle Aspiration (FNA)	सूक्ष्म सूईसह ऊती तपासणी	सूक्ष्म सूईसह ऊती तपासणी	c6136c3f96fa4759acfd48df14375f77
a5f5383d10224fe6a3e3492edadd4656	Contagious Sources	संसर्गजन्य स्रोत	संसर्गजन्य स्त्रोत	e375cea2804d4277b341f9ad71d91935
6244bec3f402468cb7ac93c866e32dce	Supportive Treatment Only	सहाय्यक उपचार म्हणून वापरा	फक्त सहाय्यक उपचार	8320362d91f44144ae35aa1f6ac425f2
773f20514ad24e699d253a60c1d6646a	tank silt application	टाकीतील गाळाचा वापर	टाकीम गाळ वापर	a7d86353d7e84e4591d0739947a2a195
8f9cc2775eaf49ebbb95c405ac4b8ff2	zero discharge farming	शून्य निःस्राव शेती	शून्य उत्सर्जन खेती	1341b2b5c84342bd93b3bc77176a0b2c
9205b038d4e348fda60ea3f5fb6f8257	systemic insecticide	आंतरप्रवाही कीटकनाशक	पोरिस्थीत किटकनाशक	6ea595ea9547485e82bb925842a8b4a0
1979da1ff1ae4368907fa12d0cae3c13	Sodium citrate	सोडियम सिट्रेट	सोडियम सायट्रेट	d16f5acfef134f35a89cbe80a251ad93
fbc2c8d6c60147a9ab1ecff42dcf7d0c	Actinobacillosis	अॅक्टिनोबॅसिलोसिस	अॅक्टिनोबॅसिलोसिस	a26c8207cdf44fcab5159fe7e5be50dd
559f9203d9f042c0ba7ddacb6b451ac3	Treatment of Allergic Dermatoses	अॅलर्जिक त्वचा आजार उपचार	अॅलर्जिक त्वचा रोगा उपचार	c48f1c68f5ec4230aa81a4abd4ad4b06
8285660a67f6442c8556bcf3e9406fa8	Trace Minerals	सूक्ष्म खनिज	खनिजांहा सुगावो	b5adc6f6985b45a699d073476705a621
4fd6345707d84c16a6a2e5922f4234d8	Modern Fish Farming Methods	आधुनिक मासे पाळी पद्धती	आधुनिक मत्स्यपालन पद्धती	3bd8456166e94602abd632a1dc0ca4b6
72e208bf0ce94c569c804397ab5371d3	Genetic Improvement	आनुवंशिक सुधारणा	आनुवंशिक सुधार	50e73840f5834399bf884919d22efcd0
0f10646b086a438aa8ca3df9b87b6b41	Treatment of Infections	संसर्ग उपचार	संसर्ग उपचार	e655828918b84b6880caf763fba8fe04
fdf11ae564b245f4a1e2b2e39d39c5ac	Dirty Hands / Milking Hygiene	अस्वच्छ हात / दूध काढण्याची स्वच्छता	अस्वच्छ हात / दूध काढण्याची स्वच्छता	0a80dccd4c79452d99d3981c8044cc52
cba2016c821342b6a9131d9905ef8d3e	RAS Feed Management	आरएएस फीड व्यवस्थापन	रास खाद्य व्यवस्थापन	cb3a002d1b54448f91c5b1eb4ac4c68b
41c5a24677c54f4fa8d7e7bed1bb0880	Cytology	साइटोलॉजी	पेशीशास्त्र	56ad9a14a1d74e05952ebcc4959a6c75
85b215f091ad47ae916fb96ff93493a9	Biofloc Technology	बायोफ्लॉक तंत्रज्ञान	बायोफ्लॉक तंत्रज्ञान	8269da19a9f343eca7c3d2020fe2b8bb
eed9ee278cd64632b90f6f844d3c95e3	wood apple canker	कवठावरील खैरा	कवठो	351a982940574067bd7ea27015652a35
1f31f986943841a8b346430c14579bff	yield assessment	उत्पादनाचे मुल्यांकन	उत्पन्न मूल्यांकन	8f499dbc856947a78fc62c077fde7ff9
4b41872ad3f84388a9b84ba173006782	yield gap analysis	उत्पादन तफावत विश्लेषण	उत्पन्न अंतर विश्लेषण	1c48f6f0507b4480b4bb2c3d49349213
fb6bbec31a274b92bf4793a62298360d	taproot	मुख्य मूळ	मुळ	2e103ca89b5940798659ac8f58c2b0e7
06a6c2d3112848bcaa50bd9522eab0d3	zonal cropping pattern	विभागनिहाय पीक पद्धती	क्षेत्रीय पीक पद्धती	6092cf0e7ff14efc8c1cb0d2bc7215eb
1308b7d5e47e49eab8e20e7649436916	microclimate influence on growth	सूक्ष्म हवामानाचा वाढीवर परिणाम	वाढीव सूक्ष्म हवामानाचा प्रभाव	13a4377f01ff4b95b328666d8a3bb4dc
c8adbee5e50c4948b269a710ca71e8c0	soil fertility	मातीची सुपीकता	जमिनी सुपीकता	0319b03b26db4feb83d318e4e364ec4e
1d7c5a856c3345bebabd6d9484afd209	soil nitrate test	मृदा नायट्रेट चाचणी	मृदा नत्रा चाचणी	a4807ed623164c5e97d904b9a0293ec1
333f430e12294db08f40608d54e8baf0	soil microbial fertilizers	मृदा सूक्ष्मजीव खते	मृदा सूक्ष्मजीव खते	e19124be9c974759b2a746385d885158
db398cceb2f84890a6311ad4e6d37902	wind pollination efficiency	वाऱ्याद्वारे परागण कार्यक्षमता	वारो परागीकरण कार्यक्षमता	9b7b72ffd25f4011add2834952d4f729
314cb75bb8da4561929671e7bb765d38	soil microbes	मृदा सूक्ष्मजीव	मृदा सूक्ष्मजीव	f87df6948f45413f90160066ab58d758
185b53fbd37d452d853ab881df891245	soil nutrient balance	मातीतील पोषणतत्त्वांचा समतोल	मृदा पोषक संतुलन	46f5b87da5384dabb02317084206bf88
889eb665880340579bdcf38d7ba21ceb	soil fertility testing	मृदा सुपीकता चाचणी	मृदा सुपीकता परीक्षण	1f9a62718f1c4913bc0f49533312d6b7
93786ad6cb2245f885a76f44355c6d47	soil fumigation	माती धुरीकरण	कादु उखवीन	27dc8826f80c424ab853f148d6e20611
a2a20ced43d44748a618bb6c21657581	soil conservation techniques	मृदा संवर्धन तंत्र	मृदा संवर्धन तंत्र	fcfda2dd873b4f0f8b22c97fcc4b8fc3
2233009988e7439788e4745a82f4ab10	windbreak plantation	विंडब्रक लागवड	वाऱ्या रोकोलो	cf48e7ebdc24499693178c89e5cda7ef
0e514b2d280a4d26b505c82ec003a799	soil horizon	मृदा थर	कादवा थर	e3343bd7f2564f22a26bf1fb8940f8cd
9c8773598c5d463e9f7be96130d24c59	windbreak	वादळ रोधक	वारो रोखनु	386009468f364a41b9b68094f176bebd
05b652d4ede5439db3c7858693a1369d	soil enzyme activity	मृदा एंझाइम क्रिया	मृदा एन्झाईम क्रिया	8d9045c897f643f7a0c20c68312d6709
0dbd009a86f7494088b36b136e7bc91c	soil crusting	मृदा पृष्ठभाग कठीण होणे	कादु थर	5411f28ae0234a2ebc7943512be2d4e7
40147b072c684359aa55b1a90e77e31e	soil erosion	जमीनीची धुप	मृदा धूप	522d3cdfd30346929e8fc59d5752087f
dab122b714e74179b6477b89a42a881f	soil heat flux	माती उष्णता प्रवाह	मृदा उष्णता प्रवाह	1a8d3271b858457092321e954cc51b71
8b8749c294a442c38b5c928894781b7e	soil infiltration	मातीमध्ये पाणी झिरपणे	मृदा अंतःप्रवाह	3780f8558439455098880a86dc961444
8462b2d51ebb416a8132e24d908f618c	soil erosion control measures	मृदा धूप नियंत्रण उपाय	मृदा धूप नियंत्रण उपाय	e9d881079b78489b968886211f41feeb
1fd1804f5aea4411a45031e007a55817	soil microbial health	मृदा सूक्ष्मजीव आरोग्य	मृदा सूक्ष्मजीव आरोग्य	1dcb8944e6ba41c1bebc804d1c5b61a1
a47f0242039441b695f5f0bee1ec2f7e	soil moisture deficit	मृदा आर्द्रता कमतरता	मृदा आर्द्रता कमतरता	2a507911986c48f9bccfe7d8c24654e9
76537d3334d14338ae41029819c6f50c	soil enzyme	मातीतील एन्झाइम	मृदा एन्झाइम	d6421126480e478c897b47d9eb277a84
a999f991a7354c69b9121b58e3cab6e0	soil contamination	मृदा प्रदूषण	कादु खराब वेहे	b035bd2ce9d549699ea3575088bfa1ba
d37727d6fe74414b8c0c0dc5c0b99979	soil microbiota	मृद सूक्ष्मजीवसमूह	मृदा सूक्ष्मजीव	1c3a8544952a48d297cc15a1e9587c0b
b6d8c201ea5f4cce996f73c15d3b63fc	soil health card	मृदा आरोग्य पत्रिका	मृदा आरोग्य पत्र	42b1727d617842b59f868d64d9e16080
5707ecf0ff034070b6b1d99379a7d400	soil microbiology	मृद सूक्ष्मजीवविज्ञान	मृदा सूक्ष्मजीवशास्त्र	1caba50edec24445a02c9ffd3bbc8fa1
19ad2d6493c44abe960170ea4a4fd983	soil fumigant	माती धुरीकरण रसायन	मृदा कीडनाशक	39759c6154cb4d9098f79f0a9c19b758
33063cd942e248ca9357c2a286d3cef9	soil drenching	मातीला भिजवणे	कादु पिजवूनूं	9a1940ff8ae8490a8e9c474218b39b9f
b289c70438a04945b042a4121b7770d8	soil enrichment technologies	मृद सुधारणा तंत्रज्ञान	मृदा संवर्धन तंत्रज्ञान	58cdf6ef7d56496cb4b301ff3e4461e2
f1c91b4ae9814e33a2cbfca587b06aa2	soil leaching	मृदा क्षालन	मृदा झिरपणु	7e71735de08141c48b9ce80dab41d277
b541f87256ac4f319b601094eb9e17a7	soil fauna	मृदा प्रजाती	मृदा जीव	ec0f8194e6994fcbab504a1e6c1bd519
f8d75f8fc7c54cbcb6aa4f01554a3fcb	soil gypsum application	जमिनीत जिप्सम वापर	मृदा जिप्सम वापर	39f35910ce404087b68d7393c6e15204
9f26fa2473974ad5bc0e4147efb73921	soil health index	मृदा आरोग्य निर्देशांक	मृदा आरोग्य निर्देशांक	03111e83b92043c5abf737e5f03b2d5d
99329f6007c9484cb28373e728a79da3	soil inversion	मातीचे उलथणे	मृदा उलथणी	b96594c36f2f4c01971382a31cce0dfa
ce5bf1c5385244dd8a18797092e716c2	soil health card	मृदा आरोग्य कार्ड	मृदा आरोग्य पत्र	9dd8e07b0866449dac77f7529e8c46f6
121d0d10d9a745d2b29ebf04c7e242ee	soil erosion prevention methods	मातीची धूप प्रतिबंधक पध्दती	मृदा धूप प्रतिबंधक पध्दती	18964c323e314326a52fa59844e649d0
a833e01af0364321a3fd7c6cf12fdd91	soil fertility monitoring	मृद पोषण निरीक्षण	मृदा सुपीकता निरीक्षण	0ee157d6403a434ba8d4748dc62d5b8e
5f54031041dc4a9b85b9f3446e00953f	soil fertility mapping	माती सुपिकता नकाशा	मृदा सुपीकता नकाशा	f34b133ebbf14e3b924e397db0c390fa
8c3fbc8fd2eb44dd93242d84b652f340	soil health card scheme	मृदा आरोग्य पत्रिका योजना	मृदा आरोग्य कार्ड योजना	f74296c1b2364cd9b0986d92a7c9b6c5
cdedf02922ad425e87d1770174132652	soil mapping	मृदा नकाशांकन	मृदा नकाशा	0ac2e5476b1947748923a381cf3bccfc
a4be47dae64b45fdbc7ff1f312596d40	soil health	मृदा आरोग्य	मृदा आरोग्य	d434796d78184c1cb44384782af9eff7
85b102314d26449abe86fc03958a77e7	soil fertility	मृदा सुपीकता	जमिनी सुपीकता	15591bf168d7447c81f4fd52b98686ac
4e538501b2f943f3b5c4d511c5975d50	soil moisture sensor	मृदा ओलावा संवेदक	मृदा आर्द्रता संवेदक	ad01bff6c29741d487efdafdf85b26e6
1620ce25f61941779a2c1124a304344e	soil microbial diversity	मृदा सूक्ष्मजीव विविधता	मृदा सूक्ष्मजीव विविधता	595c535e3875406c8d70bca70c51e99f
25cc9d82cb6f4fbba3b4ba583d90f0aa	soil microbial inoculation	मातीतील सूक्ष्मजीव समाविष्ट करणे	मृदा सूक्ष्मजीव संवर्धन	92e787501b454e5d80bfe90192c101f4
ff1c033ce8984fcc92e05a1341614587	soil microbiome	मृदा सूक्ष्मजीवसमूह	मृदा सूक्ष्मजीव	7fe0a0aa2e384e18a622fe4ca34d7521
c16b0e85d3554b0bb68b35d63ee6c0b9	soil fertility management	मृदा सुपीकता व्यवस्थापन	मृदा सुपीकता व्यवस्थापन	ad145056a1a040ac8ba0eab75896ab83
c6974df896f746cb842dbc33dd08318e	soil health restoration	मृद आरोग्य पुनर्निर्माण	मृदा आरोग्य पुनर्संचयन	06735c72e2e54689bfd0b3eda3b6a5c9
11c388cc396441099c5cafa8b0da20d3	soil fertilization techniques	मृदा सुपीकरण तंत्र	मृदा सुपीकरण तंत्र	0fb054888ff04e93802f98c7585702e8
ac7d6a67faf940f1b5600280fbb329b1	soil evaporation control	मृदातील बाष्पीभवन नियंत्रण	मृदा बाष्पीभवन नियंत्रण	fe4a901c6c33493aa13866811ba71101
d03ec54da84143ab9198ece567f0c7e4	soil moisture retention	मृदा आर्द्रता राखणे	मृदा आर्द्रता टिकवून	26e7795a1a094513af69f9f0a4317749
00ffd4036b51499ab73f390f43fedcd5	soil fertility assessment	मातीची सुपिकता मुल्यांकन	मृदा सुपीकता मूल्यांकन	3e85c237ac8a47eda0bed8c0429bc4b3
b15674f0ef1f4adc885760353bd28e56	soil fertility index	मृदा सुपीकता निर्देशांक	मृदा सुपीकता निर्देशांक	2c7bcbadca034d78a290cc6655e530cc
d36602c310f34339b9e0eee716e932bc	soil hardpan	कठीण जमिनीचा थर	कादु	086dec57b4e54137b0b7d46b6043457e
33a6c1eab4d149b1ad2fa01db260f8b1	soil moisture monitoring	मातीतील ओलावा निरीक्षण	मृदा आर्द्रता निरीक्षण	14fc20e954804a999cdd997560c04afd
c298300ca2ec420ba9bb3e16c0a53623	soil fertility map	मृदा सुपीकता नकाशा	मृदा सुपीकता नकासो	2e417f76b207431085c046a254a0e53d
48a3657b34e04f5499d7aa0d74850711	soil moisture content	मातीतील ओलाव्याचे प्रमाण	कादवामेने ओलावो	f436f20b36914c4986648594018c7840
83d6c6d2ff20403693790667dd00408c	soil nutrient management	मृदा पोषक व्यवस्थापन	मृदा पोषक व्यवस्थापन	eb8f20c2b91f415b8700a0f6a78f0e99
11f607f5401e48d2a9c78699ad74b5b7	soil fertility gradient	माती सुपीकतेची श्रेणी	मृदा सुपीकता उतार	c270239078f24e74bc9acd00a1e343c9
7f60781fa7894a4a9526a90c01c9dc8e	taramira	तर्मिरा/रोकेटा	तारामीरा	444698c938bf4b689544ee28e623d27d
eb946e5112fb45adb8298eee198e11db	soil moisture management	मृदा ओलावा व्यवस्थापन	मृदा आर्द्रता व्यवस्थापन	355ab966e68c4de9b1e01162d4d61f8b
524fd7aa58794e3993bfaa154de34d44	soil fertility test	माती सुपिकता चाचणी	मृदा सुपीकता चाचणी	3d12cad911694f8e88f6840ed161850a
b167cbe71ab94219bee7b891655d4231	soil microbial respiration	मृदा सूक्ष्मजीव श्वसन	मृदा सूक्ष्मजीव श्वसन	76316f46ef214c83830f5117795451ad
ad2d5f85db7f406e8b25fc81c861550f	soil erosion hazard	मातीच्या धुपीचा विपरीत परिणाम	मृदा धूप धोको	bf7daa1796884bb283e9c439a212f43c
ebf9369efa4646979286f82a531972f9	soil nutrient testing	मृदा पोषक चाचणी	मृदा अन्नद्रव्य तपासणी	0ef821aa330b4fd9a1b4f8c742c57df1
89ef8e0c5960433588856209fa637286	soil management	मृदा व्यवस्थापन	मृदा व्यवस्थापन	4eddf2a9e6f3402d9d49b0cdb064eaca
9f75d59c0a5f440ab49dcf67bf867412	xylem blockage	झायलम अडथळा	झायलेम ब्लॉक	5d8b885889254e9baf2b1edd2792e4f0
907f6f20317d420ea2d0dfd0f46f791c	soil fertility status	मृदा सुपीकता स्थिती	मृदा सुपीकता स्थिती	b070265041f44260802f1c5ac7e7b64b
7a8f2e8ff56f4dba83d1ae617632e633	soil erosion mitigation	जमिनीची धूप नियंत्रण	मृदा धूप कमी केनू	6ce604b04d2a4897a9b6ed712bb58beb
429b692209f54c6caf424e26fc81379e	soil health indicators	मृद आरोग्य निर्देशांक	मृदा आरोग्य निर्देशांक	4eaa359e5d8042169d96faf439516fdc
689a7af441aa4faea13da832f1fb8309	soil crusting	मातीचे कवच	कादु थर	440ca684a65b463d92d1684b729cd093
9ce7c97cd7d946adbad6e65a7b5a02ad	soil conservation practices	मृदा संधारण पद्धती	मृदा संवर्धन पद्धती	36121c0146c74c31948c6af1d377d7b4
6a09a785f039474795cadf3d3a1a6f9a	soil erosion mapping	मृदा धूप नकाशन	मृदा धूप नकाशा	9efeb41f1b474371a6a4ec9eda792daf
a763d762bcaa473a9d7d55b56f644792	soil depth classification	मृदा खोली वर्गीकरण	मृदा खोली वर्गीकरण	ec1feb6e3551452784f47e42e5d14c48
5b1c74c6a11f49aea45d7dafbdc56a41	soil microorganism	मृदातील सूक्ष्मजीव	माती सूक्ष्मजीव	b8ca7c1cf991465cb08beb3baff8ae4d
5bc72bd4b2544bfc9e99e19aa4699451	soil crusting	जमिनीवर थर जमणे	कादु थर	3a55c5dff89c4945aaef95b05bcdc825
92ff771c69b4417bb7caf6ddbd30d5ef	microbial inoculants	सुक्ष्मजीव संरौप्य	सूक्ष्मजीवजन्य रोगप्रतिकारक	e42eca56fa5f4befabee75eaee1c0fb4
0e10aaec1ff945e991ee4b7ed7bcb9f7	soil erosion control practices	माती धूप नियंत्रण पद्धती	मृदा धूप नियंत्रण पद्धती	fab5084caab249149a652ca6f5f29ada
276899ff1f60412abef56d244d29220a	soil moisture retention	मातीतील ओलावा टिकवून धरणे	मृदा आर्द्रता टिकवून	995988ea0153409fb0cf29da81ea6a95
4962192541344e438b15c488ab70ed8d	soil nutrient depletion	मृद पोषण घट	मृदा पोषकद्रव्ये कमी वेहे	8541176d187c49efa6f5b141d43490d5
a7e23a10605941aa9f22efb9fdf02df9	soil fertilization	मृदा सुपीकरण	मृदा सुपीकरण	7cb0f31a8ec0428fabccb4046313f86f
8dc02ea8f6f84cb7bce17ffc097f58b0	soil health improvement	मृदा आरोग्य सुधारणा	मृदा आरोग्य सुधार	17667546f3c34931b6a41df3596e188e
12a6bd6c176a41638e5e706b0095c359	soil microbial activity	मातीतील सूक्ष्मजीव क्रियाशीलता	मृदा सूक्ष्मजीव क्रिया	33e96d80a15d4ee3beb740d0a1d2204b
5cc553ac461e4f29aa3ea29bba1295cd	soil conservation techniques	माती संवर्धन तंत्र	मृदा संवर्धन तंत्र	06cf1e53856b4b8886c947478c34109a
6913285c15f84a949a9fc1fd950006b4	soil erosion control	मृदा धूप नियंत्रण	मृदा धूप नियंत्रण	51edebea897f4e9eb56105b40a3d1a2e
a53d40c70ab2441797dd857c867cd01a	soil health monitoring	मृदा आरोग्य निरीक्षण	मृदा आरोग्य निरीक्षण	88d157aa72994e6d85e50baf4764e408
9159c33503254fde980627bda5688b1d	soil fertility enhancement	मृदा सुपीकता वाढवणे	मृदा सुपीकता वाढ	8f2a55228c0f4ece854f24b8fb713b4d
6eade24a85e94a61a48a14b2e1a0071e	soil erosion prevention	माती धूप प्रतिबंध	मृदा धूप प्रतिबंध	e9d2f3fe670a4757b12dd462e9f328d6
091f10c3210d42d5bf83ef72d32b5802	winged bean	चतुष्कोनी शेंग	पाखडी वालो चाना	ddefd50f16b64d9e8992f62d3d0cde0e
6ea2c4ff88d14c21add52edbb770d509	soil erosion control	मातीचे धूपनियंत्रण	मृदा धूप नियंत्रण	41be892ba97a4064abb0b8fdcccd774d
2c4372c7e45445c58470c45977acc2da	soil microorganisms	मातीतील सूक्ष्मजीव	मृदा सूक्ष्मजीव	aaeb6f6a7311490fbd989643b9566d3e
52bf23f1993b470b9cb5c9a032e1fa78	soil health management	मृदा आरोग्य व्यवस्थापन	मृदा आरोग्य व्यवस्थापन	6e76e58d56fc433394aad2378b492260
a8877e058a9345cf934cf9162a9554bb	zero energy cool chamber	शून्य ऊर्जा शीत कक्ष	शून्य ऊर्जा शीत कक्ष	653ce379c0a24d728629b77b4510881d
10ebf2cb8a2e4dd287b4c2307cc0e0d0	soil enrichment	मृद सुधारणा	मृदा संवर्धन	655004c2bcc849278718822f53a594e8
8439ae9b684e41318ac69ffca98cf1d2	soil fatigue	मृदा थकवा	मृदा थकवा	cbaab727512b468fbf9025d3f16993be
10792286d9284a41b3ee3bde490e9325	soil moisture	मातीचा ओलावा	जमिनीम ओलावो	7a90cf16e9174149ab73a35a9b526045
4501e86e022d47f0b13bb6b8698d3f89	soil microbial biomass	मातीसुक्ष्मजीव जैवमास	मृदा सूक्ष्मजीव बायोमास	d2a2c68192f9494391baea301b8b8675
d60dfec2867a49d3b45056426931d645	soil degradation	मृदा ऱ्हास	मातीची झीज	48fcde72d1664f17b3a1a4e0a3d0051b
c2f8811eb5174901bf1f4fcc50a33596	soil nutrient mapping	मृदा पोषणतत्त्व नकाशा	मृदा पोषक नकाशा	51d5b306e2a348d9ad18d8c3d9b0cec4
2b6c045555ff406cab081161e348f85d	soil erosion control techniques	माती धूप नियंत्रण तंत्र	मृदा धूप नियंत्रण तंत्र	cc36e14fb9bf413b9bad5596b5070861
9219565407a74219bf309c3b2230ff97	yield prediction algorithm	उत्पादन भाकित अल्गोरिदम	उत्पन्न अंदाज अल्गोरिदम	bd9bbb782fe04d81b2b83d8eaf6b7009
298f73b695214775869593e0a01add72	zuccini	झुकीनी	झुसिनी	24b6eba9ccfe493c801fc8cd209b8db5
82399928f59b4bb481845d0386c50f03	yield gap	उत्पादनातील तफावत	उत्पन्न अंतर	3eb3a44b60574b43a8780d85110316d0
d0ceda84d05d43dbbd5592b6250c07ec	windbreaks	वारा रोधक	वारो ओटकावनू	9ba84770d4824fe498e5fd4fc6d6b920
f5c1c2f391c34a36af134de16c98b9b0	Aetiology	कारणमीमांसा / रोगकारण	रोगू गोठ	5589b77b27c0439c93b0a8c50875f298
b1c599877690404a834024b703fcd4a8	Deworming	कृमिनाशक औषध देणे	किडे मारुलो	9ceb29a13ddf4c0d82c4731aeaf5516d
86a07f906c2c4347baf87949a5c9c7b1	Canine Ehrlichiosis	कुत्र्यांचा अर्लिकिओसिस	कुत्र्याहां एर्लिचियोसिस	537a140395d441439e793f45b5ac07c2
5b06790de5684e8fb3a7d87919cb148e	Calcium Supplement	कॅल्शियम पुरवठा	कॅल्शियमा पुरवठो	5d13a0795f5c41a4a2b5f99b47146441
221c78649cc242789270f8ab9bb96f84	ration formulation	आहार संमिश्रण	आहार नियोजन	88dbfe77c5394dc790cf97d96d024e17
dd38ce110e434fdf96f0117cd0dbd2b8	regenerative agriculture	पुनरुत्पादक शेती	पुनरुत्थान कृषि	8ee074b625634fb388f67a00af79810e
27e0f9418d774f80bf4c4136751555fc	plant quarantine	वनस्पती विलगीकरण	वनस्पती विलगीकरण	25bda96c50c449ddadff08227eba4c96
2ce23cfca5034b9fad5f88758b031c04	plant disease	वनस्पती रोग	वनस्पती रोग	6bff87f8364847d18d22cb70b182b5f1
eb974b3916814524b39e4373dacc7e9c	rainwater harvesting pit	पावसाचे पाणी साठवणूक खड्डा	वहरातामेने पाया खाड्डो	4615a56a793e43b58c09fd638edfbae3
35f96be1d23a445989ad7bf686687512	plant patent	वनस्पती पेटंट	वनस्पती पेटंट	1b08cc28ced444b6a25004a7d2bbac9d
2da9436b19d449abb21c77493806da54	raised bed farming	उंच वाफ्यांवरील शेती	उचल्या वाफा खेती	7e31cc617bfe4a1a81e29f885f6f4e0c
1ce2e2d5bbef450bbacbed457ad93c95	rejuvenation pruning	पुनर्रुत्थान छाटणी	पुनरुज्जीवन छाटणी	9d7ff8bc80de41a1bdf1ad6d0addce22
28d47187013f4b7aacbd49d82218bb29	raised bed	उंच वाफे	उचो वाफा	136d77aa55944b86810ef94e6e22c3f8
9e92e341bac14e2faac482185bb98832	rambutan	रॅम्बुटन	रामबूटान	15f64bcc093d4254aa1e4f5c631f13ca
3c844ba56d784aa993730dd90601455b	reclamation of sodic soils	क्षारयुक्त जमिनीची सुधारणा	क्षारयुक्त जमिनीची पुनर्प्राप्ती	aa71fecf4e3346b2a8d9eddc7c339407
0d295a102f95415f8b11072af30cf86a	Artificial Insemination	कृत्रिम प्रसूती	टुप थोवनू	0c2d6c2195f94d33aa5c2530d275b5fa
0f98d83dfa6449639ddd3ba504c8fb91	Catla	काटला	काटलो	17f73e3999d241b8b1c02f1c12090ce2
97ab29e9da61484797d66fd55d7f16b0	Deworming	कृमिनाशक देणे	किडे मारुलो	59e24df28fba4c7090e028c062d5e093
c3557294261746769aa7cadd1b1122f9	Dioctophyma renale	किडनी वर्म (कुत्रा)	हुनो	cd1325824168422e9181fba643648903
64775eecb3ee4014afd74de15322ab9e	Biofloc Composition	बायोफ्लॉक संघटन	बायोफ्लॉक रचना	19755b0abae54fc0b1d394a8507e631d
cb946ecf05b24293b9a45443a9db9505	Mineral Proportion	खनिज प्रमाण	खनिज प्रमाण	37479f717a2f450b85f6e2fb760ec1f8
c3459a1663c441df8d6d9c088850ea89	Ectoparasite	बाह्य परजीवी	बिहीरापे जीवनारी	ef7db89f04a74fb19746a745ac21c28e
8c7af9d6a46c4c56bf1d8b8e28c99869	Perennial Fodder Crop	बहुवर्षीय चारा पीक	ज्याखा वराह चारो पिक हाय	ff9ce9c5133345e0b87c1d1b5ec03495
beba4230beab4ec58fabf69e3666adcd	Poultry Feed Production	कोंबडीचे खाद्य उत्पादन	कुकडा खातूर चारो	e4a7af686bb84cb6adc5cbd542366bcf
9a3afc79bf30485ca5adee73ac8cbc73	cross resistance	तिरकस प्रतिकार	क्रॉस रेझिस्टन्स	255ccf0d7a804e8e8ad588b40b27850f
e1486fe1733c4e0c9653cd429e8e258d	falsa	फलसा	फालसा	309767caa2f34b7f997f0c65659071d6
b29cd07ae39b47ed91a778e412602ef6	integrated watershed management	एकात्मिक पाणलोट व्यवस्थापन	एकात्मिक पाणलोट व्यवस्थापन	017981ef69664a16aff94f9cacca15bd
885d2ff1932542b8b863a857ad1685cd	integrated nutrient management	समन्वित अन्नद्रव्य व्यवस्थापन	एकात्मिक अन्नद्रव्य व्यवस्थापन	eb48c9475dea4ed1a5d746b9f3da8344
6a20684c142d4ca9a1c889f14fd50594	crop coefficient	पीक गुणांक	पीक गुणांक	5592858f222441b286676320ef81919c
5b8c6465b7eb4e18b7b7c65206c0bd02	integrated pest management strategies	एकात्मिक कीड व्यवस्थापन धोरणे	एकात्मिक किड व्यवस्थापन धोरणे	a4f24cad87204fb891ad430d144086a6
d100b03ee78943a79cfb5e22edeaec5f	cross pollination	परपरागीभवन	परागीकरण	e407770b4dac4a0589b5a42a3ee6a891
bfb5dfa2222b4d5ba27ec12a18883596	systemic herbicide	प्रणालीगत तणनाशक	पिकांहां खोड मारनूं दावो	4f41392e4edb4e36a3be40a9ee271560
0fa7205eeb0541d19e856480d0732b53	Loan Facility	कर्ज सुविधा	कर्ज सुविधा	29094e432c4948caaa220152e0309d53
bc5fe4ca4c55477285c4e202a044dff8	Internal Parasites	अंतर्गत परजीवी	अंतर्गत परजीवी	1a26cef52f5646bba8ad29d8baea30ea
ecf052528b184db9b89d00c98bb89a2c	Genetic Upgradation	आनुवंशिक उन्नती	आनुवंशिक उन्नती	fdf03dbb527c40be979e758b56706133
3ac8d6d4651a4897a81511b2948431cc	taro	अळू	आल	4e7171de32d746168bfa14ecb298cd50
318b408cab0244ecba798f41b96f771f	Starter Feed	स्टार्टर्स फीड	स्टार्टर फीड	7511d58b352a48b1ae69797ab469e9d0
78401a8f090c45d8b262f319dee91e12	Benefits of RAS	आरएएस चे फायदे	रासा फायदो	6b092427649d473996143a35b87e10d5
1abe68a0552d4f2ba90ce8e60dff5cdc	Clean Sheds	स्वच्छ छप्पर	स्वच्छ शेड	485598a0680347a99bb1be21493f358f
1d39ad8a7eed4787a1427d736346e948	Serum	सिरम	सीरम	aae052a0061d4581ad0a1645a8c17660
aa7a26cb4e7d4a57bc9d68b045e871b0	Avoid Indiscriminate Antibiotic Use	अविवेकी औषधोपचार टाळा	अविवेकी औषधोपचार टाळा	b99e632eb2354a698662f7a0fc8daa80
79b22e960ac54c7b9f708aa8fd4383ec	Enterotoxemia (Antravishar)	अंत्रविषार	अंत्रविषार	5040fdee0ede4aeda8b0243273a6fb3e
abc871f37c3b4ac8876bca601a768da7	Cyprinus	सायप्रिनस	सायप्रिनस	0ee92f96b5ca4d8db9d45c5f190351e2
852f71c04a3e42559f8a2c1ae3fbe7f8	Subclinical Mastitis	अदृश्य मास्टायटिस	अदृश्य मास्टायटिस	55891fcfc9e740df9611aa6e61c18164
27ece38edfb94ba8b29eae931ae057ba	Isoenzyme	आयसोएनझाइम	आयसोएन्झाइम	99045dfe12e049ff8c3d6c00fcfb8915
f51cf189f0f54259a1409c1e6256748c	Hygienic Calving & Postpartum Care	स्वच्छ प्रसूती व प्रसूतीनंतर काळजी	स्वच्छ प्रसूती व प्रसूतीनंतर काळजी	36f9eb66b4fa4280b613d75cdb78cec6
b854d7fbd56f490b82e7ddd7422ac380	Enterotoxemia	अन्नवाहिनीसंबंधी रोग	एन्टेरोटोक्सेमिया	ddfd2ec1346b494e8db4d33f54d9d164
1184d678f6c043e185b7be57e65fc8fd	Improper Machine Milking	अयोग्य यंत्र दूध काढणे	अयोग्य यंत्र दूध काढणे	5258e168cbf74f4b93ea99a5092248f1
b90fe4efd705437db32f9cdd5f50d542	Somatic Cell Count	सोमॅटिक पेशी संख्या	सोमॅटिक पेशी संख्या	f84a751aa9394aac9608fa80c500f6e8
15aecec3a6024eb59745a71df797306e	Somatic Cell Count Reduction	सॉमॅटिक पेशी संख्या कमी करणे	सोमॅटिक पेशी संख्या कमी वेहे	42285299ded444b68d235427b8c851c3
d62c5a8c335e41409117384581cf2872	Food Safety and Standards Act, 2006	अन्न सुरक्षा आणि मानके कायदा, 2006	अन्न सुरक्षा आन मानके कायदो, २००६	a88fc3623e7f4e25a5fbc03a0f8a32e3
66741a87e00846a99ae6251ef8859ae0	ISO Certification	आयएसओ प्रमाणपत्र	आय.एस.ओ. प्रमाणपत्र	8bd37760d5fe48f5867e1780fd65cf7b
387b4ed378d44562899cd5f49b1f7657	Tear Stains	अश्रूच्या डागांचा निशाण	अश्रू डाग	8a9c925540fb401bbb6243d483f88cc3
3b1453d741f04c5cb6e03a34137ebf68	Treatment of Endocrine Dermatoses	अंत:स्रावी त्वचा आजार उपचार	अंत:स्रावी त्वचा रोगा उपचार	f36679807e784f50b6db2cd51c94b4df
6343e3bd16394132a3cea1cd984e747e	Feed Ration	अन्न प्रमाण / आहार	अन्न प्रमाण / आहार	46fc39b6a1084b8b8a369e96b5d3d25a
bdf72d162cb54fa58a60e584c41d6947	Genetic Improvement	आनुवंशिक सुधार	आनुवंशिक सुधार	14a3bdc3516f43d7826603cb49c78a4f
dca46295e32d4678941cd8f89e557d76	Clean and Fresh Remedies	स्वच्छ व ताजे औषध	स्वच्छ आन ताजे उपाय	c6aaa0dedfd347948c65f2ac27537a48
ed2946e390714abfb7bc2a7f4f8f9929	Acidity	आम्लता	आम्लता	0193cfd3ff7d401da635f9e8323f1b47
571c18afce0048b9ba466dc2274e22c2	Salmonellosis	सॅल्मोनेलोसिस	सॅल्मोनेलोसिस	be0b952d92864d32b1d56bdccf78a756
0658500625ae4040a9fa3e896c495250	Avoid Unknown Wild Plants	अज्ञात वनस्पती टाळा	अज्ञात वनस्पती टाळा	1ce4e0492c2548748be0f3368503b2ba
03bab383e18b4887b5f4eaf5667f7e0a	Somatic Cell Count (SCC)	सोमॅटिक पेशींची संख्या	सोमॅटिक पेशींची संख्या	50d5e2251d8a42e7991e0d65c30072b4
a761a332e8eb46f493980a17210cf9d6	General Preventive Measures	सामान्य प्रतिबंधक उपाय	सर्वसाधारण प्रतिबंधात्मक उपाय	4dcb2d4df92145bfaceb662615400a00
0069a46648dd4d1280adfcec87e8fc6a	Citric Acid	सिट्रिक ऍसिड	लिंबू	59c0cab7751940c392282ef4f395873b
d58b68a6d65747df9e80a56f90f6ec3d	Swine Influenza	स्वाइन इन्फ्लुएंझा	स्वाइन इन्फ्लुएंझा	63452c21dc3443cabfdbdd35ad15f9e8
1334492939f849a4a494e87ffdfa86ab	Non-descript Population	अस्पष्ट / अपरीचीत जात	बिगर वर्णनात्मक लोकसंख्या	76ce41112c4a4b8c971ad6b57e8806fa
c93e27c9b7a84553a5192600c5086965	Genetic Abnormalities	आनुवंशिक अपवाद	आनुवंशिक विकृती	bad70475e417433dbcbf22972d62768e
63269b3ec770494da1cc8e768d4c50ed	Immature Ova	अपरिपक्व अंडाणु	अपरिपक्व अंड	6f2a8edbe8b4449fba111d8d9f71d5c1
5e009cc2dba34f258d952e78c9c4ec08	Feed Conversion Efficiency	अन्न रूपांतरण कार्यक्षमता	अन्न रूपांतरण कार्यक्षमता	2086309d19e4476385f1136f4aec4b58
66de77cd5dd647b68127e44c14ce392c	Genetic Potential	आनुवंशिक क्षमता	आनुवंशिक क्षमता	612896bc2b5c4b75ad6f20cc7bf9289c
c6b77ff0433246949db12aaca265af0b	Genetic Gain	आनुवंशिक वाढ	आनुवंशिक फायदा	e126d63e5de04de3bcc17978b10352eb
3b82c45445804b048a9730e2cdb74556	Extra Teeth	अतिरिक्त दात	अतिरिक्त दात	3487e9f352e04b1c9ad6fbd815c850cc
3a4ef35c4df74dffad111cc64ecbf092	Infectious Bovine Rhinotracheitis (IBR)	आयबीआर	आयबीआर	db260e78830441bda96e42c9d8227f1d
d4bce64d37784e868411cc3aac488e87	Microscopic examination	सूक्ष्मदर्शनी परीक्षण	सूक्ष्मदर्शक तपासणी	591dd2cdc4a4425995de1c2d11c7ec98
fa2aae89e0ec4938b9c453a4e49335d0	Poor Milking Hygiene	अस्वच्छ दूध काढण्याची पद्धत	खराब दुध काढनू स्वच्छता	662f9c96d6a74e72b95e410d54b966c8
0b431613d23841d1ae3f6a12841f2ef8	Clean Water	स्वच्छ पाणी	स्वच्छ पाय	86017a513b5f4ba19a7e8308a7f99f9e
323fe935344e40de92ffb40b7e1b729a	Stylo Hemata	स्टायलो हेमाटा	स्टायलो हेमाटा	c2d7d28ce54a4a35bee3de3c3aab0d97
2586f7c5ebf748b39b8729e496617c29	Internal Worms	अंतर्गत कृमि	अंतर्गत कृमि	9a63d3707d754865a32477ebe8357668
2195fdc4106c46c99fa474966b12f6db	Cytosolic enzyme	साइटोसोलीक एन्झाइम	सायटोसोलिक एन्झाइम	24a4eda8ac4b4c86bf1310f72ccb3254
553d93d5b6fc47e7b6373de1b52e38ba	Contagious	संसर्गजन्य	संसर्गजन्य	59f5119bf94e483f94fac7b1d49200ae
6571f4d767f5449188d81ceea428eb46	Strangles	स्ट्रॅंगल्स	गळो आवहे	f5455ea2250e44b38835638e38f08854
646c459c7f564953b28c7f31ef312a8b	Treatment of Autoimmune Conditions	स्वप्रतिरक्षा आजार उपचार	स्वयंप्रतिकारक स्थिती उपचार	a346a1c1caa143b6a9cec4a72de40083
3d5f9f47db0a48e8be7a51d90c449fca	Selenium & Vitamin E Deficiency	सेलेनियम व जीवनसत्त्व ईचा अभाव	सेलेनियम व जीवनसत्त्व ईचा अभाव	2769e36f3db44407bb102eb44dd1bac9
9936f9391fc442c4adc0ef41fc01253f	Swine Fever / Hog Cholera	स्वाइन फीव्हर / हॉग कोलेरा	स्वाइन फीव्हर / हॉग कोलेरा	dcfbf8882c7d481daf0da65686f62fe4
1fb3594bf7bd465486e9faf7378ff90e	Endocrine / Metabolic Dermatoses	अंत:स्रावी / चयापचयी त्वचा आजार	अंत:स्रावी / चयापचयी त्वचा आजार	8853035e29e642e0b1ebf98316fc930c
59860f60949248c5b0ec49201dc02536	Gravid proglottids	अंडित टेपवर्म सेगमेंट्स	ग्रॅविड प्रोग्लोटीड्स	05182c77d21649be9fdfbcd6171606e1
8cea6fa147404ae9a3ce46424139e084	Food Safety and Standards Act	अन्न सुरक्षा आणि मानके कायदा	अन्न सुरक्षा आन मानके कायदो	d237dad1a8924148aa825e83ca7b51e2
7fa86bd423244bab88e85a8db6914166	Market Demand	बाजारातील मागणी	बाजार मागणी	5999e967a78147308a3be4c23fed225b
bc375986edd24a25bb15cccdaa1f4930	TLC / Total Leukocyte Count	एकूण पांढऱ्या रक्तपेशी संख्या	आखेज पांढऱ्या रक्तू पेशी संख्या	e0ae520f650b4d338bc53a75c3c7b09e
511e9c177d644da3922f681ac03fecde	Mineral Mixture	खनिज मिश्रण	खनिज मिश्रण	7d85ba29cc584c14911415e52e9079cd
efb6e6173188452e90b2caa688f34590	Calf Starter	बछड्यासाठी प्रारंभिक आहार	वासडा खातूर चारो	24dcffe463be4af3872e1e375fc59dbc
fe277819aa0d43cab178649a328d875b	Calcium Balance	कॅल्शियम संतुलन	कॅल्शियमा संतुलन	dbc3af61621846ccbc5e539c16afc009
443be97b75f542a292dca3dac65535ca	Cage Farming	सुरक्षा खबरदारी	सुरक्षा खबरदारी	68a163a128d54b0dbb2b6b1b7f39dbf3
63a276f3c90342be825f61f5cc6747ee	Trypanosomiasis (Surra)	सुर्रा	सुर्रा	b902293fd0fe4df8b7929e46660c37ec
792f6b5c294549c38797a442ba089ffe	CMT Test (California Mastitis Test)	सीएमटी चाचणी	सीएमटी चाचणी	c7d9b19412064dd8b6402136df9070d1
ca6f6d45d21543429f471e911ea1966b	Hygienic Milking Practices	स्वच्छ दूध काढण्याची पद्धत	स्वच्छ दुध काढनू पद्धत	e4ade187b080478788b7eed9f44c571f
9e439f20d928429e8547ca21b7d1392a	Role Model Breeder	आदर्श प्रजनक	आदर्श पैदासदार	c187a08c837f404096d55ba574a7dabc
51be7e63c5824a9ab654520372072282	tall fescue grass	उंच फेसक्यू	उंचो फेस्क्यू गवत	efd0474979f04d03b5160e89d62eea88
82da53bd661a427c91e2b1a84535bf47	Hygiene	स्वच्छता	स्वच्छता	52fc9d44aa8a4131b7a269055f5edcda
b9fe9a00d594439892488ff2b3e4d5e5	Autoimmune / Immune-Mediated Skin Diseases	स्वप्रतिरक्षा / प्रतिकारशक्ती-संबंधित त्वचा आजार	स्वप्रतिरक्षा / प्रतिकारशक्ती-संबंधित त्वचा आजार	1d52a49af5bc4df2aabac5c8f78ae513
2a772283885644e79262078a0b97ed5f	Infectious Disease	संसर्गजन्य रोग	संसर्गजन्य रोग	dbb0378622594986977eff1c179fa9b3
a4717ae9414a41c08e778e8c41d8790c	Grooming	स्वच्छता / साजशृंगार	साज	6a8617c3e46b4df49df1a38e91fb9fe2
0458a92597d54e138af37f035b6dba68	Amino Acids	अमिनो आम्ल	अमिनो आम्ल	c3a038b236ba49ff862e3155a9295926
411f01bd31d94927bbe13c415d3f18dd	Supportive Therapy	सहाय्यक उपचार	आधारात्मक उपचार	e8154dc033ea46d1ad3dec360edad6f6
ca9c9e305f44484590bd673a4c13d833	Interpretation	अर्थ लावणे / विश्लेषण	अर्थ लावूलो	4a65105ace4842afa8d2729d0792b503
52c0bd6036cd4432ad4eda0c483d0c5c	Silage	सायलेज	मुरघास	01224165245b47e1b340614490beb928
e18c51ccb01447429da57cc88ac52a64	Actinomycosis	अॅक्टिनोमायकोसिस	एक्टिनोमायकोसिस	8d969bc59adb4e00b392ad08ec317b92
de06b84c1ea74267a8040bf2183ef358	Allergic Skin Diseases	अॅलर्जिक त्वचा आजार	अॅलर्जी त्वचा रोग	305238943c9d4d06839dff038977eb3f
b7d828591b8446869a73ae0962eb5ce3	Antihistamine	अँटीहिस्टामिन	अँटीहिस्टामाइन	193a45c33350418b8b0d02f13355a00a
fa6703868d324efe95eece610a69d701	Standardized Milk	स्टँडर्ड मिल्क	प्रमाणित दूध	110ae04c78b5467b8676adb83f74261b
ab5489cec9934606945a91d0bee54385	RAS Components	आरएएस घटक	रस घटक	844b5793f40f43549e00e5403283440c
900ea9adcc7d4f71919ee30293395be3	Hygiene / Sanitation	स्वच्छता / आरोग्यदायी व्यवस्था	स्वच्छता / आरोग्यदायी व्यवस्था	50306d5caca34b13b1b2bad009ec10e1
fd51fea81aa44fcd84a943d6fc047b64	Amoebiasis	अ‍ॅमेबायसिस	अमिबियासिस	40885ef390274f2d89c2b3eb838bb71e
571f903edd5b47679a1bf141b85b264b	Crossbreeding	आंतरजाती प्रजनन	आंतरजाती संकर	604721ca5dde427183041a562017789c
4c0791a9c51940eeab6496763e2d29cf	zinc uptake efficiency	झिंक शोषण कार्यक्षमता	झिंक अवशोषण कार्यक्षमता	2ac0bf2102d7452bbc2ab39dffa65156
bf29ea73cda94f7583d0f0ebac666e49	yellow mite	पिवळे कोळी	पिवली कोळी	9b2e6a6c11994efe8746ce5c21894265
b55c3b4d1e394705b25c704e7cb68dfc	synthetic mulch	कृत्रिम आच्छादन	सिंथेटिक आच्छादन	62e5f55be055439087bcfe86f2ab3880
6fe9a6cf15034e3eabf383054ae9d8eb	yield attribute	उत्पादन गुणधर्म	उत्पन्न गुणधर्म	ef88189a164f4b3482bacd972a732947
b3d4b0a7632e4c2c801602583d10ea31	breeder rights	पैदासकारांचे अधिकार	प्रजननाधिकार	ab92aacdca9c49e5a77c1e88f51ea8a3
0e311287c48e4830aeac8ad61e59da1a	borax	बोरॅक्स	बोरेक्स	fe3d969de8724b6795174160f0a04ee6
f3eeab04dd2741d18d0f92efacdd9276	betel leaf rot	पानवेली कुज रोग	पानहा पालो होडणू	97b910e1266b40b2926d434eaae581c4
9b09c0ae6f994557b9642f0a22720ba0	crape jasmine	तगर / अनंत	क्रॅप जास्मिन	69e51b3a5f5242c2b47751e779502f4d
040474ca79c2430cb25f2a5c604eb4e7	bollworm resistance	बोंड अळी प्रतिकारक	बोंड अळी प्रतिकार	ebbe64e624f44c08bb08e6fff60e3b20
00482ded8d1a496c8452bfd9177daed9	boron toxicity	बोरॉनची विषबाधा	बोरॉन विषारीपणा	04cb176feb7041f39de2c9261e60d16f
bdccef6feb5c41299704d39304200e60	mangosteen wilt	मँगोस्टीन मर	मॅंगोस्टीन विल्ट	1a7b6bd1ddd948adbfeb6132907792f6
9ae79908cdca4450963aa6f0e56e54aa	bottle tree	बाटलीचे झाड	बोतल ट्री	d1382ecb4678479aac4ee9ffe141ba0c
1a7755f264894f1cabf11c70fa931e8d	drought resilience	दुष्काळ सहनशक्ती	दुष्काळ सहनशीलता	3280eccfcacb4a15bd962a04db8f4c8f
ebce342192bc49e78ac454b14ae8e1ee	breed improvement	जाती सुधारणा	जात सुधारणा	3b319351dc8945d6b972f651733e3ae4
dfb532b3c4dd4dd7879cc9852bae146b	nodule formation	गाठी निर्मिती	गाठी तयार वेहे	7106d551f2c94f54b0bcf2ec93405d7c
1bedbaa14be04471b71686fb342ee57b	brahmi	ब्राम्ही	ब्राह्मी	880351db989f416e8b36b1a5394ee5de
522fde210d574c8684f5e640317afd23	brackish water fishery	खाऱ्या पाण्यातील मत्स्यपालन	खारा पायामने मासे पालन	eaca7dad447c49c097918a816c0d0dff
afd994c830054404bcef866a72156fa4	botrytis blight	बोट्रायटिस ब्लाइट रोग	बोट्रायटिस करपा	8e553374aa3e47f7bb9cfc74ef4b8c11
f34083e08f854e94b37952ad773ed291	border cropping	सीमावर्ती पीक	सीमापिक	e349d6937f394cdcb04fccc8e36d41f6
850b73dcddd0425094c9c1af10846950	zinc application	झिंक वापर	झिंक वापर	03e196ae1b254afdac56fb7fb7b3d1ef
d893c460b7214289b3669faf108fd0a7	tannin content	टॅनिनचे प्रमाण	टॅनीन	2ebcd33630ea4d93a4f09d540590ad6c
374f57c3624a431892bc0583c4821a11	tank irrigation	तळ सिंचन	टाकीमने पाणी	6cc0ba6d4db445a3872f6bcd5606e906
3fff0f6da0e44b9db6be6a53fd90d96a	High Pedigree Heifer	उच्च वंशजाची बछडी	उच्च वंशावळी वाली गाभण	419d3d9bb13f42baa2d57487c8f3bdc4
539ca8aaf01941b395845a2adf373336	Heat Stress	उष्णतेचा ताण	उन्हानू ताण	00f3f6584ecd4fbcbf6dcb2005b7c8cf
3ddbbda104644ab98feb8ab06abf0ffb	Feed Block	आहार ब्लॉक	आहार ब्लॉक	987d9877e6bc4231ae20c9df60d43c8b
460cbd6e0afe4743850f763204fbe678	Airtight Covering	हवाबंद झाकण	हवाबंद झाकण	5323d55a361f4c29b33be00cd8a2da8e
96372c4b8b344254b16d312592cabb91	Health Management	आरोग्य व्यवस्थापन	आरोग्य व्यवस्थापन	dbdda66d59af4a9d9bc063123a9db7ae
dedd30c6ed8d4914a29ece6695de444b	Superior Proven Bull	उत्कृष्ट सिद्ध बुल	सुपीरियर प्रोव्हेन बुल	1164ed195147457d9f45594bcd038e51
ddb5b06acc3741818ef113902d9119c3	Heparin	हेपारिन	हेपारिन	77c96b1c32ff4bdab36c016121733393
60747462aba4464196384f370d01286b	Heat Detection	ऊष्मा तपासणी	तोप ओखूलो	f8d447d2f3294a879477d12cede32908
0e9bbf373369441b88706fff0131a3f7	Single Thread Consistency	एकतारी पाक	एकल धागा सुसंगतता	fa02cae3d97f41cd81e163ce2ea5c600
5fc5cd2b037945e18dd5613a87abd45d	Feed Space	आहार देण्याची जागा	खाऊलो जागो	b62bea316d5c4a0a9bd5100d8781323a
a01b00169b364d2a933ecadfa502a992	Infectious Canine Hepatitis (ICH)	इन्फेक्शनस कॅनाइन हेपाटायटिस	इन्फेक्शनस कॅनाइन हेपाटायटिस	d8f249a03ad24928b18fb1c70e57485b
4a26803507b241d59f1a52a6c9b3536d	Hemoglobin (Hb)	हीमोग्लोबिन	हीमोग्लोबिन	6c7cbefe2f454d9fb7c0ac58c3416657
ecbb3d82c13c4e44b954f304bc5e3542	Electrophoresis	इलेक्ट्रोफोरेसिस	विद्युत कण विच्छेदन	c8326f019fd54b9bac1a979caa14d63c
8456e7da0540477e920cbe42fd471336	Climate Adaptability	हवामानाशी जुळवून घेण्याची क्षमता	हवामान अनुकूलता	74e9142014a54e6f8041236a930b6bf1
b6b5d18e15c0439d957257ae6d715b40	Summer Management	उन्हाळा काळातील व्यवस्थापन	उनालाम व्यवस्थापन	ecba2952c34340dba37935e82149616c
0b473f8e0edc407581a496276b5b58e9	Equine Infectious Anemia (Swamp Fever)	स्वॅम्प फीव्हर	स्वॅम्प फीव्हर	0b9db0742f944b03ad5afcb386f6f47b
73ef9956a7104ddfa784ca8efcf9a3bf	Histopathology	ऊतक रोगशास्त्र	इतिहासात्मक रोगशास्त्र	d15cd78e9102462fa115f439200696ce
5796f1ddaefc4aba9f2cd282d34748b8	Cardiovascular Health	हृदय व रक्तवाहिन्यांचे आरोग्य	हृदय व रक्तवाहिन्या आरोग्य	8fb6646b95ee4995aa3601f3159e7913
023433d6cccd4316ba26386e71dc33c6	Feed Homogenization	आहार मिश्रण	आहार एकीकरण	fe68d5f51e8f451da6eee2a1c80d1ccc
a13475750ef84eecbc4047678c1933e5	Flavored Cold Beverage	स्वादिष्ट थंड पेय	सुवासित थंड पेय	ba7aa2fcf34744e1aa8a7cf1736520ef
05e815e2fc9b4f198026905c7540014c	Seasonal Fodder Crop	हंगामी चारा पीक	हंगामी सारा पीक	91c9e1ede08d4920aa0032fb31faf26a
680f75fbe4c6494e9368b83ce0632321	Economic Importance	आर्थिक महत्त्व	आर्थिक महत्त्व	e4751acdeee1468095d746f6032e4b21
a45ed3ca1de74e4c8712f17b9f3cbd89	Snowfall	हिवाळ्यातील बर्फाळ पाऊस	बर्फवृष्टी	5fa5c020ae5d4bfa88bf62bfb504818e
5577a48ce3e548228956290a3b1f88f4	EDTA	ईडीटीए	ए.डी.टी.ए.	a128d05f736345e2b09eda769635528b
8e937e0b3e6545db8ac0d7df74f9763a	Diet / Nutrition	आहार / पोषण	आहार / पोषण	aa3c1473c36e47e5b79179597a616544
2960dac1f0064c24b792cd2841c6668d	Monocotyledonous Fodder Crops	एकबीजपत्री चारा पिके	एकबीजीपर्णयुक्त चारा पिके	1d26bde86cbc47598081cd9c8835329b
808bb8bc34e847f0bbc967f82ffdae58	Seasonal Fodder Crops	हंगामी चारा पिके	हंगामी चारो पिके	49a2e4e6ad2043558caacd70f57a6cfd
d4233716828f4403840a0950cfbf3c4c	Bone Marrow Biopsy	हाडमज्जा ऊती तपासणी	बोन मॅरो बायोप्सी	e042a756a97b4646baa0faea09149930
17d4684a77d341a6ba09fbf1f57ec9b0	Gradual Feed Change	हळूहळू आहार बदलणे	हारकी बदल केनू	336de5d6cd1147509b1fdbabe0e0de2d
fdaa4e612cdd4bbe810f6d21465bfa00	Calorific Value	उष्मांक मूल्य	उष्मांक मूल्य	f76ee7b3741841d79f52fb16411b276c
04fb8e3d832a46998df1250f5bc2b0aa	Heat Mitigation	उष्णता कमी करण्याची उपाययोजना	तोप कमी केनू	1846f63569d6433392b4b0c74fdd4b83
fe8301dd72c5494ab4e288881e17523b	Hydroponic Fodder	हायड्रोपोनिक्स चारा	पाअयाव खेती	80511fc997254a4a9993f6c8a06698ce
917aa238ab9b476eaf9c93b85024cfb2	gig	बाचनग	गिग	49a7f4eeece24e1198d053f128af0a72
5072e38342f24d26aab9679e2ed4b30f	Production Time	उत्पादन कालावधी	उत्पादन येळ	79a11f6a01f94f0fa8c73666f68c44d3
d5483394224b4aabaaa451f2503f0888	Cardiac muscle	हृदय स्नायू	हृदय स्नायू	28e6ca2ed2294949bf6521d0d66ed1b5
98d3e75a963042c2811704377e4216b9	Suitable Species for RAS	आरएएससाठी योग्य मासे	रास खातोर हारो जात	b8f929c34c4d49a4812d2303a1531981
541e22f81a8645a4a66a9561ce690645	Electro-Ejaculator	इलेक्ट्रो-एजाक्युलेटर	इलेक्ट्रो-इजेक्युलेटर	63e01a1a140a4680a4fbb508183d0e4e
fde5d12e3bae4d3892cbc975df8b07eb	Homogenizer	होमोजिनायझर	होमोजीनायझर	e50e6cf639104ee2b86aed37f278c465
c7450c6d9df34c078313285dec6a6a7b	Feed Density	आहारातील पोषक तत्वांचे प्रमाण	आहारा घनता	e29679fe1b7f433fae3bc163423cbf39
b6eed22f8b1341a584ba7c17705403c8	Rumen Bacteria	उलटपचनाच्या पोटातील सूक्ष्मजीव	रुमेन बॅक्टेरिया	e635d49bf20844289ac63682f1ffeb0a
33713282a9e14f14bfd5e828fbfa8a80	Haemorrhagic Septicaemia (HS)	हेमोरेजिक सेप्टिसीमिया	हेमोरेजिक सेप्टिसीमिया	ad8aa6ae817b4ce9af49def0e6c5919a
84aca5888ae24a08a1516ae59fd79564	Hypothalamus	हायपोथॅलॅमस	हायपोथॅलॅमस	b1763600a3ef438099156c4028da7310
e4ff2a7091a14e8f979f55c48d989803	High Fever	उच्च ताप	खूब तोप	58ab8dcad5d7405ebd830a182909aae4
77f260a931b14b21840a7ad213974a74	Entrepreneurship	उद्योजकता	उद्योजकता	3afc122f1b4546d08fcbb2cddbe1b699
af2cf634cd064ec0930258f5f3e7e376	Production Planning	उत्पादन नियोजन	उत्पादन नियोजन	75cbb573aa1c4b99a01372854dcc8678
46c1f5f6dcbc43f5ae1a2c57a512ee52	Other Pathogens	इतर रोगकारक जीव	बिहरा रोगकारक	c7e9affa8fb34a1ba1ccd512e840e12c
e3fe12f10b2b452d8833743bad7021f3	Hypochlorite	हायपो क्लोराइट	हायपोक्लोराइट	9df9af80b0e44f53ae6e8b00ddced689
0b0594fbde4a4bf18076040cd3c6f73d	Feed Management	आहार व्यवस्थापन	आहार व्यवस्थापन	1338286b9cc24d13999265660b145323
a15aea1d62f0452f885754005f127dc8	Ventilation	हवेची चलन / वातानुकूलन	वारो	80776d1d718f436f8bf6af1e005a9848
022dabc9de714ab7b9ffb3cd83a9cdae	gladioulus	ग्लैडियोलस	ग्लॅडीओलस	2f5966624a0647f7b97bfd3f0df5a00d
0247c51904454759891c4343c0ac8fa0	Feed Supplement	आहार पूरक	आहार पुरवठो	0adb5208fe514bf68079f49745bf67f5
e29857700cdc4f6ebfe16a1e2154f6d5	Hydroponics	हायड्रोपोनिक्स	हायड्रोपोनिक्स	78466bcb77f04f48beee99db0a0583f5
c1f33287cb114b8993003d01858a5501	Preparing Inoculum	इनोकुलम तयार करणे	रोगप्रतिकारक जिव जंतू तयार केनू	dead37d8d61341d9ad0a0a8d3dab79c0
a9096b22871d48d09eae98dabc0c9b9d	Hybrid Napier	हायब्रिड नेपियर	हायब्रीड नेपियर	f808a2e86b4f4768b7b36034e3a1065d
e56a401310f0437a9c1e86fa46dae3a4	Electrolytes	इलेक्ट्रोलाइट्स	इलेक्ट्रोलाइट्स	d6b22c0284cd4ba28f053543d9e6893b
a6649dc4359748c181adbdae73116f64	Monocot Fodder	एकबीजी चारा	मोनोकोट चारा	0702b5ed42cb4c8bb80b57c0775910e3
4d22e250c30843128d216de70919d6a7	Heat / Oestrus	ऊष्णता / प्रजनन कालावधी	ऊष्णता / प्रजनन कालावधी	9301a6209fa848c38b1a75207c169a13
10e3997d9bed40ab99be5506af6aee1f	Amylase	ऍमायलेज एन्झाइम	अमायलेज	6f12087c1f7c464bb66672c3ff5501d2
4bafa4598d394330bf5e4a05d6d9e36e	rooftop farming	छतावरील शेती	छतावेने खेती	cd88413c87dc49cba6d807351bf2ba41
350c86f5ea384728ad56acaa9f0441c9	root disease	मुळांचा रोग	मुला रोग	157374fb26c04fc7bc6c9ef0e54eacbf
2cf381e05f26491ab8c4185c628f0f86	rice cultivation	भात लागवड	हाल लागवड	bb397c3f01a146b6866fc8f15e57f977
17fde2f678f2420896f58e1789e22b93	rice paddy	तांदळाचे शेत	हाली पुलों	66d7b7eb0d6149d88dcce231aa7729da
f6cbd61584df4b7aabdb60beb582ee84	rodenticide	उंदीरनाशक	उंदरा मारूलो दावो	8fa1634658894dfd91237370cc3a80c3
e87712f3cd4942d9b276f7e5457a1bb7	popat	पावटा/वाल पापडी	पोपट	393c5d7772bd4fe2905e6d46faed4ea3
aee05f1796d049119f64fa68676b0010	polythene bag nursery	प्लास्टिक पिशवीतील रोपवाटिका	पॉलिथीन पिशवी रोपवाटिका	fff014f601bc4c699b87e22f9871c8af
ca27540dcb7a41b58534ea813d26be29	post-emergence herbicide	उगवण पश्चात तणनाशक	उगवण फाचे खोड मारुलो दावो	d7890621314b4d4b93998a5c381c7cca
8a633dd32a104e33916b2c7ec15165db	rice	बासमती तांदूळ	चोखा	897de8cae3634b7d9162cb311100ea23
3300a641512e4e9db6e7a631e271eb3a	pomegranate	डाळिंब	डाळिंब	ebdf6eb0863f4c46bf5ab211e432b88e
94d6675a07fe493289565a00a906662f	rodenticide application	उंदीरनाशक वापरणे	उंदरा मारुलो	b0bed68336944b0197b932826dd1198f
49f5a6b98e5e493ea20ddbe4027b7d74	romanesco	हिरवी फुलकोबीचा प्रकार	हिरवी फुलकोबीनू प्रकार	ec735a810bca4fc4836e4798ae29420a
5f7fafae0f5449b4ba212c53e3ccb459	pomegranate wilt	डाळिंबावरील मर	डाळिंबावने मर रोग	31e59f161d294515b1e4659f621e66a4
5aa2426796484be4b166097b73ffa62d	rice	तांदूळ	चोखा	f7610d04c8514c5ba516f2f379088b72
5ef5b9c3dcac4401b7443fb71b95b8a1	rhizobium inoculation	रायझोबियम लावणे	रायझोबियम टोचण	9024bcd45dd5479a982fc458eebc540e
e002d0eadc3d41b8842f93c59162a53f	root rot	मुळ कुज	मुळकूज	f17b7e26745d42cbbf91b79b9ed40720
67194c12cbf740369100b02efcae8f52	ridge gourd	दोडका	गिलक्या	881079df30cf41e5a550b3e8487ee2e1
5888f5ba7ada45618f31b8deda04ff0f	postharvest dehydration	कापणीपश्चात सुकविणे	कापणी फाचे डिहायड्रेशन	c3c7a04f941447699efa11ddc9ccbb35
77284f13c1074348b32ec844782d454f	crop health monitoring	पीक आरोग्य निरीक्षण	पिकांहा आरोग्य निरीक्षण	e44926df8da84d28b62762faa1d46e66
8681b653ebe94eaebb82c5f9fdc5fd1f	ruminant	गुरे वर्ग	वागुल	f48edd97633049f5a05069ea9688c875
aee8f93098294d58b9784ce493da2a0f	pre-harvest chemical application	कापणीपूर्व रासायनिक फवारणी	कापणी पेला रासायनिक वापर	41c24b30c3314b09be9123f5d9a6902c
a5a347590b7f4505a3a078f655992e6e	mobile solar pump	मोबाइल सौर पंप	फिरतो सौर पंप	a968176770cb493180d17026e9e1a3d3
39105264530a497cbec68ed2bf4e3df9	pre-harvest losses	काढणी पूर्वीचे नुकसान	कापणी पेला नुकसान	851282281b344a35ad4cc57a931a0700
c3c1dcaa0f584cdcad71fc27fab47240	power tiller	पॉवर टिलर	पॉवर टिलर	0353836bca484f64ab7f7501325afb17
7931c045e81a4660877aa800c6e3d86a	rural enterprise	ग्रामीण उद्योग	गावांम धंदो	e7648b9019954b51ac3dc807bdef8f45
fffd2a420ed549d897b04e3e8ab5c078	rubber	रबर	चिक	4057949998944895a90b0294ca2e817e
1a0c1472e534492191029813de0b6024	root nodules	मुळांवरील गाठी	मुळ गाठी	c296deb467874ecc8d7a2a88628f4eb6
548a45c0867742a3816366e0db549ec7	rotavator	रोटाव्हेटर	रोटावेटर	ed6eca8f5ad847d4bd981144bb29c982
a6752f082b9c45e89edf2adf2bfd30c5	potato	बटाटा	बटाटे	d288ca305a7b4cc288ff35a6c544ac3e
db88c18995e24cca8edc5739f72e4fcb	rose	गुलाब	गुलाब	f10bb2a59362459ea898bf949a690f0c
f7219211d02f4309b089be77dceea99a	panicle initiation	कणसाची सुरवात	फुलोरा	172f7b79b581415faeb825eec3891d01
547210e7b38f452ea3e305a5e6d3b9e9	parasitic weed	परजीवी तण	परजीवी खोड	d9f51a10a1e944a7a4e4d0d7da793748
6bde7c66e7ad4107a2e2167219113d17	palmyra	ताड	पामिरा	59dc8334b5f84398805502fce1ac58b6
7fbf52e9d7ab49dd976a4a8f4d9de30b	predator	भक्षक	शिकारी	06084595048e4ad3ac9b6a9f6597df9b
565dff74c5af43b78d8a3a0997228287	predatory insect	परभक्षी कीटक	मास खाणारे किडे	aad798038b1e4ae8a58227595e83c423
3d1ad189583c42809b62f3e47460c995	potting mix	कुंडीमधील मिश्रण	कुंडी मिश्रण	e4b82d91ad5e4acb91f7f2a093c59b59
766a1a58810a4d4fa139aa91d4ac2d68	root pruning	मुळांची छाटणी	मुलां छाटणी	511ffacaebef49e78413fe94932241ae
9d9969009237470bbe305d046c0cbc36	pre-monsoon sowing	धुळपेरणी	धुळपेरणी	1be52ccb471040b5af01b3fd76e4d269
b51618ff1caa48d985632d2740b3f94f	ruminant animals	रवंथ करणारे प्राणी	वागुल्या	43fb3f4249864c6190005b78ccac9a1c
0448e785bbdc40ceaec2e5cf4af75a01	panicle initiation	फुलोरा सुरुवात	फुलोरा	c781c13ec1014a5b9b21f31199524825
a3cd0af641e449c693a69c3803aa5d37	runoff	वाहून जाणारे पाणी	पाय वोयाय जाहे	c5fab922e28245a29e044e3ebde1eb1f
eb95b10763ef4aa2b3d760ea15aa7435	poultry	कुक्कुटपालन	कुकडी पालन	991f255816aa47a5b600b64ebe1bb90a
4b217829f56344bd9c24739cc20a4d5c	poultry manure	कोंबडी खत	कुकडाहा खत	1645c32eed104b08a3a3807ea4c874b9
528e177853fe4f34afad1cb435735ad0	rotary tiller	फिरता नांगर	रोटरी टिलर	075ceaa22ef94ffaa568459972591c97
93e33d17453f4a6fb8c291b7df080835	pot culture technique	कुंडी लागवड तंत्र	कुंडीमने खेती केनू	092ab3e1cfa64a2e8f37b6a4cd98f4ab
f9fda22221ec4bafaa70072716b91aaf	root zone	मुळांचा भाग	मुलाहा जागो	14b96ef889b143bcb7edbe8996775a19
ef6e6723e1a444b69760503679b820ee	rotavator plough	रोटाव्हेटर नांगर	रोटावेटर नांगर	ef79144cbdd647aebc809c668f3228cf
87b33652fcd9471cb363924709b4ed9b	soil organic carbon	मृदामधील सेंद्रिय कार्बन	मृदा सेंद्रिय कार्बन	9862d10ed95646fe8142272352f8198f
5cba7b63a3524daea7e3bcf939d4d31f	crop canopy	पीक पर्णसंभार	पिकांहा आच्छादन	1045d80100c44830b862d3082b503876
262243fe090f4c87a92cda1026562913	Individual variation	वैयक्तिक फरक	वैयक्तिक भिन्नता	26603ac4fb644d32a6cf21263b040513
5d6f7ec4983c404a851fbb8c87f20de1	Leguminous Fodder	शेंगा असलेला चारा	हेंगी वर्गीय चारो	3999591b1acc48878bda7aa7729ba574
11a705f11ea14677a8a948d9c8d5785d	Finisher Feed	शेवटचा चारा (जास्त वजनासाठी)	फिनिशर फीड	1bb2a956387d440e883ca19dde9d1f22
49b9af06cf3c4690a90dd84983870d4f	Complete Food	संपूर्ण आहार	आखा अन्न	650e4a396b4e4ffc8b4a8597490dbf8f
6eb4e5bd0fe7493d9c51a6d99eacb956	Body Condition Score	शरीर स्थिती गुणांकन	शरीरा स्थिती गुण	8e93c05daed741bca8200ef2d44b10c0
8b9502890a3c4ff585ff2c555934389d	soil organic carbon	मातीतील सेंद्रिय कार्बन	मृदा सेंद्रिय कार्बन	66de187e5b0d41198dd3891feffbf705
f1e5f1cc4b1e48e6934e00af0523701f	marker-assisted selection	मार्कर-असिस्टेड सिलेक्शन	चिन्हका सहाय्याकी निवड	4b106f40b93e429ba20beeb7839f43db
90caeabdd81046abafa466979f2428d8	Per Capita Availability	व्यक्तीगत उपलब्धता	प्रति व्यक्ति उपलब्धता	d059ee2a34ba49c799da03c4cbd87bed
647cd7abc4584515b1f3e2d9b7bfb0d9	symbiotic fixation	सहजीवी नायट्रोजन स्थिरीकरण	सहजीवी स्थिरीकरण	da6b1f8ea6784ccfbd816af31489a8a6
71818055677d4b28ab083dcc82c5a273	Protected Protein	संरक्षित प्रोटीन	संरक्षित प्रथिने	d073da9d6c3f4981b3b75228c4bf3d39
a8da4e43222d495f8c9e85609ea4cfda	hydroponic nutrient solutions	हायड्रोपोनिक पोषण द्रावण	हायड्रोपोनिक पोषकद्रव्ये द्रावण	23d9e85187374eecb99d034e81ebb5da
cbc424a0be254011a807fafb178806e9	Infectious Bronchitis (IB)	श्वसन रोग	हवा लेयना रोग	58ca900ef1194e8fa3ae81dbc7f7318d
2017e15a22a748399ee51a0fcb0b98f8	Physical & Dermatological Examination	शारीरिक व त्वचा तपासणी	शरीरा आन चमडा टेस्ट	f1a8d02f19984b01b3cc0bcb0f35dc44
b84299094f744abeaf42443de10f55ad	soil ph adjustment	मातीचा सामू समायोजित करणे	मृदा सामू समायोजन	102c2d3702a244108b0378cc014db05d
b9594d9d0c0e4fa98adbcc6460607bbd	Viral Infection	व्हायरल संसर्ग	विषाणूजन्य संसर्ग	aa73449816a641c7bd03faff25c6de20
b99cec7ec43c4296beeccbc4aff635ec	Annual Checkup	वार्षिक तपासणी	वोराहा तपासणी	c2de2139d51347af876202a1d36a39f6
58a14802165f41649fa19b08e3d9c441	germplasm conservation	जननद्रव्य संवर्धन	जर्मप्लाझम संवर्धन	f6ee3ee5e35f4d27b9a1b73a69d45167
cf38a4fc64ae4853b77f745d4a3c09ef	soil ph balance	मृदा ph संतुलन	मृदा सामू संतुलन	603b50f36d834b13b4193fbbf69e5f27
9bff5825093f456b985678f24718e8bb	Cold Chain	शीत साखळी	थंड साखळी	922da04fc55f4bb48ecc7e060eab073c
20ee098950424b2c99497271563234b4	indigenous knowledge integration	स्वदेशी ज्ञान एकात्मता	देशी ज्ञान एकीकरण	39bd9dbed97e4c5782b371809b246b33
32cd3ccec8264135ab107fb43d6d81a6	yellow vein mosaic virus	पिवळा मोझँक विषाणू	पिवलो शिरा मोझॅक विषाणू	0f5f765e5d9943f78076c6346759fab5
de1b317dbcc5479995abba1d67d44e1c	Anjan Grass	अंजन गवत	अंजन ग्रास	1ed5bbdc24724442abe5bca99620c6f2
d6664efc87a44876b9c38ad1d4a770f3	Evaporative Cooling Pad	वाष्पीभवनीय शीतकरण पॅड	बाष्पीभवन शीतलक पॅड	813647164e2344cbb633cd0ecf9e9315
6be51f91ffba48ef89a5dfea91d3054c	germplasm repository	जननद्रव्य संग्रह केंद्र	जर्मप्लाझम भांडार	4495a9bcf4e84a779699ad6016a6f631
5345e6b0226a46d9931458e39f95988e	e-choupal	ई-चौपाल	ई-चौपाल	b35652e180f74b408f5dcd745c4118c6
a703014a177341339fafe90a5ebcb07f	Extensive System	व्यापक प्रणाली	विस्तृत प्रणाली	2d5ab686f5fe440e863f84a5bdeca77c
da451906c5a2421aaa78743172b41724	Purebred	शुद्ध वंशाचे	हारो जात	5662f1e37194435db9f12f9dbc4e928d
8a6c9433751647219675212f9280f000	Body Condition Score (BCS)	शरीर स्थिती गुणांक	आंग स्थिती	d4ef7f588d854f1f961daff66fde7889
6244485d917442bd8c0b76f4aeb0f988	Shelf Life	शेल्फ लाईफ / टिकाऊपणा	टिकाऊपणा	ded8a6c709ea43fe967c575c60fc131b
c687de686e834e03854746b324b29b90	Excisional Biopsy	संपूर्ण ऊती काढणे	उच्छेदन बायोप्सी	24566c9ff13c4ddd97f40cfb9c01fe39
a0d382d0107245deb2d652805179678e	bougainvillea	बोगेनविला	बोगनवेलिया	442e2c8642074614bb535db2d69af371
a8e74cfc2c854d2e88486fce581d1ce0	pH	pH मूल्य	ph	e8436ba0f26d408d81ae9ee2d94660b6
c8bd193c5e41454bb6961c5ca1cc0f72	Physiological response	शारीरिक प्रतिसाद	शारीरिक प्रतिक्रिया	6ab2d700e8d44956a5544f57ef9c24ba
5a73463d851e4366af61ab136dec52c1	Business Plan	व्यवसाय योजना	धंदो योजना	456e37425d314c0aa659501f90ea0d85
9b6e13d978ec40aab55a526bf9893a63	CBC / Hemogram	संपूर्ण रक्त मोजमाप	आखा रक्त कोतहा हाय ती	ccdcc1b228cd47e6897e68414e74e290
514fce0f2bf645f4ae48a0ae2dbe4866	Progeny Testing	संतती चाचणी	प्रोजेनी चाचणी	54782718682e433aa0b5c1635906bce8
e08e18a467624c02a3234821fbf59887	crop sensors	पीक संवेदक	पिक सेन्सर	e94102cc5c4c41cd937a3a8801428639
b4891ed88f6f40e7ad4ff0d1218db848	Faecal sample	विष्ठा नमुना / शौचाचे नमुने	अग्याह नमुना	fd1d44ce383d4da4bdff4877081ad8e1
65f0ccc8243247b59b2ce2d4460d41aa	Electrolyte	विद्युतद्रव	इलेक्ट्रॉलाईट	e40ca86ea18f4055bbed8da742a41295
415e438d366643e9b1f2b0e30177ddcb	Clinical importance	वैद्यकीय महत्त्व	वैद्यकीय महत्त्व	92988551ad7e452a963e67d79f50a9d0
3fd3fe21247948dbb0e765554d870227	Windbreaks	वारा थांबवणारे अडथळे	वारो ओटकावनू	8eb4aee122a445289641a81c1c9cdf4f
4903d571e37e4cf598d9aa82be35390c	Protected Fat / Bypass Fat	संरक्षित चरबी	सुरक्षित चरबी	90adf5d1af5b4233ad4a99c7191d0c23
827a88ccffc24d42a8b075db94b319bf	coconut eriophyid mite	नारळावरील इरिओफिड माइट	नाराल्यावेने एरिओफायड किडो	2caa37bd99d44db68233d8cb849a91d5
08ee5d4e47c7468c8f29cf7a790dc7be	Protected Protein / Bypass Protein	संरक्षित प्रोटीन / बायपास प्रोटीन	साठवुलो प्रोटिन	4593520f3b094ca9a4f3fa9bce0cfc7c
a8c2cb79183d425abe85ff3697f49461	in-situ conservation	इन सीटू संवर्धन	जागावेच थोवनु	b66070218a194b4aabb86029eb32c76d
e88b1703751d41f18c4a4df7a5087bb8	Homogenization	समरूपकरण / होमोजिनायझेशन	एकजीव	4e844e2ded11483bb2fe44cc1f404104
88a8069d123b41629c7e1e7dc0692e60	soil organic matter	मृदा सेंद्रिय पदार्थ	मृदा सेंद्रिय पदार्थ	d36894648d0b401daff43a7bafae1470
e17932dd8f1d46a29a359bbc90449093	Complete Feed Block	संपूर्ण पोषक आहार ब्लॉक	आखा खावनु	521acee1e8224a40a19a4e437029ec9a
360d81cbe7bd4d7ba3022f344de7a238	Sugargraze	शुगरग्रेस	सुगरग्रेझ	ffae52ce7653462aa6feaf7000f8f06c
ce42f372595f486f9ce4800c09fba598	row planting	ओळींची लागवड	रो लागवड	32d9dd1f286b49c1bfeca2f8d1d42d56
b12b4b4054874b63821bf2019bbd1f39	root zone watering	मूळ क्षेत्र सिंचन	मुळ क्षेत्राम पाय देवनु	9225aac9eea94017a46f4bba8b2bc886
3c94c1106a094fdcb93582d5ba6bc7d3	pre-sowing irrigation	पेरणीपूर्व सिंचन	पेरणी पेला पाय देवनु	732a4faf62294f6fb272a4953d969b42
4da184f855c44f4abd3cb53987417d17	rhizosphere effect	मुळाभोवतीचा परिणाम	रायझोस्फीअर परिणाम	cdd296ce7ab7476abaa0ee541155bc0a
661a9e5713d14c3cac48a05126f74268	ridge planting	सऱ्यांवर लागवड	शेंडा लागवड	12259769e8db44879784dab4f34a5e5a
332f9b37ed9b4c9caa077481be1ecc8e	postharvest management	पीक काढणीपश्चात व्यवस्थापन	वाडणी फाची व्यवस्थापन	868cd1a95b53444e8c07a6e7de2c015c
d69ce69e745f4a169be6718038ce5ff9	rice bean (red bean)	तांदूळ बिन	राइस बीन	e60f496ddf0e473b9a05580b9c678f7c
8a384b13296c4285a0d5c73aaf1cce15	pomegranate fruit borer	डांळींबावरील फळ पोखरणारी अळी	डाळिंबावने फळ खाणारी ओली	c4f6aa4cf53542dca32b2a5afcc81546
aeb1f21d21f34c68b0562a548e3001e1	rodent control	उंदीर नियंत्रण	उंदरा नियंत्रण	89a72c49f2894bb3be857439550d9507
2960b90c903141a7b06f75cc30d39938	post-harvest grain drying	कापणीनंतर धान्य वाळवणे	वाडणी फाचे धानो हुकवूनु	d51fe275a72b48caae57e4ccff45852d
1c20c5f9f10247d189f191223479b837	root development	मुळांची वाढ	मुलांहा विकास	d384eb538c2848da8578e2d18fa9dd5e
7a36d959e03d4960a64e3c310ec5fe99	percolation tank	झिरपण टाकी	पांय मुरनू टाकी	53a20bb0dc3746ebb1da3960ebd6073f
8f070ca0f1f1473aab71c1b00fc9776d	pea root rot	वाटाणा मुळ कुज	वाटाणा मुळ कुज	7cb043c22ef54d32ba28d826e56bd182
7c6b0ccd43f843aabaac445cdc4d2994	root zone irrigation	रुट झोन सिचन	मुळ क्षेत्र सिंचन	6431fee6806843e28d68364809beebb3
216631182615479d9306c8580136feaf	root pruning technique	मुळ छाटणी तंत्र	मुलां छाटणी तंत्र	9eb26d95bb604c3198172b455633868d
42ce1007f42343d6aed538859741a064	plum rust	तांबेरा	प्लम रस्ट	e3070e17384848e9aa9f4b7de4311f67
41c4b518eafa41338ea8971db8a8f535	respiration	श्वसन	हाआं लेवनू	9e2bb2eb6b5d48c28bf38f78d7e56d8c
be63363be7304a849ab17c211007f7cf	pod bug	शेंगावरील ढेकूण	पॉड बग	89ffb80717394d6fb0b42c1e0be0b0e8
30cab9fdcad748309fcbef4f31eddbb4	polishing	पॉलिश करणे	पॉलिशिंग	e994176efb7c42b0b8ca638a4299c14d
0f73c16db5f64486b058cad853598cee	pod setting	शेंगा भरणे	हेंग्या लागवुनू	0209c040fe6443469fc5db031a999cec
59de51a1bf084b2bbe84db2e218aab9d	plough pan	नांगरलेला थर	खेडा	0a69d6f678ce45feb5cde0e56bce484b
ed9598082b22492383c48854fc20ca8b	pod	शेंग	पापड्या	e94e506fae6f447abc065b4e80bf113d
93c5a58d85ee4e2081ae12941ef0fc34	pod borer/ gram pod borer	शेंगा पोखरणारी अळी/ हरभरा शेंगा पोखरणारी अळी	हेंगी पोखरणारी ओली	86c16871461443e586dc6377c7ca9152
fe4e3800627946b6bf37d82d7e09c14d	pod borer	शेंगा पोखरणारी अळी	हेंग्या पोखरणारी ओली	1e15915807784b26bf7f7a94e0759d60
7e3745fdaa7249269184b3baf63eefcb	pmfby (pradhan mantri fasal bima yojana)	पीएमएफबीवाय (प्रधानमंत्री फसल विमा योजना)	पीएमएफबीवाय	f24ab5d80b214e60b034b7280b2f6463
454d21f0a8ed4ee5b3b06047369b96c6	plough pan	नांगरट ताव	खेडा	50851be256fe44fa9a2c078cd59f59b4
6329c36b113b4d7288734edbaa809204	pod setting	शेंगा बनणे	हेंग्या लागवुनू	b7c467855fe042a19ec55a4863e2b848
4acfb58a416c4dd08a5789f5d6810319	pollen shedding	परागकण गळणे	परागकण गळ	e3c580465af24947a3e5d7c32516b0b5
4062211b2b334ffd94c5473241d1c39c	rhizobium	रायझोबियम	रायझोबियम	e2e7df40c5944b539ea7c58d62ff4672
c23e07a0aeae4a3982ddf8007ca6bbd1	residue burning	अवशेष जाळणे	अवशेष जाळनु	0658791f87034814bba0151d96c820f5
ae519f61b1c04882bdcf54c21f73f888	ploughing	नांगरणी	खेडनूं	8f32c783b00944ffa2d409c1f2ca2052
9fde92a51098434f92cc23162983f18e	plowing machines	नांगरणीची यंत्रे	खेडनूं यंत्र	ce60238cdacc4b0cbc0f6aae1d263a34
1aecba74216d418abb8efe5be187ece8	pm-kisan	प्रधानमंत्री किसान योजना	पीएम किसान	83984fae3baa41be93e33549e01fe404
3e76d554dcf5405aa249f630ebbb61f1	pointed gourd	पडवळ	गिलकें	3fb8f47a0e4d4d2ca0332e8608841dd1
a830a75a14a545fcaca536195a8fee39	pollinator	परागण वहन करणारे कीटक	परागण केनारो	8cc7f0fb414f4ffb92f1f827a651051e
f9d61e0de41b4af9892ea6ef22a115d4	plumule	अंकुर	फुटवे	6fe01597fade483a8232f5656cde66e0
c53bd3579a6c463f9f664d32ce696240	raised beds	उंच केलेले वाफे	उचल्या वाफा	c094fd30f4b7468e90c89ffd7eb68227
447e7e3e5fde4455929cab9a24b2717e	reaper binder	कापणी आणि बांधणी यंत्र	वाडनु मसीन	8eaee27d67a44bb8b18e28585524677a
11739f40a67b472a8cf0faa7851cd8fe	rainwater harvesting systems	पावसाचे पाणी साठवण्याची पद्धती	पावसानू पाण्या संचयन प्रणाली	51f09eb9ff0748bc9470312cfc10fde3
04711dd1bba9457abeef8e0c53cac351	reforestation	पुनर्वनीकरण	पुनर्वनीकरण	b07cefa958cd4a70a9525942382e5887
4168fe1f226c4401a8f202fa3dda0421	plant health	वनस्पती आरोग्य	वनस्पती आरोग्य	6963c49c231d48cc882e9d582793ede1
d53955a7ea6e4041a3124a6092426600	plant nutrient management	वनस्पती अन्नद्रव्य व्यवस्थापन	वनस्पती अन्नद्रव्य व्यवस्थापन	7b0604a338304767b4643fd0c9eae9ff
2d7854570d1a4a8b886e3c3fc3d7620d	plant propagation	वनस्पती प्रसार	वनस्पती संवर्धन	c6415e23790049b2b6e675e44557230a
3538ddcaede3417b8394d814d8540328	plant stand	झाडांची स्थिती	वनस्पती स्टँड	e91c0397bbe94a199009b96717f87eaf
376f07d5d03a4929863431ed7a616950	planting depth	लागवडीची खोली	लागवडी खोली	0579935c218546e0a83f0a9650c5a4ef
92ae5185ef994996a0e2e554bf0bfaf3	plant growth regulators	वनस्पती वाढ नियामक	झाडानी वाढ नियंत्रक	77574aaf9a4f41d6988040b24900d196
663db5f53ff84d448819377f5964e7d2	ratoon crop nutrient management	खोडवा पिक पोषण व्यवस्थापन	खोडवा पिकामेने अन्नद्रव्य व्यवस्थापन	a5171a33e7b2422385c74055be82f5c4
8a11cce431514d9590d43a27d183a8eb	real-time nutrient monitoring	प्रत्यक्ष पोषण निरीक्षण	तत्काळ अन्नद्रव्ये निरीक्षण	de22fed683cd43608e6f3480fecae9f5
9271cc764f534610934b32c4835bf604	plant quarantine regulation	वनस्पती विलगीकरण नियमन	वनस्पती अलग थोवनु नियम	b9810310ffd143d8b69036775db10a74
5ce3d3055ad542569848be85134d6a67	plant senescence	वनस्पती वृद्धत्व	वनस्पती वृद्धत्व	c920d3c41c5140f2b5e6192eea4f2658
bcfa3de9face43c49eef321242da7a0d	plant health monitoring	वनस्पती आरोग्य निरीक्षण	वनस्पती आरोग्य निरीक्षण	29ba97759b0647bca944c1353f4e2c11
34495ac8a34444d2ab69a9ef030ac0d3	plastic tunnel	प्लास्टिक आच्छादित बोगदा	प्लास्टिक टनल	b428da30a0d7457386459c56fbb9278b
315cca3c01484a84ad34dbccae7c5ee6	plant uptake efficiency	वनस्पती शोषण कार्यक्षमता	वनस्पती शोषण कार्यक्षमता	f64d9ea217484e828067b29c9418f398
99bcdf78cf814b46abc524afc2600533	plant stress	वनस्पती ताण	वनस्पती ताण	6501137d81384477b585eba97d307657
a09843e3e472486e834eb60c0a4b1d73	plant factory with artificial lighting	कृत्रिम प्रकाशासह वनस्पती कारखाना	कृत्रिम प्रकाश योजना आरी वनस्पती कारखाना	68717620fe8241669d0ac24bfdf01842
b2490436cd7d41d5a43ba09b662f6233	raisin	मनुका	मनुक्या	f5452db14d2f4d4faec387728d85c4f4
ff3e9e94c381448dbe46f809dfa7fb44	plant respiration	वनस्पती श्वसन	वनस्पती श्वसन	3404536a8f344abe9f9b2f4db6963941
720e77d463cf4621b22e0ec34052ec8e	real-time yield monitoring	प्रत्यक्ष उत्पादन निरीक्षण	प्रत्यक्ष उत्पन्न निरीक्षण	0822c22044864819a0482a3144223480
0edb635de1414227b6b34390dc55354c	plant population	वनस्पतींची संख्या	वनस्पती संख्या	b99c3fc42b4e4325843e34982e40692f
0c1977b8a1624c32b7c971df639eb09a	rangeland management	कुरण व्यवस्थापन	रानक्षेत्र व्यवस्थापन	f4dfb4c41eb84247838f8566297175d0
3ace4dfb2fee420386566a45925169dd	plant lodging	पीक पडणे	चाडवाहां लोंगिंग	218fe7b389d64d869dea861c400f27b3
0ea0f5be573f482daeed7cd65d33f84c	plant spacing	झाडातील अंतर	चाडांहा अंतर	aa197f45a74f46c484225e89e2c7873d
b017210d9df94f578a55142fd3ea775b	raisin mite	मनुकयावील कोळी	मनुके	eab4e1c9f9d24189a95bf2422aac5c46
3cc8f0ec3ca541efb8aedc79c8fba661	raised bed planter	सरी वरंबा यंत्र	उचो वाफा लागवड यंत्र	8a2ffe809ebb441bb262b11bfb398f1d
6333e4f1275b42dd90eedf852a24dbc7	plastic mulch	प्लास्टिक आच्छादन	प्लास्टिका आच्छादन	0ce34051713d4f979a9ec4d190047f1d
305744e99fe94f6bae50fc876264a474	plant physiology	वनस्पती शरीरक्रिया विज्ञान	वनस्पती शरीरक्रियाशास्त्र	f98af389003546328ecd59cec1bedd09
ed4178518fd643bb91b202642dbdcbec	plant protection products	वनस्पती संरक्षण उत्पादने	वनस्पती संरक्षण उत्पादने	2cf0089bcdb34e0bb91ff15a0971aa3b
006a7b89d2bd4e8c96a9a20b255db651	plasticulture	शेतीमध्ये प्लास्टिकचा वापर	प्लास्टिक खेती	aedf9655a83446d8a504d37bb0c070e6
0153948cdb9e42f59ccac7d070ef389c	recharge shaft	पुनर्भरण विहीर	पाणी भरूनू पाईप	9fb6ae6ce5574b5a81d9583be8553dd8
ee7d9654e69f4b0bb08d18cc7cae21c8	plant sap analysis	वनस्पती रस विश्लेषण	वनस्पती रस विश्लेषण	0dce691906bc493495c0dda0d324541f
f4e277dc8681400983fcbcc5826d7f1f	plant height uniformity	वनस्पती उंची समरूपता	वनस्पती उंची एकसारखेपणा	54196d461dc54e82acb4b65080036497
24dbd5a3f68b474e91f71cb638122787	plant disease resistance	वनस्पती रोग प्रतिकारशक्ती	वनस्पती रोग प्रतिकार	d422610d961b461faf074b8867e7ca2d
2aafef0f783e42e9926f04069108a416	plant morphology	वनस्पतींचे स्वरूप	वनस्पती आकारिकी	31010334705a41adb5beb4d5dec36fb4
837a72c334b94a20ad82b0219ff4ae07	plough	नांगर	खेडनूं	8abe5c646a5a4dad846581072e253ac1
e1908dc646fc410e90e38494074f0468	relay cropping	अंतरपीक लागवड किंवा अतिव्यापी पीक पद्धती	रिले पिकांहा	641084a155d545d1bf268eaa5f2c5b36
f41554dc5f1d4d2eafacba7ee70b291a	planting calendar	लागवड दिनदर्शिका	लागवडी दिनदर्शिका	7fd16b8fd4d44df297db423ad176202b
cffd58761b524d118ee66a1fb4c2dd65	raintree	वर्षावृक्ष	रेन्ट्रि	e72cea6cd8e74c24816e232526718097
55ea161dfe6f499aacf46124fa19d961	plant senescence	वनस्पती वार्धक्य	वनस्पती वृद्धत्व	75ba0fe402f14fed8fb20b85d938c8c5
2e4730b7ab87404cacb7b5f368baf55a	plant vigor	झाडाचा जोम	वनस्पती जोम	f71d73257bbf4d6f8bf61f833d10ce30
fd55c075b0e949239ee1aeb996c5b7f6	plant residue	वनस्पती अवशेष	वनस्पती अवशेष	31be4ba7537d4a11a23cb3c7153ed4b9
d3a6e37fc043469cbfd52fdf1eb1611b	plant spacing	वनस्पती अंतर	चाडांहा अंतर	f6ea91a3f16b4ddea232bc186531e984
ad18e09a2d0a445ab9c9699f1a838107	plant disease management	वनस्पती रोग व्यवस्थापन	वनस्पती रोग व्यवस्थापन	73b2387e7b0744b7842fde865aa015cc
07a3fc3a26be491ba363230981bd674d	plant protection equipment	वनस्पती संरक्षण उपकरणे	वनस्पती संरक्षण उपकरणे	da8fadde9d5345318f0426e0ebb0e60d
9f53020c9a8e4f108f7d26cc30db2327	regenerative soil management	पुनर्निर्मित मृद व्यवस्थापन	पुनरुत्थानशील मृद व्यवस्थापन	b652f545a198451a8215c846f10edbe3
3563e0e5c79a47f78999aabfbd5229ef	reforestation	वनांचे पुनरुज्जीवन	पुनर्वनीकरण	3f4761c642254c1b9e06bda9ce116b0a
9346d2bd55004c46bca0082bf8751e1e	ratoon management	खोडवा व्यवस्थापन	खोडवा व्यवस्थापन	a257bd5c2294461bbad2c3e9b118ff00
fd185b4dc1454201a9f52f95f8bde735	raspberry	रास्पबेरी	रास्पबेरी	1ee775387c7240bb8f7d046a9c7f5f19
634767e3734e40af9bdf539886a662f0	red spider mite	लाल कोळी	लाल कोळी	8c1c08a8d007412f908777e7e259b848
235583d0fa494eeba038a35d146298ed	planter	रोप लावणी यंत्र	लागवड केनारो	d7134c88052440068b87759047e22d1e
38603030e3364e25abc5089e7d17fd53	plant tissue culture	ऊती संवर्धन	वनस्पती ऊती संवर्धन	a6bb3baeea924295a57cdd6690b69e17
867fd392fd1b485695729a45f18e70a8	plant variety protection	वनस्पती जाती संरक्षण	वनस्पती जाती संरक्षण	a6a2930ba38e4ddc846d38d27b3d92a4
893008f9159c485abcc8dae1c30d31ba	regenerative agriculture	पुनरुत्थानशील शेती	पुनरुत्थान कृषि	c2b0e20818ef4b74b539f91fc0372606
d46de6078dda466197e5f01775a92e3a	plant quarantine	वनस्पती अलग ठेवणे (quarantine)	वनस्पती विलगीकरण	244dee7701e2414aab842c516c70f2ba
8cb2d012cb6f42f2a3a671468a7f61bc	recharge pit	पुनर्भरण खड्डा	पाणी साठवणू जागो	88be25257ce046d8b958732b6e08d708
40d6a5585f444f11a4d40a287a409986	plant nutrient buffering capacity	वनस्पतींच्या पोषक तत्वांची बफरिंग क्षमता	वनस्पती अन्नद्रव्य शोषूनु क्षमता	a3c6951b0bee44cda9fd9788bee214f9
2b4f757f097c4c09b5f7f9a14aa858f7	plant nutrient deficiency	वनस्पती अन्नद्रव्य कमतरता	वनस्पतींम पोषक तत्वांची कमतरता	5dbc888930a548afbb8f62547daa325f
2317b5d219cb4cb69f46c1081ac14c8a	plant height	झाडांची उंची	वनस्पती उंची	fbf8ee7a0fe64dfa85ac7c9db7f6ff94
66afd37305564587bf222a3e2feffd36	reclamation of saline soil	क्षारयुक्त माती सुधारणा	खारट जमिनी पुनरुज्जीवन	29aba71e137844b8a8943d490883e871
76711c4f913848f9951498e22959dbad	plant tissue culture	वनस्पती ऊती संवर्धन	वनस्पती ऊती संवर्धन	837959be468e47e18b5228c80224e56f
27f072eb310a42139f69975186614b81	reclamation of saline soils	क्षारयुक्त मृदेची पुनर्बांधणी	खारट जमिनी पुनरुज्जीवन	e9cba9f4c51f4fd3a6dc37f2e09346c5
c350b0ca8f5e419e9c65af6727b4b1b4	red river fig	गुलर	लाल अंजिर	7032ef7dbd5d4809a7c61c48b118f137
e1345808f9e14ef49bcbceedea1d0f35	plantation crops	लागवड पिके	लागवड पिके	c56227a27bb04f3aab65ee502c01eb11
af3181af1582429b8b2294b8e256c470	reclamation	सुधारणा	पुनर्प्राप्ती	fb7ecfa7eb38479ba64062ef39104166
53b3768ee27e469cbae22ed9d1c0fe99	reclamation of soil	मृदा पुनर्प्राप्ती	कादु हुदरावुनु	9b98b399e136400cb989ce506ae28e5d
e64ec9d2806f4cf5a7f63ea84e009d0a	raised bed planting	उंच वजा	उचो वाफा लागवड	4f20ababd18646adabf48f1789f32505
7657c26521804398987d7f16c8b89498	rainwater collection	पावसाचे पाणी संकलन	पावसानू पाण्या संकलन	63379e3a0dfc49f395a97524ea12f80c
d6ba807abbb94d7099aed7b15469d5ea	red soil	लाल मृदा	लाल कादु	f755a47ea03e47aa9bb5b7a473cb0163
373d4e2a4e204db4bb8fddaa46ddc03a	plant nutrition	वनस्पती पोषण	वनस्पती पोषण	89f0ddb7d95f4c49bc79b6cef271a953
b72ea8a14c55412c95de5dc789b9c9ba	reclamation crop	पुर्नवसन पिक	पुनर्प्राप्ती पीक	921dec4dcaa54ea7b6e4b2821f2759ab
49376528216e49c0b3d74ea4423f76b1	plant pathology	वनस्पती रोगशास्त्र	वनस्पती रोगशास्त्र	09f89d6f212c41e78f33bc2a29041f13
d7283a564a114c618b0f0af699bc2f3c	plant phenotyping	वनस्पतींचे बाह्य गुणधर्म	वनस्पती फेनोटाइपिंग	f30dc55a91734cf8b4ad8e74860e555b
b997f9c51fb44ee6a093462774822b86	plant stress marker	वनस्पती ताण निर्देशक	वनस्पती ताण चिन्हां	2893f0645e674de78f3c63bc85cbead4
2e98b7258ba74fcb922af97260070b86	relative humidity	सापेक्ष आर्द्रता	सापेक्ष आर्द्रता	3ee5d8ea0d5c4172bbc4691bccfcab45
118fc9a00c9e4c70ab3d4e970f9b764e	plant-based fertilizers	वनस्पती आधारित खत	वनस्पती आधारित खते	1040402c5dad4d8590a1358e6010ef90
7b438150927440ae8bf3ef6f3b4739fc	plant protection	वनस्पती संरक्षण	वनस्पती संरक्षण	7c8d735b95664f3d925a155395b411fe
d8c5e1f0ba344e4f81ae5b82c6891e73	red vine spinach	लाल वेलभाजी/ लाल मायाळू	लाल वेल पालक	35ef6147bb2b4ef88eb34783d550f3b9
f5b30d1854a04c959bd7c4d9edfae6d9	rainwater harvesting	पावसाचे पाणी साठवणे	वहराता पाय अजनू	18e30260a1934ac7904a4e1a574e5218
bc2dc163267e47a9876082380506fc0c	ratoon crop	खोडवा पीक	खोडवा पिक	f8022202cfea433fa479f8e9e4c1dbf3
e1db187a53ce4529809affae96f57da9	rainwater recharge	पावसाचे पाणी पुनर्भरण	पावसानू पाण्या पुनर्भरण	96f31cfdafba47878dd98bc417fd333c
fb3c82199a644b0c85bc594bae514c05	plant metabolic pathways	वनस्पतींचे जैवतंत्रिका मार्ग	वनस्पती चयापचया मार्ग	e72a027e60794f27b7bade6df39967fe
cf491bf372814d8fb51d23f274787291	plant spacing precision	रोपातील अंतर सुस्पष्टता	चाडांहा अंतर	be5c9e00b151451d98f725d3b6619dcf
f5b36698b9e64e5eb80da4679b72492d	plant growth index	वनस्पती वाढ निर्देशांक	वनस्पती वाढ निर्देशांक	099e39b2c1bc41c9b3158dcb57b553a3
baa7eaab78e045b380cdbc905e671eb8	plant vigor	वनस्पती जोम	वनस्पती जोम	09866b123d204ba9b8a8474242e0b733
ddf2f778510044e08e6e2ef6ce4957ed	red sandalwood	लाल चंदन	लाल चंदन	85975e6ac3f843e2acc5f54ca1427ee8
73eb9bbb645c4a528f0a43ba3290dcf8	plant protection chemicals	वनस्पती संरक्षण रसायने (कृषी रसायने)	वनस्पती संरक्षण रसायन	594f9ce4d0df481795b5e5093d1b2ae1
df2807cb1af444e2a269ca5c6d9e5636	potash mobilizing bacteria	पालाश उपलब्ध करून देणारे जीवाणू	पोटॅश एकठो केनारा जिवाणू	9b424b2e3e0842cb8ac553a8d5b98400
b7d1970c393c4cf2a5d5cf9f7ad3fa0f	ridge	वरंबा	शेंडा	965af47d0ea64be2ae4c423915cb8c0c
81c91555c24149509dc23ebbfa9c5f1d	potassium	पालाश	पालाश	6ba1c7e283e4433eb08ba778049fe99c
ad26a16b755f4e2bbf628d392c6f44d7	root vegetable	मुळे भाज्या	मुळ भाजी	470e0ad283124ac182aca4d22a2efd5a
c6b3ee68c0b045188910f19293c60aa5	ridge and furrow system	सरी-वरंबा पद्धत	वरंबा आन सरी पद्धत	9d8e7f3753e14bd087c2fc90cea4b79b
e0da1517524d48cb96bce4d1f689fc0b	root rot	मुळकुज	मुळकूज	c4f38903edf140c9ba0bb24f2d060058
87e8e7c27d8c49c2a08f53c05bd2f703	root grub	हुमनी	मुळ भुंगा	76d94ce00d3649cebdeedd532ea27078
705baf292aff4b3991fca38c3ecbc8ad	potassium fertilizer	पोटॅशियम खत	पालाश खत	fbe46b69526d4d338e873b33fb1347aa
9eb6ab518bd540338b5e9fdcbba3d4f3	root rot	मूळ कुजणे	मुळकूज	fe72e6c2edab4efe8548bdec34e44586
e3bd2f554f234aacb67f9bbf7c7c2575	root architecture	मुळांची रचना	मुळ रचना	b8a5913ee0714bc4a95c811178d78730
14ea0cfc658e47eba100281de00d41bd	ridge and furrow farming	सरी आणि वरंबा शेती	वरंबा आन सरी खेती	aa21f703985047d98eb81979e6151f0d
14663c898d5045e290b0855dfeb95d05	potassium fertilizers	पोटॅशियमयुक्त खते	पालाश खते	efb2b689b559411fbe64c5169774248b
80f5d8bf58554eeabcf99f3974f08175	rock phosphate	खडक स्फटिक	खडकाहा पालाश	444ef29b92bd465bb303b8c315e106c1
0c33aeea4eed4faca411d384808c4133	rhizome rot	रायझोम कुजणे (खोड कुजणे)	कांद कुज	bf0d26425e8f492d836e14a306ad8379
18ab44b76ced4ffbbbfde06ff77c719d	ridge and furrow	सरी व वरंबा	वरंबा आन सरी	1c2988ec26404c3cb90b3be6c57d88ad
176d8db6bed04d438e2e971284e224bc	potash solubilizer	पोटॅश विरघळवणारा	पोटॅश सोल्यूबिलाइजर	7a6c960e7e13440d87dce12a225a6089
55e8206a3ff848c09b20dae5530386ce	polyhouse	पॉलीहाऊस	पॉलीहाऊस	368b16eba4a84c1196ca12d6bbf0820b
f31163993fb04f4c9c3c15dd29a488b9	roguing	अयोग्य रोपे काढणे	रोगुईंग	d673d8610e9247fbbe2d8a1fa01de33c
6b36ad785ec746079d62d614cc75cf1a	ridge gourd fruit rot	शिरी दोडका फळ कुज	शेंडे भोपळा होडनू	dd5adc297ab64179bca58aeaf24b47d6
cf54a583dd914f7f902eff49d7799300	root depth	मुळांची खोली	मुलां खोली	05ed0d038b61453fae2d7f5174483ee3
d126156853294c909aa5f28c3158eca1	ridge and furrow system	सरी आणि वरंबा पद्धत	वरंबा आन सरी पद्धत	ebd74a3209364923888905b0be6adef5
a17a0e0046ce4ae79483668f9431b177	rhizoctonia root rot	मुळ कुज रोग	रायझोक्टोनिया मुळकुज	7fca74250db245ff8f36720891578422
9dd4646c2ba74107b343d63e6425c6d9	rhizome weevil	कंद पोखरणारा भुंगा	कांद भुंगा	7b068e1cb2484af4870e41e0cffdffae
cc7895f42be444a6ba6a983f6f4a4e3b	residue management	अवशेष व्यवस्थापन	अवशेष व्यवस्थापन	ef5858e56fd24b3dbae58b1d5841145f
1a69ac1e93a647f4a0deb8165df3c613	residue burning impact	पिक अवशेष जाळण्याचा परिणाम	अवशेष बालनू परिणाम	07ef07e40fdd417bb34706a54635d2ca
6fdb51818e1f48c79a0e7908999dd0a5	renewable energy in farming	शेतातील नवीकरणीय उर्जा	खेतीम नवीकरणीय ऊर्जा	3b1577716fbb47e3bdf310c3dc186453
ec0e65a503a54699bf66bd7f1fdaa88d	pollination vector	परागीकरण वाहक	परागीकरण वाहक	f7e71b666a7743cbba63bc6bde717a2b
3ab563ea072144b38b1770dde298d21f	resistant variety	रोगप्रतिकारक वाण	रोगप्रतिकारक जात	6a76d391a8cc44a7be43206fc908eab9
305c966526d745ccb309e20d6edb7ac3	pollination management	परागीकरण व्यवस्थापन	परागीकरण व्यवस्थापन	194b2c5ea0c94fdfa557ba6ec4c1cc58
1459e9cde2ef498ab89002f0544ff4b8	root zone aeration	मुळ क्षेत्र एरोएशन	मुळ क्षेत्र वायुवीजन	fd366f895b21461cadaf483e96117189
60b30b2dfab94da58ff8066644f0d0b5	renewable energy in agriculture	कृषीमध्ये नवीकरणीय ऊर्जा	खेतीम नवीकरणीय ऊर्जा	8d3283caf8864c2bae262e6b30f6d4a6
80362e5e020141e6958aad8436fd7faa	resistant gene pyramiding	रोगप्रतिकारक जीन एकत्रिकरण	प्रतिरोधक जनुक पिरॅमिडींग	70e2425648834c508efab1422b1b58af
d4d08069a71c4f35bc4a61988189165a	residue decomposition	अवशेषांचे विघटन	अवशेष विघटन	1a0600cbf3cf43f2a05b1fa92d9afc57
5ead840627624231869f017e935fbba6	renewable agriculture technologies	नवीकरणीय कृषी तंत्रज्ञान	नवीकरणीय खेती तंत्रज्ञान	b7315cb13ab84d458e5b51395fa4f4e2
d1984d05add24cfea83fb2301fa6b047	rootstock selection	खुंट रोपांची निवड	मुळ निवड	6efd8d7e643d4d8da9fe59b1b6debbf6
bcc295cb0af84e8ba905fc48314ca9eb	pre-emergence herbicide	उगवणपूर्व तणनाशक	उगवणपूर्व तणनाशक	29e21e385a1946a3928b446b8192ecc7
59191d0f216f44268714d1c70726305d	plug trays	प्लग ट्रे	प्लग ट्रे	f89c42df3a244f0caecdc04e45ba877c
dec6b27a78f2463cbac1b29e860aef0c	pollination deficit	परागीकरण कमतरता	परागीकरण कमतरता	49a2ce9a0f634acb8c6561c883384984
7f49e34f6fa54a48b8b9f1398c7dae16	root zone management	मुळ क्षेत्र व्यवस्थापन	मुळ क्षेत्र व्यवस्थापन	0a1846b7ee4449eaacabba8f5bea70cb
564f722603954099bbad3708a1f535ed	remote sensing in agriculture	कृषीमध्ये दूर संवेदन	खेतीम दूर संवेदन	7ce938b8acf74d29a13448cb755b67b3
1185d97db0aa48119ac7b8492e458767	resource conservation	संसाधन जतन	साधन संवर्धन	0934e62625bd413584adcbf3625bed44
4725ad849f5f43519120be26e99ab081	rootstock	खुंट रोपे	मुळ	436aaac58f6b4ed69cc9902a1d53fddd
c8c93aa3dc0546a5b5c3cc0403b38c19	remote sensing for disease detection	रोग ओळखीसाठी रिमोट सेन्सिंगचा वापर	रोग होदाखातोर रिमोट सेन्सिंग	677ad0338b3f4b6ea021b78f8c25bdf4
b16646e00265492cafc0572122b38465	renewable agriculture	नवीकरणीय कृषी	नवीकरणीय खेती	c4c241f07bc6411bb824c3f7658717d8
239f09651e4a4cafb40d89f9a3c257a3	pre-harvest interval	कापणीपूर्व कालावधी	वाढुनू पेला अंतर	f38d6cfd10524a5b8074fab1f890808a
cb61d1da1b6c4aeebd82cb2aef3282fa	reproductive stage	पुनरुत्पादक अवस्था	प्रजनन अवस्था	110114778aec441c90446f28c0f60f43
d5a5011697d746638c256ae34653043d	pre-emergent herbicide	बियाणे उगवण्यापूर्वी वापर करावयाचे तणनाशक	उगवणपूर्व तणनाशक	db4213152e54473584db08cd68022688
d91820d4645c4d2e9cc4e84f3f52c2c0	remote farm monitoring	दूरस्थ शेती निरीक्षण	दूरस्थ शेत निरीक्षण	ecb7004f2895459482a2df9ecea97422
af014c4a3ce6462ca14985cce6fd77aa	pollen viability	परागगकण सफलक्षमता	पराग व्यवहार्यता	ce412ae833494687b23a32f2a5f4052f
774135443e714ef2bc7d989b8e7c132e	residual soil fertility	अवशिष्ट मृदा सुपीकता	अवशिष्ट मृदा सुपीकता	5ea2e60e41874da0a4c1b43e2b67582d
13aa34c3ece54dc697646d554bb11d35	residue decomposition	अवशेष विघटन	अवशेष विघटन	146fb77a652a4c4fa1e31ccfb14b6e7d
32a6645d1da04219b4fd729fb9a43624	rooting media	मूळ वाढीचे माध्यम	माध्यमाहां रूटिंग	4847498bf3a744e88f89c84a7844f673
30751c0e6db048898c9755ae474990ed	remote sensing technology	दूर संवेदन तंत्रज्ञान	दूरस्थ संवेदन तंत्रज्ञान	af96abfa7a1047b6a131436ffb348509
b78ce563b5804c14a2240035161e8cf7	pollination success rate	परागण यश प्रमाण	परागीकरण सफलता दर	cf42effd401045f0bf9687d8dbd6b522
0aac6ad92ff540b5bfaa835c582383f9	relief package	आर्थिक मदत पॅकेज, सवलत योजना	आरामो केरा खातोर पोयसा	ced733b5047840c8a1e2e8cdc6f2d8a9
ce665e5ef7a64c42b3964514124dd673	repellent	प्रतिकर्षक	प्रतिबंधक	bd4fc5f98d7548aabb54c1eb34b7b10e
e29cd3ad49574b85aa29bb584febeb5e	powdery mildew	भुरी	भुरी	03c76104eccf45b4bb8950745ea2f2bc
78b2a5b1352b4a99ba7edcf7812d0e58	pollination efficiency	परागीकरण कार्यक्षमता	परागीकरण कार्यक्षमता	b768903fdfda4764919552b1a23b1188
0a1e8e8bdf294192b11d85d911fb8474	residue-free	अवशेषमुक्त	अवशेष मुक्त	fc90eb0175a8409299ce374b7e57a0cd
ac7e75c20e644eeb85e771c522079984	resistant varieties	प्रतिकारक वाण	रोगप्रतिकारक जाती	03714acb41ec41c486391cff78f2b44d
dd429b87822f4322ad8748234e0b866b	resource-efficient farming	संसाधन कार्यक्षम शेती	साधनसंपन्न खेती	fc79f64ee06c4bf9928a22e01b8fb783
d13774f539e44dd0a3822db11a090951	residue-free produce	अवशेष-मुक्त उत्पादन	अवशेष मुक्त उत्पादन	573553b9e1cf4daa9169027602f181ba
a09933e975ad4086bbc645b346923944	rosemary	रोजमनी	रोजमेरी	f11c658d6fc0453b9de473027fbdf836
5d5c625ec3494e9d9e0a54f2971812f3	renewable energy for agriculture	कृषीक्षेत्रासाठी नुतनीकरणीय उर्जा	खेतीखातोर नवीकरणीय ऊर्जा	9fe198daafcb47e7955317cc09865bd6
c3f430478c804a7a80e7eeab59510c04	pollinator garden	परागण करणाऱ्या कीटकांचे उद्यान	परागण केनारांहा बाग	81a9ee101973488e9963a8b0a1deacde
698e02da05ab47788ea8b578fa01d3bf	plum pocket disease	बेर फळ विकृती रोग	प्लम पॉकेट रोग	2f1fbb5f9d85469baca14b61528a2807
fe1c6893d2ec49fdbd4aa1410ad7b0ac	pollen viability	परागकण व्यवहार्यता	पराग व्यवहार्यता	bb936dd1ac234a79bf4619084ce7d679
028e88461b674bcf89dfe9ebf8fc50ac	residual effect	अवशिष्ट परिणाम	अवशिष्ट परिणाम	6aaee1eea2834cdda3cdd997091e5e0b
054f5b8323ec4b7789ed558daf7f3a7c	pollination bag	परागीभवन पिशवी	परागीकरण पिशवी	32a21958136e4a7b9bec56f6066675a0
c9964b8c10ef4f219ca27bd57b62e0a4	retail agri-marketing	किरकोळ कृषी विपणन	किरकोळ खेती - विपणन	ad6a0d2418c54ff6aa2ec3259287a86c
b22693be8297426f9653cd19ea03a022	pollen viability test	परागकण सफलक्षमता चाचणी	पराग व्यवहार्यता चाचणी	f339137bb2ba4732a459dd6b3c263c90
3ea8d8e032974eb8a7269f0ee9b3a3da	reproductive stage drought tolerance	पुनरुत्पादक अवस्थेतील दुष्काळ सहनशीलता	पुनरुत्पादन अवस्थांम  दुष्काळ सहनशीलता	77efea7d0d494b96831d66842158a507
23c8f60049b946ef8bffe68aca17891d	relay planting	एका पिकाच्या काढणीपूर्वी दुसरे पीक घेणे	रिले लागवड	30d2349903ec4b93a21e5dea5672a7eb
b1093c3163044872b11a13da1681aff3	pollination efficiency	परागण कार्यक्षमता	परागीकरण कार्यक्षमता	296059e104b744c2b9f3d9338d022e45
1ebfff842d6242e6b5d70db3533022a8	rhizobacteria	मुळाभोवतीचे जीवाणू	रायझोबॅक्टेरिया	484640b2cb9e4064b87393beb84cb2d9
17a288de781f47dbb887352dd4dd61bc	rooting hormone	मूळनिर्माण हार्मोन	मुळ वाढीचे हॉर्मोन	c93e059ca8f94ca38e4ba392ad271edd
d71f57d420594ad390dd540de4b877f5	residual toxicity	अवशिष्ट विषारीपणा	अवशिष्ट विषारीपणा	ca5bbb545dc449ffba7b5034824e8730
b5b7e37bcca447d2be79c3201a4a52cd	pre-cooling of produce	उत्पादनाचे पूर्व थंडीकरण	उत्पादना पेला ठंडी केनू	67e16cdcbcc4456fa8cd2dd633a2ab41
26556c132b0049aa93af464ba1f4bca6	residual herbicide	अवशिष्ट तणनाशक	अवशिष्ट तणनाशक	268b0d630cca4eb982c6d48e80eba085
8399a585dcb749b082f49b5816ac464a	row cropping	ओळीने केलेली लागवड	रो क्रॉपिंग	6c955913d28e4fc987259e47f59e8fa4
293e7d1263ba401e97ba6a121e9d56d2	rural development	ग्रामीण विकास	ग्रामीण विकास	fabe3aa5136e497bb20959550093e118
b21ae1dba5f84d409be40412d27bb838	root weevil	मूळ भुंगा	मुळ भुंगा	9aeffff82fdd4fac87b0e8cf8925dd65
f41599b96e104d6ebf12d69d5af235be	plug tray	अनेक कप असलेली रोपट्रे	प्लग ट्रे	5ca73deb6c0f45a9b264f5fb258c70cd
e8507316c7514a81b21adfafe5efc368	root-knot nematode	मुळगाठ कृमी	मुळगाठ वालो गोलकृमी	7ae83753b35c414199c9dd108d514b51
5c7e778608fb441699122284a2d15be5	powdery mildew	भुरी रोग	भुरी	f9da5c1e3c6d4a899bf5baa0ce64effb
ded5d9e5f7b94e20ab69f8b50f3cfd6a	remote sensing	रिमोट सेंसींग	रिमोट सेन्सिंग	59c4aea7932849899a198176b5124dab
c4ec76aeaca34e8c8cadfb7913fb27c0	pollinator habitat	परागकण वहन करणाऱ्या कीटकांचे निवास	परागीकरण केनारांहा रेवनू जागो	173fe3a43e504a578f61d6694b8b2590
e9f354155cdb4786ba3edc2e19fb1ef4	pollinator activity	परागवाहक क्रिया	परागीकरण क्रिया	89fb372f600a45e0b683f4b454c642c8
5271de695a734e5ca37e6442c5ae709d	pollinator habitat	परागवाहक निवासस्थान	परागीकरण केनारांहा रेवनू जागो	8bd82851138a4b2facaac5f53982b44c
d31137150a9a4dbd845460fb8b60fecf	root zone management	मुळांच्या क्षेत्राचे व्यवस्थापन	मुळ क्षेत्र व्यवस्थापन	0b2c31e325c64fb6ac34085d38ce1527
36f98e1664c64787bcd25d3c3be4946f	reproductive stage	प्रजनन अवस्था	प्रजनन अवस्था	d935ddccfbe141898e431e7b8db115a0
0f828d4db29d4c89805fe3b525a98367	remote pest surveillance	दूरस्थ कीटक निरीक्षण	दूरस्थ किडहा निरीक्षण	8efa31c462c9425f9213710b24bd4ebf
d87377a2fe4a40439cadcc8070362946	polisher	पॉलिश करणारे यंत्र	पॉलिशर	84eb626df431474bb35fa86e191351c0
3ab1220dade742e6843a9948e2cd2c9f	pollen tube	परागनलिका	पराग नलिका	15133436543a4ffdb658b6ec8daf7167
6ebc3b11617c444b86de7a24aa850269	pollination control	परागिकरण नियंत्रण	परागीकरण नियंत्रण	fbc480141bca4071909dacf08870f09c
9f1e264eb72940ce9c922c611f0029ad	residue-free produce	अवशेषमुक्त उत्पादन	अवशेष मुक्त उत्पादन	d99a0af1565441fc8131694adfa047c2
f2af5021f38e496794a6731e76398d8b	remote monitoring	दूरस्थ निरीक्षण	दूरस्थ निरीक्षण	9144de6c90814796b4c83cdd28b2be34
87e02113ac90458e99274c3e869b96c4	remote sensing	रिमोट सेन्सिंग	रिमोट सेन्सिंग	a74c128147a54f5da09a42d328dacf16
0adab7ad28f445ccab7f28865c501381	resistant cultivar	प्रतिकारक्षम जात	प्रतिरोधी जात	ea3825ed8e4a4f788b778abd76517503
d40dba4f3d234a7ba321c588d0c647c4	pollen dispersal	परागकण विखुरणे	परागीकण प्रसार	860614426d5445a89a5fd3a4c03e1fbd
204adc9e9f5a4a759dc9de6fc777e6c0	resilient variety	लवचिक जात	रोगप्रतिकारक जात	13c40fe753b04de59b840d7458e42a69
2ceb25ce17b243b0a6d1da8ad03b135c	reverse osmosis for farm use	शेतासाठी रिव्हर्स ऑस्मोसिस	खेताम वापरूलो पाअया खातूर रिव्हर्स ऑस्मोसिस	c516d7da7d5d435bbece5dfcd91bc177
c4a127c8dc25467ba8b7aab9e3861d38	resistance management	प्रतिकार व्यवस्थापन	प्रतिरोध व्यवस्थापन	49dbf829915a4ceaaa6c0a45758c84f3
da069223335b4e06b066857e2e91beb4	pollinator decline	परागण करणाऱ्यांची घट	परागीकरण कमी वेहे	dbc2c29b62334846b6b9ee5019667129
0e82cae9a82a4af7b41dcb1125db98d0	pollination failure	परागीकरण अपयश	परागीकरण विफलता	659b718f7e3b483bb939e40e5ef9f81d
b82729bd79664a7287bbcf1b9604b976	rose geranium	गुलाब जेरेनियम	गुलाब	ce605f2bdd5f4b089dea8b0c72cd5308
9bb12a87c7304928bf6cba5607e74a71	replanting shock	पुनर्लागवड धक्का	पुनर्लागवड आघात	d2e3bdca3d9f40289ee562f3785c6ce8
0b8b9590a1e64d209e797c96ea2041e1	pollinator habitat restoration	परागीकरण करणाऱ्यांच्या अधिवासाची पुनर्स्थापना	परागीकरण केनारांहा अधिवास पुनर्संचयन	c6911187b3a54e33af06834ffa26a1fe
4837f6c0691d4f1da5c38fe963088032	renewable energy	नवीकरणीय ऊर्जा	नवीकरणीय ऊर्जा	ac2b0ec126584d6bb6685605d623e4e3
e732664ad3334c75869ccb57a26951f1	pollination rate	परागीकरण दर	परागीकरण दर	fd04eb38a7f8411a8c9f09b0d8c9504d
2630196609904689b1d9ed427f25331c	pre-sowing treatment	पेरणीपूर्व उपचार	पेरणीपूर्व प्रक्रिया	ab0dd32bab23455cab0edb9c8533714b
00092e41ae7a410791fe769e687328e9	residual moisture	अवशिष्ट ओलावा	उरलो ओलावो	59ec79bc50ab4933bdf0413dce8eb34f
5e31a5cab7364fe08a85965500e87a78	plume moth	पिसारी पतंग	पिच्छी	ed3ee2f527754e4cb3c96b3b75b3e6a8
7abc8f14accb46de82e9f990fdff3d6c	pollination service	परागीकरण सेवा	परागीकरण सेवा	3663007921344deeb8a9cb52a145d275
b0b417839c114e37a6b71e9793fa3a65	pollination failure	परागीकरण अपयशी होणे	परागीकरण विफलता	106168530dce4a929e93005bdc3e12c3
f6ed2ba749854f8bb138a3d6f731f62c	residue analysis	अवशेष विश्लेषण	अवशेष विश्लेषण	50c135ae90ec439e90552ee450795e76
5501c953213f4288907dcc675de21136	pollinator attractant	परागकण आकर्षित करणारा	परागीकरण केनारा माशी	95ccb640269244b680e3016a683e5681
dfc7373f93244e7987c8c8daaa695c47	pollination	परागीभवन	परागीकरण	321c091bdc4d4534933bddc1e5dd8272
80ed5a0ffc12445390a86ca59161fc96	residual moisture	अवशिष्ट आर्द्रता	उरलो ओलावो	8b6d01528f0e45ab96a0c15300794b3c
f16b0f8b95a84ebb8032735cf36b644b	pre-emergent herbicide	अंकुरोपूर्व तणनाशक	उगवणपूर्व तणनाशक	46c64c15f81f400db53c00aafb05f44b
00193b4d262a4cb1b7b4eb9bfce96ade	pollinator habitat conservation	परागकण अधिवास संवर्धन	परागीकरण केनारांहा अधिवास संवर्धन	2981ff25079543e0a0a30a3d5d47ac4a
b81becbf590544478ec1e877da38b2b8	remote sensing technologies	रिमोट सेन्सिंग तंत्रज्ञान	दूरस्थ संवेदन तंत्रज्ञान	2dd87a98133b420ebe133ef52e1a6ec2
f1684e60fd8345e6bae18a441bbc2bea	pre-emergence application	उगवणीपूर्व फवारणी	उगवणपूर्व वापर	997a476714894b5c93e0a729ccfe0391
82159ac0f57049f0b7662a57fb3e1c00	pollen	पराग	परागकण	1c7a2f51c8294be3923f1b5695b94fbd
aac33827966c463892886afad2b8ef0b	poultry products	कुक्कुट उत्पादने	कुकडाहा माल	0f54e019b2a94566948ef937a13f5990
527b32b97c6e4702be863fbc225effae	food safety standards	अन्न सुरक्षा मानके	खाद्य सुरक्षा मानके	3eae72ded77e4004ad443661488d35d5
a68803a0b171451c9c632cbbb0c34b23	flood-resistant variety	पूरप्रतिरोधक जात	पूर प्रतिरोधी जात	9c305e99993c4c5aae6b6e6eb9f35595
f090c1be788045f088d3643cb018ce03	flower bud initiation	फुलकळी निर्मिती	फुलांहा कळी तयार वेहे	1fa40cfa4e5b49a8870a6fb9e95700a9
059600b5ca64425995885e64a3741cbe	harvest index	पीक काढणी निर्देशांक	कापणी निर्देशांक	34206134a4354c838df593ff64d1a8d9
3268274d1b814aadb5359f872c3295cc	fertigation controller	खत नियंत्रण यंत्र	खत नियंत्रण	af2775e9efd140cb9a4dcf2bb5dbb350
28de362d4afe43cbae67bc463e9ca826	fruit drop disorder	फळगळ विकृती	फळ गळ रोग	86020ca08060406cb18915fc2fb5f5c1
597f9cdaf2e545a6ae10c6cc0e543ddd	frost damage	वनस्पतींमध्ये दंवामुळे होणारे नुकसान	हियाला नुकसान	851f07c479d945cead212019c70ea3cb
02d32e769f4149f3b8d6374783039855	farmer producer organisation (fpo)	शेतकरी उत्पादक संघटना	शेतकरी उत्पादक संघटना	0cdb5a9601c44794b4a2e5553ddbd311
ce5803c4f6524f1494dc5037cf814fed	harvest optimization	काढणी ऑप्टिमायझेशन	कापणी सुधारणा	b148b0b8a2a246c4a82ba3ef8c1de022
770360e5903d474aabaf8dcddb60a850	early blight	लवकर येणारा करपा	माहरी करपा	56482a14e4384f8eb4a50c1c814c4433
cc6da173d9fa406791721c1ff4dcb385	food safety	अन्न सुरक्षा	अन्न सुरक्षा	a7f93fce68494ee3bcede7c80494b9b4
8c72a7139ea344dc97ee99fae7877a14	fruit fly trap	फळमाशी सापळा	फळमाखा सापळा	bf91bf498f44490cac52aa9f5ce57da2
198d122db6384654b76b5397b74e6ddc	feeder roots	अन्नशोषक मुळे	खाऊला मुले	eab991c8882b413fbd546133b4459dc6
a8f6361205534938b0a433c6226dd4a4	fruit thinning	फळ विरळणी	फळहा विरळणी	1c0213443d2846ab83ee1de7cbd3ac16
8cfd42df67d049418079fcf7e7bc2abc	early warning system	पूर्व चेतावनी प्रणाली	माहरी सूचना प्रणाली	61310da5fb0b492193c96c3415b94280
bbfb1673c9374f0aacd4f09f28b952e6	food crop production	अन्न पीक उत्पादन	खाद्य पिकांहा उत्पादन	228c9ed3f35e45b080958511ebefbc01
2681f7612f0b4788bd2bc283eec9cd61	fertility management	सुपीकता व्यवस्थापन	फळधारणा व्यवस्थापन	7a970e4c05b74726ba407cc8a15f0197
373086740cef4e56ba69377a992ab8e4	fruit rot	फळ कुज	फळकुज	a806646e3f73441f88b8ee51069ef593
8a91b8f4f0b343b1a6ad63140f6dde31	harvest maturity index	कापणी परिपक्वता निर्देशांक	कापणी परिपक्वता निर्देशांक	ca9a357d277e48bc89fa5e575c02b85b
5fc4bbe49ac74558a27684344d9421cb	food production systems	अन्न उत्पादन प्रणाली	अन्न उत्पादन प्रणाली	a67802e3849f4ab18439c7c6f2844495
3cda127aaa37479dad85766ba80b81f0	fssai	अन्न सुरक्षा आणि मानके प्राधिकरण	एफ.एस.एस.ए.आय.	b3cd3e59a51249119fb5a56354cc64b5
05502e47866d4c819511b7ba7e36d5f3	hail net protection	गारपिटीपासून संरक्षण जाळी	गारपीट संरक्षण	14c5b7edb05949e8aea971e8525ee39d
cd8ca3b995f54a38980a62f5a082a8ce	farm waste recycling	शेती कचरा पुनर्चक्रण	खेतामेने कचरा पुनर्चक्रण	c36dc8acc3314b448a8a90c528dce381
d421b1ee99134ed78d04c93cd9ff43fb	feed formulation	पशुखाद्य सूत्रीकरण	आहार रचना	1662c9386ad74d3d85d247e5a8778441
874f4c708b7b4712b863b9e819d2eb72	flowering synchrony	फुलांमधील समक्रमन	फुलांनी एकसारखी येळ	cb1c2e639200420bb83ed20f5130a37e
c6067cf3eb6443fb89e62ca69555de9a	fruit set	फळधारण	फळधारणा	f4f6d61912964fcc9955316aa316a4dd
e79002b944fa4d72bbefaeb8dd045ec1	eco-friendly fumigation method	पर्यावरणपूरक धुरीकरण पद्धत	पर्यावरण अनुकूल धुरीकरण पध्दत	4ff2812292b14bedb886bf04940b024c
80db289bbf594d2196c01b244c3d706e	foliar analysis	पर्ण विश्लेषण	पानांहा विश्लेषण	d19deaca2b154136ade23a13624e677d
d446e0fda76c43e68adb56635b9c868b	farmer innovation	शेतकरी नवकल्पना	खेडूत नवोन्मेष	615202cbe62d4a7b827f1e2be34d21aa
192e03d341db44d1a9c781b6a0d3173f	fertigation	सिंचनाद्वारे खत देणे	खतपाणी	a0c7f539cfa04796ad891af9926bc5a0
0e70b026d4c64f5398cfee0e18db4de7	flea beetles	उडद्या भुंगेरे	उड्या भुंगेरे	f2ec8caa4bf9403b9d6fa0a7a3ccb18e
fa30de0a6f8348479eb86432bd9386c9	food preservation	अन्न परिरक्षण	अन्न टिकवूनूं	0374426ba7b64f1193be68791343d67e
1e304129506341148216c8e2d81a1c3c	flea beetle	फ्ली बीटल	फली	2dab05a1556b4af4a5b849e5fe1a4b95
bf7141d8f05c4f1fa490b672c22880fb	food processing	अन्न प्रक्रिया	अन्न प्रक्रिया	c20c37d8dcfc466d8163a63146fa6a3f
cc0983ffaeda40b4a24975a00c403dc7	halophyte	क्षारीय वनस्पती	हॅलोफाइट	46855cde7dcc49058f824c19a0dd95cc
86d785f8d0ea43a39d221837ba5f9f39	french bean mosaic virus	राजमा मोज़ेक विषाणू	फ्रेंच बीन मोज़ेक विषाणू	f9f8a936d2f64ddab47873c447b5991b
8c6238cf97904393bfb1bf1033bb0199	fruit sucking moth and bark-eating caterpillar	फळातील रस शोषण करणारा पतंग आणि साल खाणारी अळी	फळ चोखणारी पतंग आन साल खाणारी ओली	fddfb29ce66e4913b680dc4727880451
7f154be9497442678d4a05f923453285	hailstorm protection net	गारपीट संरक्षण जाळी	गारपीट संरक्षण जाळी	3d7d32f48f704168bd415ee62760cd64
618bc4269dbe4ec696ab64587275e872	fruit processing	फळ प्रक्रिया	फळ प्रक्रिया	34c424305c9d445493c0355e6dc4b844
dcc9a3c4b6bf4584af31c8a965ccd843	gujhia weevil	गुझीया सोंड/गव्हावरील भुंगा	गुझिया भुंगा	e1c5e5261075402ab43961fbb13efa1e
95d3bbbad1ba444fa842d5ba17b5ba40	hardening off	रोपांची प्रतिकूलतेसाठी तयारी	कडक केनू	441b9739e3984d2cab62ef480327bd55
c1697bd15d334a2fb6da95a7b2d904f0	fpo (farmer producer organization)	एफपीओ (शेतकरी उत्पादक संघटना)	खेडूत उत्पादक संघटना	63e28cb7901b4269ae98c44370f15ba7
4b4551ec2efe440bba6f974e86ede240	freeze drying	गोठवून सुकवणे	हिमीकरण	792d1f6f3b4744029d872b75d5ab01c1
a5a96aa5a45f401b8f18e7e83d8ff739	harvesting stage	कापणी अवस्था	कापणी अवस्था	80312b1be5364dbb8f71833c996e42f8
9cabb1b13edf46ba9d5dccfcef2efdf7	foundation seed	पायाभुत बियाणे	फाऊंडेशन बियारो	306eef4ce6d34f1981b9db928798841c
6e4eb3e3a39a4b23b06dd99dc4093316	floret opening	फ्लोरेट उघडणे	फुलोरा उगवण	1a4110078bb3417789c67ed392cccfbb
414a5ac5cd1140daa706b1c8d9ed9eae	farm-to-table movement	शेतातून ताटाकडे गती	खेतामेने टेबुलुहुग चळवळ	cf6ec3d48bcb48dbae7aa7b867d3f6d4
91dbd97e48f64b5ebfd729bf2fe65693	food waste	अन्नाची नासाडी	अन्न अपव्यय	c2f27d5fd17d4e2f8b36b4d4aed639ab
a611bc36c9544bf0a35e37dc807416a2	ecological farming	पर्यावरणपुरक शेती	पर्यावरण खेती	632f130d52bc4b00b6d37983b787fe6c
1acd4b60770e487595979d6ab2a1f56f	eco-friendly pest traps	पर्यावरणपूरक कीटक सापळे	पर्यावरणपूरक किडहां सापळा	bbf1524a7c654c22876fe7122b8a4dc1
42c64b80b2194f1fa043a3036775f946	farmer producer org. (fpo)	शेतकरी उत्पादक संघटना (एफपीओ)	शेतकरी उत्पादक संघटना	df252b0acd624159abf434a1cb7005e2
54761698bf4b43e9a69212861683dc3a	head smut	हेड स्मट	काणी	06def9156bba4fec88a052b426dc8c3f
e96db59b60544e7eabfa86b9f91e5b84	fisheries management	मत्स्यव्यवसाय व्यवस्थापन	मासे पालन व्यवस्थापन	79a9fbd96075403eb36dc5be91109f88
bc7e70a21d9f48d7a5f94aa36050f8c6	cooperative farming	सहकारी शेती	सहकारी खेती	d8c08627014e48b08a42855c6abc84e2
42f3dd286b8f4d838a3d1e2acf44d8b6	edaphic factors	मृदाशास्त्रीय घटक	जमिनी घटक	30e905ae44da41ebba3fd018456b04c4
246703701a2e4f778828dedeff949d49	guinea grass	गिनी गवत	गिनी ग्रास	6879eabfca5e46aeada5015748d45ebc
39e5eedf05674aa88c0dd0962b1b96db	farm gate price monitoring	शेतमाल गेट किमतीचे निरीक्षण	खेती माला किंमत निरीक्षण	0bffa6e2680b47619c8f776c7f6fc0ac
2e6e91e2c3ab48bf892472b6f679ae04	flood-resilient cropping system	पूरप्रतिरोधक पीक प्रणाली	पूर प्रतिरोधी पीक पद्धत	cf21e1ccb88a43eab879f71f3fb15f0e
07b5a91299524f69beb71fdfd4706ef9	early growth stage	प्रारंभिक वाढ अवस्था	सुरुवाती वाढी अवस्था	88487e6c11ab4237b494c995e626359d
79067c309f4942b0868c6a37dd6ebd80	farm irrigation	शेती सिंचन	खेती पाणी	9bc07952bbd747e295188ac53acc0001
16bc8564b95e45d885701a8ac4ddac9b	fruit fly	फळमाशी	फळमाखा	cf2c212f59ac4b628bf797ac1fb49980
05033d9bd87148ec8d993b48619ef1c6	head rice recovery	हेड राईस रिकव्हरी	तांदळानी टक्केवारी	aa1e53baf4704c92878e40210a26def1
627970075aa4450597a767028762a0bc	fruit drop	फळ गळणे	फळ गळ	abcde059009742a382188926d7d947df
f89f811cb0df4214bd1680b23c590070	frost prevention measure	दव प्रतिबंधक उपाय	तुषार प्रतिबंधा उपाय	f72865eac8104c24ba9e4c322e8136c8
02899f45ff4d488a860186c9e7c2283e	food security policies	अन्न सुरक्षा धोरणे	अन्न सुरक्षा धोरणे	eae9084b3fcd4eb7a5970e6742a38f1b
31a8fe9a4c854132aba9bbb9c4022741	food chain	अन्नसाखळी	खाद्य साखळी	1d43c92578f543c383ff06f20726de64
edc3fa89588b4d9898a1bfe039aa86ca	harvest moisture	कापणीवेळची आर्द्रता	कापणी ओलावो	1006b7d8c15944e1b7c85f1ede60a686
a7098915592c43c1b82e9f04db2f2422	farm sustainability	शेत शाश्वतता	खेती शाश्वतता	5ea24b6739894da88c3754fe221c8441
e7a73d1bdd8d47ffa1c4d5e88b56ceb1	harvestable maturity	कापणीयोग्य परिपक्वता	कापणी योग्य वेनू	1dc14fcf8c90483c972e4b1e59753e57
05164739f9ab40b9ae5ddc658a6f4c34	harvest forecast	उत्पादनाचा अंदाज	कापणी अंदाज	50410fca14824587a1260be5daf334fc
2e411c179e384d0e87f486ab820d8af9	fenugreek downy mildew	मेथी केवडा	मेथी उखालो रोग	6ec97706726e404a84c5994f905e2a07
1f9870edb7c741768d8970a97eb57a5b	french bean rust	घेवड्याचा तांबेरा	फ्रेंच बीन रस्ट	c1d5f0f26f924e7682d4e3f994e1126b
64744673925649ca87ad66f101be8a56	farm waste management	शेत कचरा व्यवस्थापन	खेती कचरा व्यवस्थापन	538ad85afdb7414d95e8b2deaf20034a
86225c815ff546c8bcb6eba9f1178533	food processing technology	अन्न प्रक्रिया तंत्रज्ञान	अन्न प्रक्रिया तंत्रज्ञान	a8655a0416cd4d57ac18273cd1e6242f
fb57644d7c5644a6b2d2f82d0ae29c81	farm irrigation system	शेत सिंचन प्रणाली	खेती सिंचन प्रणाली	e4dc88667a4d40efa14ca0f39d32b6fa
0e5c7b0594d54864b6e0159b151d9ebf	female parent	मादी पालक	मादी पालक	879a4e4efdbf427c85bf5181d23fbcd8
ffb4f54d87274eff8177879131983583	functional genomics	कार्यात्मक जीनोमिक्स	कार्यात्मक जीनोमिक्स	6bb3311d02ad4d70906699137def6fc2
83625a65cb8f420f91bca6cc52eeec4a	flood-tolerant variety	पुरप्रतिरोधक वाण	पूर सहन केनारी जात	a5c578375d5247739254fe5a78aa4a21
ea6e247f7172482e8567e61a0f3e15bb	harvesting loss analysis	कापणी नुकसान विश्लेषण	कापणी नुकसान विश्लेषण	28e739142d434ecdbabe1df96a420409
0e39d83c36a54d4ea5f0bacd5766b60f	hand pollination	हाताने परागण	आथकी परागीकरण	fb1255e1e5d244e0913a1d2dd16ac20a
a075011bf4b84cc8a4fc4237db629f67	feed additive	पशुखाद्य पूरक किंवा खाद्य मिश्रण	खाऊलो पदार्थ	92d739d0c33d49309f3bf80d0910920f
a084ee31f64b4bee8124af8a119dab8e	Not Coming into Heat	उष्ट्रतेस येणे	उष्णताम आवतो नाहा	a41feeb449524862b7e8336052bf8a91
d79b563558d14458b2029e048ef6df60	Hemoconcentration	हेमोकॉन्सेंट्रेशन	रक्तकण केंद्रीकरण	ae26c85a192e4267843cfae974042f65
1464e676c5f644cebdaf862a6231c8b5	History Taking	इतिहास घेणे	इतिहास लेवणू	bf30d6050f3a471fbf92a14315cf4afe
4ad75b9b17fa4d4891bf32ddd181f9cb	Ration Balancing	आहार संतुलन	आहार संतुलन	9733deb1394749ea9eb4191eda50ef6b
5707b612e9c64ae982b9b2fe177c36a5	Infrared Brooder	इन्फ्रारेड ब्रूडलर	इन्फ्रारेड ब्रूडर	3fb44a043c034a138f1b487eee868470
f9a5e3b7df804f5c9d323f00891373d6	Biopsy	ऊतीचे नमुना तपासणी	बायोप्सी	7f7b2bbd58e54eeba25c86b7ed06d26c
2c774ced47cf4c23a3eee52b144439d8	Monocotyledonous Fodder Crops	एकबीजधारी चारा पिके	एकबीजीपर्णयुक्त चारा पिके	3282fdc2feff4e8d9253aad1c7b50b13
4c13a7f3ca154a3ab4879949ac254094	Heat / Estrus	उष्ट्रता / प्रजनन सायकल	उष्ट्रता / प्रजनन सायकल	d68fdc570a7c482ea4ce55acd2a50de7
381e8fff8464446f9dfa44af6cdb2af3	Eosinophils	ईओसिनोफिल्स	इओसिनोफिल्स	1d1ffb35b6004f809a1de0049891d3c8
154d5b9ce96e47c78f50511ec175446c	Hemolysis	हेमोलिसिस	रोगता कमतरता	86de503ccc5946639108dbb2d56c5adb
eb8eb63751784249ac6b687c800dc3cd	Hydrolase	हायड्रोलाज (पाणी वापरून रासायनिक बंध तोडणारा)	हायड्रोलाज (पाणी वापरून रासायनिक बंध तोडणारा)	f1115749fa2b41c3acd61f45c076f1b1
0c90a4e889b246aaa6e5e1c0ba7f625d	Moisture Control	आर्द्रता नियंत्रण	ओलावो नियंत्रण	5af989800e3a4e29986e27a3e8f941e7
cc254cd59e1a46dc9ec08e36f291c4df	Anthrax	ऍन्थ्रॅक्स	अॅन्थ्रॅक्स	c0276e358b6340e59fd32c94eb30ac58
38c602b3ceb6404fa5a307a9c4f38760	yam bean	मिश्रीकंद	यामा बियारो	0c893fe3691b4ded8ded7828147e6ad7
c6949df974f34ce8a8f24a8f69ba8232	Winter Management	हिवाळा काळातील व्यवस्थापन	हियाला व्यवस्थापन	f13905a09f6f4933b29af19c72c85822
b2ac4f1953a74c068ab570e5420c6f08	Staying Alone	एकटे राहणे	एखलो रेवणू	1d95dc7cd9e84147b0b64b9f3becdb87
6ae27f6844aa45799f6c8f4a143f4bf8	Hypothermia	हायपोथर्मिया	हायपोथर्मिया	7c26b540db094d40aefd28901f198577
01b747d99ceb463dbb04777b1d741253	Humidity Requirement	आर्द्रतेची आवश्यकता	आर्द्रता आवश्यकता	5fa33747e64d412d8cbceefb521529a0
5d6ad9c94d7f457b85938d2566419601	Electrolyte Powder (ORS)	इलेक्ट्रोलाइट पावडर (ओआरएस)	इलेक्ट्रोलाइट पावडर (ओआरएस)	6e8deb0b82ab4128ae746e58c4f6f5d8
0653e7e879704b2a95b8277c8fe56c79	Ventilation	हवेचे प्रवेश व सुटसुटीत हालचाल	वारो	7733cf955c104d9586d4e02acffb1d77
d3c50d3ebe934beabf2e63fbb6bc0ae5	Ventilation	हवेची आदळ	वारो	10fe927b0c1f4cc3807e546b1f471155
ceff45337af845aab7f1cad047910d6b	Heparin	हिपरिन	हेपारिन	fc992b2878f04a3a8b8176e999f39ed0
17fd3498c6ac4247a4a95d6cc7ad81f4	Energy Supplement	ऊर्जा पुरवठा	ऊर्जा पुरवठा	7ce63fb1dea8486b88f7320136cc6851
091816a742d048a7997834990e1108a7	Ammonium potassium oxalate	ऍमोनियम पोटॅशियम ऑक्सलेट	अमोनियम पालाश ऑक्झलेट	2d1eed367eef49cda80d1e0fab19de4b
dd563c94f3564edc9437deab70338ced	Total Mixed Ration (TMR)	एकत्रित मिश्रित आहार	एकत्रित मिश्रित आहार	067ee6ad4fd844ad9cfb2e50b9704ece
40fb6245b76a4437adb9a168c210cd67	Hybrid Napier	हायब्रिड नेपिअर	हायब्रीड नेपियर	d728cf548cee41e29a9b4a7e79c97d2b
926089e0c0ca4a55b88f70de21f81e2d	Feed Conversion	आहार रूपांतरण	आहार रूपांतरण	2aa926dbb5f14bb3853011dd922b790b
9f243e832efe4fae9d03ddb11df838ba	Financial Management	आर्थिक व्यवस्थापन	पैसा व्यवस्थापन	d2b4802a791f460cae94170d6641fb44
8418075d19594471bf9dc76b3d23f2ea	Elevated Shed	उंच बांधलेले आश्रयगृह	उचो शेड	a2098e4277c941b68909bdbe244827f6
2f001960a5b54f3d8e06eb79d3d38b11	Electrical Brooder	इलेक्ट्रिक ब्रूडलर	विद्युत ब्रुडर	7133181e4d4047ec95b38d5ea21daad2
6e79896b0d3549749212d31a3382dc58	Estrus Synchronization	ऊत्तरावस्था समकालीन करणे	वापानूं	2705a77ed51b41bebc7449214cce148a
448b222da31844658104d2258ff1022d	High Milk Yielding Breed	उच्च दुग्ध उत्पादन करणारी जात	जाहको दूध अपनारी जात	f7cde2ea339c4853b986a5e7b0f765cd
9c5441115765489e8ae2a329b1667712	Heat Regulation	उष्णता नियंत्रण	तोप नियंत्रण	09185cbad3b74525bb9dccc798222b4d
dfff2c5b853b4507810e0a373b678c38	Feeding Frequency	आहार देण्याची वारंवारिता	पान पांय देवनु	1279ba521a914b87a5b092351c398697
7f570e8fcc89414c953c12008568e334	Feed Quantity	आहाराची मात्रा	चारा मात्रा	a001d7e0d88747dfbd3896b71cfd3cd0
19b8fe15c055469eb48eff8b2f9b7796	Economic Incentives	आर्थिक प्रोत्साहन	आर्थिक प्रोत्साहन	918a5ea043134f12a45c638f41f2d499
4d0aacfb2c694f00a6240d288b2a0fc6	Fibrosis	ऊतककठीणता / तंतुगठन	फायब्रोसिस	1b67663b55a94999a348b80ba4321444
d4ab50f0464f468097ff3968c629dcb8	Feed Hygiene	आहार स्वच्छता	खावनु स्वच्छता	225df2c157834db5bb9b277947754910
0b4cf846b4c342ffb925cf9a59bcc442	Feed Block Density	आहार ब्लॉक घनता	आहारा ब्लॉक घनता	0040d8c4a5fd4fb5950bacc0ea879d0e
2e42afc5ffdb4f7d93d7bb909358458c	yellow mosaic virus	पिवळा मोझँक विषाणू रोग	पिवलो मोझॅक विषाणू	93e73006af7a448a80b33f08f35b6e88
2e8debb39df340b4a9d30f694a07c0a2	weed seed	तणाचे बियाणे	खोड बियारो	e8f250bb606940718de2b40e95c909f4
396bac84df544e50adadce2634f3167a	geothermal energy	भूऔष्णिक उर्जा	भूगर्भीय ऊर्जा	0eea4810d36141b3b0f314436a39a93a
8915090bc47f43c691ccb164331f0e82	weather-resistant crops	हवामान प्रतिकारक्षम पीक	हवामान प्रतिरोधी पिके	ae96972136f346b99199749650bcedf4
1a6711c52a5f4921a8eb4259a64b623d	arrowroot	अरारोट	आरोरूट	1eaea45305304c689d5068fa6a884d5a
e2085556284046e1b74d2a0eadaf442e	weathering	हवामानाच्या प्रभावाणे माती किंवा खडकांचे विघटन	वातावरण	a82e23ada0e547afb9718a9d6cfeff0e
512309b1b6e04ce583aaaaeb5e74148b	kale	सुरणाचा पाला / काळे	काले	78663875aa4c4592a71e21beacb3aa51
f2c7231b0d1a49c89d17193a2daad40b	weather forecasting for agriculture	शेतीसाठी हवामान अंदाज	खेती खातोर हवामाना अंदाज	e7491953dfdc4e28b9f3c926250c9f00
c8a8a93de2364dacaefef599388a526c	water-use auditing	जल वापर लेखा परीक्षण	पाणी वापर लेखा परीक्षण	74ec898f105b40fa96eb3e4a6607754e
d8c8cdf055054584baf714e17b70ee10	white rust	पांढरा गंज	उजली तांबेरा	46c983eb02d9439f9a8b15f62dc84679
814979e4408d4d5fa058ab45c1d0af8a	weather index	हवामान निर्देशांक	हवामान निर्देशांक	c72fd3914c5a4d089dbe5b4070fc6a50
5698733479dd44fca96a20d727f25291	agitation system	ढवळणी यंत्रणा	आंदोलन प्रणाली	f0837de722f049afa3238a4d915a5f89
80c5cfc95c104fbe86d4382cbeada01e	weed seed bank	तण बियाणे बँक	खोड बियारो बँक	c9b7c9ac41ab43298261b9021b908909
94222b7061254b26b33f770bb4ae190d	weather-based crop planning	हवामानावर आधारित पीक व्यवस्थापन	हवामान आधारित पिक नियोजन	7e3f1e41a46646d4a33465f3a4b97bf0
b3072a87639d43e883ce5be364d60156	crop rotation strategy	पीक फेरबदल धोरण	पिक फेरपालट धोरण	fc2d907a8ff3404ab96ca25b4fc9c3c7
fcc34ed343df4df385a40c3f35e69e44	wild relative	वन्य नातेवाईक	रानटी नातेदार	2d63dbae5a2c48ee9ee30c3741cca556
5ecab620674d42ec9ca30dece69de763	wilt	मर	मर	3dd53aef9a76438e9a1c89a9fa3e8a84
67cf2d0f602545368b58d3f70169df8b	agri-biotech	कृषी जैवतंत्रज्ञान	कृषी-जैवतंत्रज्ञान	63719b44d0ec476bb4b76f05bf7133c3
02cd7813b12e445bafa638c615e12171	weather index insurance	हवामान निर्देशांक विमा	हवामान निर्देशांक विमा	9ffca9c96ba446438fcf4a8c7b5dc481
fcd1800768164519ad62840fbf7a386f	wetting agent	भिजवणारे घटक	पायो	fd50360ca61b47ffae7195d945df86ad
0f26d1e9d621457e8639f6b07c97232d	weed control	तण नियंत्रण	खोड नियंत्रण	d8da8f6eec964fd08017c9b18d78b47b
28d553b8055b4be2b22f69655d147f66	artificial insemination in animals	प्राण्यांमध्ये कृत्रीम रेतन	जनावरांम कृत्रिम रेतन	8d725336d812488b8c5ff0d5ba223d3e
ac06244d32f24c5bac23f2fc90044863	cold chain	शीतसाखळी	थंड साखळी	731bcebccc6c40d7b9af0aa291399791
9b30aebb2a0c4e0dae7825e29ea057c8	water-saving technology	पाण्याची बचत तंत्रज्ञान	पांय वाचवुनूं तंत्रज्ञान	7ff407d695b84f4ca8b0189342fa7d8a
358ed8f89d9848bda16c34e912e5157e	weed suppressor	तण रोखणारा घटक	खोड मारुलो	ada48f244fa74082a0c68b37326f96ba
563159db53fd451f8a62c05faaa73034	water-holding capacity	पाणी धरणक्षमता	पांय थोवनु क्षमता	ae3ba65c491849b88b6065b3e31da645
f31f64ea35b34c9f8503e409ab505bb1	wetting front detector	ओलसर भाग शोधक	पायो ओळखुनारो यंत्र	afe2393c02af420e8b30d39d3e0c6e04
396dc5894233437dbd93d691c50864fc	watershed management	पाणलोट व्यवस्थापन	पाणलोट व्यवस्थापन	f7425fec335349e2827a08674bbfb0f4
c2384dc985354c758a2cd876b858356e	wilt resistance	मर रोगाला प्रतिकार	मर रोग प्रतिकार	5ccd7f60f81f4030ae7211c2a9d698e8
0ddd61b8aa14493ead59c1fa7fb8b6fe	aquaponic systems	ॲक्वापोनिक प्रणाली	मासे-वनस्पती सहजीवन प्रणाली	d7e090e226eb4f20ae605bffb8f23f97
797dc3b947eb4b638fa73787b8bb79a9	apical dominance	अग्रस्थ प्रभावीपणा	शेंडाव वर्चस्व	499c9a550a6f4149ac54b6252a95a426
a2f9a9c4460b4353abda14214455273d	wind erosion	वा-याची धुप	वारो	899ffb3a66994b4a8b921c34842a7ee7
5aeda751272b437c8fca9a9d4a7b7c8d	weedicide formulation	तणनाशक संरचना	खोड मारुलो दावो	cede387de826463babb7ec09a2dd2531
088f4d7f57c44b0eac1da5389925e613	weathering of rocks	खडकांचा ऱ्हास	खडकांचे अपक्षय	ca601710517645879b26a4279584fd2e
3ca389fcc53d406f8787d9365323e9aa	aggregation centre	एकत्रीकरण केंद्र	एकत्रिकरण केंद्र	ce699c311a6d4b34ab2ca98afecb4ccc
2aa450e7fb7e4bb39721e8e614fd173b	aquaponic fertilizer cycle	एक्वापोनिक खत चक्र	अक्वापोनिक खत चक्र	3470959974304125a66f521369fb6687
8fed8db844c847d489d3dd1b884c225d	furrow	सरी	सारा	42f96efcf45e44fd9910101b9b7f716e
2e1889c73060466f8d109d5e262d7020	fungicide treatment	बुरशीनाशक प्रक्रिया	बुरशीनाशक प्रक्रिया	6a1ed9aba040474c9d2c28e4ba0c471a
3a46233c6236480aa393aee4714e30c6	damping-off	रोप सड रोग	डॅम्पिंग ऑफ	097988aabfee47f89b2cb5ad14ba4e8e
19f6fd414d6645d1b99aebd888b4e40a	monoculture risks	एकल पीक पद्धतीचे धोके	एकूच पीक लेवनु धोको	aef3fc0f72f14857b71f6dd9b96c22e1
9e47395027cf4269af0091aa8b9d9f47	pinching	टोक कापणे	पिंचिंग	92bbab915bc24e7891b7a9a6d61b5a21
49280af0ac5d427c870684974150c595	multiple cropping	बहुपीक घेणे	खुपदाव	27f7e227ba1846b8bd865ff15e044f09
1511c634d097492fa44190c2539f2d08	mode of action	कृतीची पद्धत	काम केनू पद्धत	a223f2568fa8487892fe5f9bbc2f3b29
c3588cd1be0d4c1991ae193fc43934ca	monoculture impact	एकपीक पदधतीचे परिणाम	एकाच पिका परिणाम	e58cf3b47c004b628c5d339f1bc660ad
8b5536766ee74f90869542644b9986e6	Mites	खाजकी किडे	माईट	ef84df4513884ef18dcc8b91b7ef5e3d
d41a12f5dc534c5dafbdf9c447fc85c8	pit composting	खड्डा कंपोस्टिंग	खाड्डो कंपोस्टिंग	3d3375e5692543d990442d43e2d9f3be
bed904c548d74fb7aae4a9e290d4bdc1	moisture content	आर्द्रता प्रमाण	आर्द्रता प्रमाण	3b2ff1bfb43b4b0b9f96ff062f504dd9
ddf9f903c2e14c20b72c274b47aeeb56	garlic bulb	लसूण गाठा	गोंदला कांद	7c1a452b30cc4da3abed2a3c09707580
e14455dbbc714f669a58a9c1940e2b15	fungicide application	बुरशीनाशक फवारणी	बुरशीनाशक वापर	9d8d11a0da94422db20ab6f107e68598
6ebbfbff51c04207bb754387730df166	Minimum Fat	किमान चरबी	कमी चरबी	9f8a16702de348569ffab02e40144710
47d866288dd54732906826925e9bb4ca	Monocot Fodder	एकबीजीय चारा	मोनोकोट चारा	ccca0a87ea814485ac92060a333ef3d8
1acbf2e43d004d5584b3cdb28b6fcd35	plant clinic	वनस्पती उपचार केंद्र	वनस्पती चिकित्सा	b31cce2f55754c73be30991811c87453
d58410fb28854976be0624753928857c	garlic	लसूण	गोंदलं	fc59e57ff425409097a46f70190784ad
3a50d536aeb44339a54eef4a8aa285d3	garlic-chili spray	लसूण-मिरची पूड फवारणी	गोंदला - मिरची फवारणी	7e3a73fafd3f45a29b07eed90c5f9fd1
7482b8b1f12e477fbecd9648b468d84a	Shed	खोड / शेड	सां	8b4b8d08f1094673907c0853b0417c86
7d3ea931c7d04f9993d5a11e23757544	Omega-3 Fatty Acids	ओमेगा-3 फॅटी ऍसिड	ओमेगा -3 फॅटी अॅसिड	a1b131d5d8a649a0969eea735cbed876
ddc077650ab0429595049cbe196d7b3d	moisture retention	ओलावा टिकवून धरणे	ओलावो टिकवूनूं	78d7ccd00cf14a94a3bc54c595b985b7
1924623cb30c48bc885fd1e8a0f40490	Ticks	कांटे / टिक्स	काटे	74b5347dab1b45ecb1e384ca2a73b040
05d2263ea46a415e8d957e244223f633	Weaning Support	बछडा वेदनानंतरची काळजी	विवा लू त्रास देख रेख केरुलो निगा	ea04d767b3314a51822b19ffa7923633
552451cefa194694bb04d31be20a263f	Suitable Species for Biofloc	बायोफ्लॉकसाठी योग्य मासे	बायोफ्लोका खातोर हारो जात	d730288202d74c08ab3a232f3d18c25e
9da89c4407ce4952b7e44b5fc5242ea5	moisture meter	ओलावा मापक	ओलावो मापन यंत्र	0dd426c28044431989b333749e92b29e
5856a6e10243420a9ea563b1d8bae19b	gap filling	खाडे भरुन काढणे	फुट पोरा	18a6f9572d9645a586dbc0b5f23019df
42afa4bad66d47a68de9f12347c9043a	garlic	लसून	गोंदलं	55eac40160604ff3ae833f3148c3f76e
7b643aa49619440b88818c2f8cf0d438	Hoof Strength	खुर शक्ती	हुफ स्ट्रेंथ	c81216247eb94ac58523cdf237057e52
31312f6dce6f467885dc9763c7b54a59	Integrated Control	एकात्मिक नियंत्रण उपाय	एकात्मिक नियंत्रण	3dcecb10e4564f53a75c09bde3cae4a1
a9b7609fd10a4a589149cd4548a47fc6	Artificial Feed	कृत्रिम आहार	कृत्रिम खाद्य	b8c290fcd6d54908b0a20a81b413891f
c33c948750d04a96b9c98dd26f576469	Deworming	कीटकनाशक देणे / कृमिनाशक देणे	किडे मारुलो	41973f809f0d4d60906f2b22150c3760
6d1864bd42b34f1c80456c21fb2d59ed	rhizosphere dynamics	मुळ परिसरातील बदल	रायझोस्फीअर डायनॅमिक्स	21363f11640141cc83e89f9324a45b41
7546f28955944e94b9c77ef5a4e9176d	precision pest control	अचूक कीटक नियंत्रण	अचूक किड नियंत्रण	33119c8294e9425ea52c0699b7088588
d001f96d64b740d59f759929df775329	ridge sowing	वरंब्यावर पेरणी	वरंबा पोअणी	a833588126e14ed2a89a627370ce608c
6a13f18abfdd4e50ad91c2ee9e11531d	potato scab	बटाट्यावरील खवल्या	बटाट्यावेने खवल्या	280785cd80ac4250a52256b96d8a8abd
813f52b7c7704d248d9b7df15a519276	rhizome division	कंदांची विभागणी	कांद विभाग	bd664aede85349c6b98ec931e333588a
2d836a653a01489891fae2a8a0813630	rhizobium culture	रायझोबियम कल्चर	रायझोबियम संवर्धन	030e5c158a704a3b885f931afbea907f
f554a39ec1af41debd32650617de7a3a	salinity hazard	क्षारांचा विपरीत परिणाम	क्षारयुक्त धोको	e204f7dc2fde4df796d02cbb365472e3
c5d52b4d47fb403b8b0b9013e0de87dc	polyhouse cultivation	पाँलीहाउस लागवड	पॉलीहाऊस लागवड	737b84b7a7894ea482fb19c423a371d1
629fc8a2cd0945a9963415f31f523713	root exudate	मुळांचा स्त्राव	मुलांमेने निघेहे	f7c99c578a9549c0bf7c59c9efccccc9
6e297b9431704b299366f5bda06eda6d	potato tuber moth	बटाटा कंद पतंग	बटाटा कांद अळी	8d5d6a874d4249dfb5c060b58af0b3cf
ba3fd4a72d3749a3a9bd3b5229ac79ad	pond management	तलाव व्यवस्थापन	तलाव व्यवस्थापन	159743c026f348d7bb8e9421d1758b8d
5f7326e54c5342aa9d093ee65dec2831	polyhouse shading	पॉलीहाउस छाया प्रणाली	पॉलीहाऊस शेडींग	07ef7edd2bb0477bb69e2b209ee655d0
523e6bc37318488db52e604a05ea55a0	root penetration	मुळांमध्ये प्रवेश	मुळाम प्रवेश	585a676a989d4b85af0005ba2e4b9889
1eda819935b3413b8cc097962517b259	rural livelihood	ग्रामीण उपजीविका	गावांमने उपजीविका	5aebddc7d9e8422b9e1f46790044aa63
33cee07e426b4766bad1b35204899c49	ridge gourd powdery mildew	भोपळ्यावरील भुरी	शेंडे भोपळा बुरशी	b5dc7c4ff68e455a8acc33ad5edeb9e1
ca7ca8d00e524859b9c37dedea92956d	preservatives	संरक्षक (preservatives)	संरक्षक	bebeff59f5d942d696ffb2c77f3eadf2
f22cbbcc58d241769968696ab1b1a885	rhizobium culture	रायझोबियम संवर्धक	रायझोबियम संवर्धन	28a071690dc342e9b184c5006afbe465
22d9cb80f02c4fdb8d91fba50f6afaeb	poly-cropping	बहुपीक पद्धती	बहुपीक खेती	d330f5e4820e45a4bb3cad2629fbd38f
06753186b0d94f148433794fcda4cf30	postharvest ethylene control	कापणीनंतर इथिलीन नियंत्रण	कापणी फाचे इथिलीन नियंत्रण	0847f82a479b4fbabfc62114e6db5b14
3ee04e8303034958973f4e4b2bdbe28c	post-harvest technology	काढणी पश्चात तंत्रज्ञान	कापणी फाचे तंत्रज्ञान	c72de828ab97469293de55ad869a5142
beaaf0bcd9ca48a0977ecc25cf66ce1b	post-harvest packaging	कापनीपश्चात पँकेजिंग	कापणी फाचे पॅकेजिंग	4c056bcc370349db8079bb5e7825bddd
659ce4e5efa444498740cc76f325ee0b	root trainer	मूळ वाढीसाठी ट्रे	मुळ प्रशिक्षक	c6e93fd6e80245bc80eb3ec1f2336543
4ac7bb1d4249484fa3d6f505c349d628	postharvest pathogen	कापणीनंतरचे रोगजनक	कापणी फाचे रोगकारक	7af1e36a368743f483c5e1ccbd42a08e
ba530fb663e241789169d5f9075186eb	root exudates	मुळे स्रवण	मुलांमेने निघेहे	5504bea3bd364378bf8a43f23db0e94d
cfaebd28c4674e36989a34a728783739	pomegranate bacterial blight	डाळिंबावरील जीवाणूजन्य करपा	डाळिंबावने जिवाणूजन्य करपा रोग	514a1b0242094180a5867bbeb506759e
506f1293c11843c9916f3e75021ec5e2	root biomass	मुळांचे सेंद्रिय वस्तुमान	मुळ बायोमास	6edb90a7b14c4cb2a1868173aa2ea726
69717c244e3141f488f36a0045f33aa1	ridge sowing	वरंबावर पेरणी	वरंबा पोअणी	fa1854886f0b4f2e8286a37b914963c2
8694b4c7bbba431f85be970d6c537a01	potash deficiency	पोटॅशची कमतरता	पालाश कमी	493534d883cb439aa3958abbb5233215
1a1b4728dbda4b50806735dbc15acdee	post-harvest physiology	काढणी पश्चात शरीर क्रिया शास्त्र	कापणी फाचे शरीरक्रिया	0b5643f60f944f3592d2f6c7ca2dbaf5
6ec983ce074e40adb9b0538a08e4fe96	population dynamics	लोकसंख्या गतिशीलता	लोकसंख्या गतिशीलता	54cbc469c5c24fcb85d3c7b7e7e68bf2
fbb6f83fd3044f60a237d5aca1cee80b	root knot nematode	मूळ गाठी निमॅटोड	मुळगाठ कृमी	1d0f5894207d4e158e6a78e5ed6f42f2
012053907a0843b88189d42889f50125	pomegranate leaf spot	डाळिंबाच्या पानांवरील ठिपके	डाळिंबावने पानावेने टिपके	94fb1e16cef84aa8b264acdacfbb3ecb
ad05725edd3d4cb59461dd1c3f024397	rhizosphere	मुळमंडल किंवा मुळांचा परिसर	रायझोस्फीयर	0a8e36fefb87475eb2cb82ede81e1e66
63653c4d738f47cb8f91bc535dd0123e	potato cyst nematode	बटाटा सिस्ट सूत्रकृमी	बटाटा सिस्ट निमेटोड	76e7960c97a6490db1a830348502fe44
397451bd48ec43208bfe4c5cca4ecd9a	potash application	पालाश वापर	पालाश देवनु	80d584ea6dad47c19d734501610ffda0
f11794f596964c8c9ea1a87bab59d921	precision pesticide nozzle	परिशुद्ध कीटकनाशक नोझल	अचूक कीडनाशक नोझल	ce52b45d22e9425ca96fa426ae731d11
314d88d3df104f36baaf09d881bc88f4	post-emergence loss	उगवणीपश्चात हानी	उगवण फाचे नुकसान	5503341081ce438e8f9848c7ec754b00
556aeb61245e4967894f85617803c706	pollinator species	परागण करणारी प्रजाती	परागण केनारी जाती	6358af1ef76a4ba0af403783772d05d6
c6e878664d564aafabfac9cb06729ee5	rice hispa	भातावरील हिस्पा / काटेरी भुंगे	भात हिस्पा	a83f2152e15b4fd4b77983a92a6f75cd
b5e9f7b061cc470e94101680f5338d87	preservation methods	संरक्षण पद्धती	सांभाळनु पद्धती	26b1e5f1bc104ca98d27f2a67e2eef19
6ee9bc6c4f1f425d9f094ea33a3040d7	pomology	फळशास्त्र	पोमोलॉजी	ea708a5749274b0b977bc8a294112a50
6b82e1b6c65c4b72840c6a5a3922ef54	rishi krishi	ऋषी शेती	ऋषी कृषि	b1c931fd4f1e463582ae9e7927c47739
236576386ffa4b54b149fa232c0638d8	potato blight	बटाटा ब्लाइट रोग	बटाट्यावेने करपा रोग	ecf0df533bcc4e1dace1c2e1d53470e8
7a7977a1461648aa8222499e7445997a	precision pollination	परिशुद्ध परागीकरण	हारो परागीकरण	384dd825c09244f2b92d42c5c4dd2507
56fa59faa9f64ba1957430946e837b79	rhizosphere	मूलक्षेत्र	रायझोस्फीयर	6f7b197b5c144672a5921cb2230c14c5
8d9e6e2ed18e42d3a84dbeea18ba518b	risk assessment	जोखीम मूल्यांकन	जोखीम मूल्यांकन	78cc3a19fed945478fbad56821b47726
6477e784e5124eb7bdf72b6b31c9fbc2	saline irrigation	क्षारीय सिंचन	क्षारयुक्त सिंचन	c6a62d36232c433dac46e40518a1f1a5
ed79d1f8003e494b95a65a17f268eb27	saline-sodic soil	क्षारी-क्षारीय मृदा	क्षारयुक्त जमीन	c1e3cd97c7214c7abab9871ec5456c64
9e7f0cc20c204e428a61abf91e0b7f83	rural economy	ग्रामीण अर्थव्यवस्था	ग्रामीण अर्थव्यवस्था	6fffdc9f29754f658719795ab5d491ff
c158d1b090b54e438f1fa3381da0c7db	rutabaga	रुटाबागा	रुताबागा	a6235bab69e140148a5b03d3d0f31298
be5ccd4fca164ef6bf972f91891511fa	saline-alkali soil	क्षारयुक्त-क्षारीय माती	क्षारयुक्त जमीन	ad85eb2ff9aa445e97ba536305e3239b
3559b237483643c99e80b38a8a44a64d	post-harvest loss reduction	काढणी पश्चात नुकसान घटवणे	कापणी फाचे नुकसान कमी केनू	302bd4bc9974437d9fa8ca33659c3055
fbf0e544f08a4adf928b8aa60413a8a7	post-harvest management	काढणी पश्चात व्यवस्थापन	कापणी फाचे व्यवस्थापन	e2b4f3adde02437abac6a3743ebd8e34
bc4d3716e32140a5b2d1cb1de14ad525	potato late blight	बटाट्याचा उशिरा येणारा करपा रोग	बटाट्यावेने उशिराने करपा	70abf02256124bf48eba206328618521
200c3bc420374bf8aafe1191f8f3efe5	safe waiting period	सुरक्षित प्रतीक्षा कालावधी	सुरक्षित प्रतीक्षा कालावधी	c016e0eda61e443ba44ad47e34d90a73
c10441baf90840f092791466067e43e8	precision lime application	परीशुद्ध चुण्याचा वापर	चुना खत वापर	b4de104f1a2b4636ac1b4ec77477d2b3
672f21b18cc64c19bb64ab2809977f33	postharvest value chain	कापणीपश्चात मुली साखळी	कापणी फाचे मूल्य साखळी	d3324181f16649f79b17bf9ea9b44e82
bf00344c8b694fff96aede36105cca44	rhizobium inoculation	रायझोबियम लसीकरण	रायझोबियम टोचण	33ec7a103fa8441f96f0eca04ca47a0d
4eab65645e9c4b1e87a58c1f82dbb2f6	pomelo	पपनस	पपनस	0d1c6f90b803425d8f5c0ee4943734a6
57f6d5bbce2a4f4b80f350fb14f51e08	root exudate analysis	मुळांची स्त्राव विश्लेषण	मुळांहा स्राव विश्लेषण	d0327060df7f4715b5dbcdfd1f8eda2a
b15da30d90a143b990705ed66e64cfa1	precision irrigation technology	अचूक सिंचन तंत्रज्ञान	अचूक सिंचन तंत्रज्ञान	96303c91b19d4f45934754b6ca826d0a
85b15c14760c4aecb8ed3b23fe72f54f	precision soil management	अचूक मृद व्यवस्थापन	अचूक माती व्यवस्थापन	38a2dba909b34cbaa659f44bf61915f7
5221e9f3bbf0407aa0c5ededd21a1852	root pressure	मुळांचा दाब	मुळांहां दाब	ae80baaefca446379479672ce5026fc8
fa2c5182c0774113904d7405ebef2616	potassium mobilization	पालाश गतीशीलता	पालाश एकत्रीकरण	4141474a2e8e4ddfa681d4389b44140f
91d5e5d0366b472c863b38f30f75484f	post-harvest storage	काढणी प्रश्चात साठवणुक	वाडणी फाची साठवण	cc03da6a0cef41e58d5459db222b1a52
5197c332a1a94966a9b61cb252efcf89	pomegranate anar butterfly	डाळिंबवरील फुलपाखरू	डाळिंबावने अळिंबी	7ef282b9cdff48db9dd31ad112b88149
b1d31f48999a41589f410cebec77f531	salinity intrusion	खाऱ्या पाण्याचा शिरकाव	क्षार प्रवेश	afe172e4b65d46e58ec66a52b3d7e8b1
d447522a37404dee9565d9543006b482	potassium fixation	पोटॅशियम निश्चिती	पालाश स्थिरीकरण	f88034943dad4c3ba747f2ebbe077290
32b7cfbb729341169825048797d5a6be	pollinator health	परागीकरणकर्ता आरोग्य	परागीकरण केनारांहा आरोग्य	86f8aca76dc34cccab0dea9a150bd747
5fdb826f9bd1422e84958a00d3a7ac11	poplar	बकाईन	चोवटे	626dd14c0f434b289a2b5161379e859c
a02539082654443ca4f4608c74cecc8e	polyhouse microclimate	हरीगृहातील सूक्ष्म हवामान	पॉलीहाऊस मायक्रोकलायमेट	ae7f7ca7283f4e76b256b3040d5a1ded
b0932704a2ab470f836465727d167881	precision weeding robot	परिशुद्ध तणनाशक रोबोट	अचूक खोड काढणी यंत्र	82317ffd519d40d6ae62b8317d36c5dc
8c667011415b4ae083d6a7e1ea9acaad	root rot prevention	मूळकूज प्रतिबंध	मुळकूज प्रतिबंध	2d406789a5b84426b3ba65a67f178f34
8eeb99260485497b8e671d4bf0e609d1	rust	गंज रोग	तांबेरा	676153fadf214b67bdfc412836dd1338
c58a98ad90cd415fa51d0a11374503d0	salinity stress	क्षारयुक्त ताण	क्षारता ताण	45da2148bf924d199173f5e3bf5fcadc
c322724fb0f04ecfb30ae40d36f9ed97	poppy seed	खसखस	खसखस	5d5d2efd5b3b478f8a4f0778d3314466
f8b4d1f45faa4090b7d6b0b68f1e6ff6	risk mitigation	धोका कमी करणे	जोखीम कमी केनू	226fdf211c2540808ce31bffabc2e4f9
62e95276c6ab4f3ea9642c129d813644	postharvest handling	कापणीपश्चात हाताळणी	कापणी फाचे व्यवस्थापन	93ec5826bb2b4412a4b230c598db859d
cae36568ab0c4920be181f1fe7254168	pollinator support	परागीकरणकर्त्यांची सहाय्यता	परागीकरण केनारांहा आधार	c5f61d08de054dbc9fe325afec3b7b13
d48dd8ee33ea46a9994055a18901084d	postharvest cooling system	कापणीनंतरची शीतकरण प्रणाली	कापणी फाचे शीतकरण प्रणाली	5232ba0b4fe04c16a46d35f0050a17ba
a73be2068ccf4f149351883c9523365a	precision pesticide delivery	परीशुद्ध कीटकनाशक फवारणी	अचूक कीटकनाशक देवनु	39c3adb9af124801bfdcb6f3dc9da232
f786a18e65194d46867240f408d9a0c4	pollinator insects	परागकिटक	परागण केनारा किडे	936346d708aa4f6181ec912d7ef1c804
12a06a9aae694815af60f923bfd37005	root knot nematode	मुळगाठ सुत्रकृमी	मुळगाठ कृमी	315dfc993c6141a99e48ea514e842e1a
e1d2d424507a4ab49fbd7d6abeb52146	post-emergence application	उगवणीपश्चात फवारणी	उगवण फाचे वापर	2ccc26f7fb3f4d1c8b100e1777660788
d51c1c2beec64dc8a3dd1248c9651279	salinity tolerance	क्षारता सहनशीलता	क्षार सहनशीलता	7e5babba13c34761bb0d62fa1d63da71
4ea3d273a57741adaccb6e6ff89cd024	root nodulation	मूळ गाठी बनणे	मुळहा गुठली	0c71df5c58704db39125ef76d811dc23
aa3b2dd22cad41209507766e9140138f	saline water irrigation	खा-या पाण्याने सिंचन	खारो पाणी सिंचन	71ad433714154a8fac79536db67d30dd
27b194381c684312ab7894e1410429bd	root system	मुळ प्रणाली	मुळ प्रणाली	b4857d093eed43269835120232499550
7792954f830a4002ab2b0ed98ff671b7	root cutting	मुळांचे तुकडे	मुळ कातरणी	829da34c33444a7fb74f19c26df3cd2d
9489fb4ebf504ed28ebd052f1dac6cb9	post-harvest pest	कापणीपश्चात किड	कापणी पछेनी कीड	459044e55e214fe4a7e013a3b2bab4c5
50c84287a1f7455d870613887c5fe00a	pore germination	बीजाणू अंकुरण	पोरे उगवण	0e7092c6a78b4cefba7c21c267b0d069
845f490a5e6d4454b45fb65be39b3144	post-emergence herbicide	उगमानंतर तणनाशक	उगवण फाचे खोड मारुलो दावो	bbce14020f2740ee9edb4857828e126e
b4742b4efc4c4a63b0e1da81927c182e	post-harvest processing	काढणी पश्चात प्रक्रिया	वाडणी फाची प्रक्रिया	53254fc576f649b0b77feeb10bb1b5ba
369b0d6b8bca40999251ba9b7c92484c	potato early blight	बटाट्याचा लवकर येणारा करपा रोग	बटाट्यापेने माहरीने करपा	749d01965948452d8e93e5e050e2fbb7
2b915705522947f98f90cd3bec04a8ec	post-harvest refrigeration unit	कापणीपश्चात शीतगृह यंत्रणा	कापणी फाचे रेफ्रिजरेशन युनिट	c32c0bd168d942ca8cdfb5f2c990c4d2
47f52159b5b94140b56a21bed5061e8d	ring spot virus	वलयाकार ठिपक्यांचा विषाणू	रिंग स्पॉट विषाणू	f08ba0f2719d444887ea2a15975b22b8
84eaacb8e2b7487a9113fdf058dab4d6	post-harvest handling	काढणी पश्चात हाताळणी	कापणी फाचे व्यवस्थापन	6f7e362df0c1428e8e8aacd92b8127c3
8ab17f6b6c904716b1e39f295fe5659d	root pruning	मुळे छाटणे	मुलां छाटणी	4c401c3babb84f9791f2dd8c9361c068
ec8740c02d0543b889c1b9c4967bda23	post-emergence weed control	उगवणपश्चात तननियंत्रण	उगवण फाचे खोड नियंत्रण	2fc7a360838744aa97f90b0436de5a68
a248fa0520b748d8ab2e68d3beeba052	root exudates	मुळे स्त्रव	मुलांमेने निघेहे	ef2dba7f81a349958233b67a06de66f7
eb583ab95ddc4d2e95a602c694a10db9	Methane Reduction	मीथेन वायू कमी करणे	मिथेन कमी केनू	94c8f5b04e2c42018cd320bdb196624c
46f73372090445118eff941921be1e11	agrochemical safety	कृषी रासायनिक सुरक्षा	खेती रासायनिक सुरक्षा	00ebd1e23ff94fb4ab7d4e1224b5ff6c
f32ab95b540c41f0a985ce34d0723220	agrochemical input	कृषि रसायनिक निविष्ठा	खेती रासायनिक निविष्ठा	b2237a0727794e73b750ec4866de880a
a0d6fb6033664c51954701c31b2ac032	artificial intelligence in farming	शेतीमध्ये कृत्रिम बुद्धिमत्ता	खेतीम कृत्रिम बुद्धिमत्ता	b95c1d4f3b2641a39ed8e32b0e8bc6c5
0327ffbda22142c6a839d821e243b3f5	weed management	तण व्यवस्थापन	खोड व्यवस्थापन	b1c8ec3f03244dea814ba7976ca1f23b
bf13c7dfd84a44fa8be5eeda0e5e573b	wilt	मररोग	मर	4ca98a4a04054ad59f85fd237bfa8aad
d5ace02fb9984ff5bbeeee197cf4c58b	water-efficient practices	पाणी-कार्यक्षम पद्धती	पाणी बचत पद्धती	fc1d46e6e45c42a3bf2815de071f2701
c6812a3675c04e6f9c9031f7d7ba3f1d	aquaculture systems	मत्स्यपालन प्रणाली	मासे पालन प्रणाली	3f69e72a487c43c4bf345529c851fba7
67af4fb2df794195883bad3d440f373a	weather alert system	हवामान सतर्कता प्रणाली	हवामान सूचना प्रणाली	472edb39873344cda403c2d5420609e6
b1236824d3bf4fd8a197518e162c930b	watermelon anthracnose	कलिंगडावरील काळा करपा	तरबूजवेने अँथ्रॅकनोज	69643b8fc09546a8a399f0c32f18c317
23dd2940275044fda9fb82aed2ffa344	waterlogging	पाणी साठणे	पांया साठो	1ce7beb01a8e4f8ebb20bb7e129ffbbe
0dc9b1f633174bb491b4011662dc2d9d	wind erosion	वा-यामुळे होणारे धुप	वारो	2fb1aeebbc464af5b7db0b88ab924649
74343117bb71446c8801c1c58d16d561	wind energy	पवन ऊर्जा	वारो उर्जा	b1716edb42ee4115ad68d4cff186bc3b
00c161426afe4a66866c5e636e598ae0	agri-supply chain	कृषी पुरवठा साखळी	कृषी पुरवठा साखळी	e4bd0fcb5ca241d9b7ad6491aca59723
cb3e691880fd4c9bb4a3dafc94d858fe	wilt resistance	मर रोगास प्रतिकारक	मर रोग प्रतिकार	f748dfae49e24b2aab9fa75f20394d12
39631e584f1d405492a5396e7a072d1a	weed flora	तण वनस्पती	खोड वनस्पती	2d38ee58e1674c279cc93d4c8a755999
c59fd5d2581a4ae89588fd379daedee1	water-saving irrigation	पाणी वाचविणारी सिंचण प्रणाली	पांय वाचवुनारी सिंचन	26c8f5a28397487484ef29db1cec92d6
1ca5817341c6483f960fc4f76835e3bd	whip grafting	चाबुक कलम	चाबूक कलम	fa0b9359fcfc46728adba445e8ee6bec
98b3a5e9d3794bd2b07d8295a0a107b7	wind energy for farming	शेतीकरिता पवन उर्जा	खेतीखातोर वाराऊर्जा	7aab298f040846e8a808c532c438b282
f21fa1bda1284498963d2b016b5738d3	aquaculture management practices	मत्स्यपालन व्यवस्थापन पद्धती	मासे पालन व्यवस्थापन पद्धती	063bc36b96ca4757889b2c6f626b9ff6
dbb967c481bd422cbd72bd3bfa3f5311	weed shift	तणांचे स्थानांतरण	खोड बदल	09e2d2ba29384ef7a48a9121d2bb9a22
baa0438933984f819848727c388c4f4e	aquaponic farming	ॲक्वापोनिक शेती (मत्स्य व वनस्पती सहजीवन)	मासे-वनस्पती सहजीवन खेती	035b4a2929784b3bac191dec939c385f
6b7bc4e44ffd412ab3985d38302f189b	agri-entrepreneurship	कृषी-उद्योजकता	कृषी उद्योजकता	f3c0749ecc9b4f9babd4170047d72033
df611179e235422b8f717d813807a6cc	watermelon mosaic virus	कलिंगडावरील मोज़ेक विषाणू	टरबूज मोझॅक विषाणू	6e07aac9417d4e3cb703372b0c08277a
537367d29773458783c23c1fc0d740c6	pesticide formulation	कीटकनाशक सूत्रीकरण	किटकनाशक तियार केनू	39899e60dc874e7aa39a8d9059b3d3ac
39338badaa034e0087ca5adcbaf9aa3f	mint leaf spot	पुदीना पानावरील ठिपके	पुदिन्या पानावेने टिपके	24f28013427247e5aea3a0f89f83c927
f2b2fcfb730e4ec6b41e75db65539e9e	pesticide residue	कीटकनाशकांचे अवशेष	किटकनाशका अवशेष	53ad6e2c261545f498268077ac39a709
c1dead2a0a0f463d9ece6c547d464229	phytoremediation	वनस्पतीचा वापर करुन दुषीत माती किंवा पाणी स्वच्छ करणे	फायटोरेमेडिएशन	40936e3a1f9e4da9ac227afed83c1868
25c97cdddcbd49a38a2ab0191bc01596	pest resistance traits	कीड प्रतिकार गुणधर्म	किडी प्रतिकार गुणधर्म	15573c528a2c4468b0a71b9b3289ac0a
454e4d5941b343eb9693d6e3f943ef4e	pest threshold	कीड सहन मर्यादा	किड मर्यादा	91584589e76c482f9d46ca4c66c2c35c
7148a5eeb2a14fe08a048e6e08ce39d2	plant canopy	वनस्पती आच्छादन	वनस्पती आच्छादन	49f8b1b98e704a3ab45ab7f9828563aa
85ff563a873040cabb2e557a43d85628	mosaic resistance	मोझॅक प्रतिकारक्षम	मोझॅक प्रतिकार	67d097630f4a4412b4f5701f4984eb20
7110ef9c5d0147e1b51e4ac82b658ba8	mulch film application	आच्छादनाचा वापर	आच्छादन फिल्म वापर	f2a69ff4bbd3436d92739d8ee710f1ab
22c1bc06da2f442583c19bfeecfffe22	plant canopy management	झाडाच्या छत्र रचनेचे व्यवस्थापन	वनस्पती आच्छादन व्यवस्थापन	e35645b983094992beb5e45fd418f393
0864fac15b2e45648abbedbfd34fb786	moisture conservation furrow	ओलावा जपणारी नांगरणी	ओलावो साठवणुकी खातोर सरी	b08f6f4e4fff446b8bbb827199815673
b21ba4adf09e4b9f9a584945d6deebcb	plant architecture	वनस्पती संरचना	वनस्पती रचना	ce33a083f889430a9e2c427892187b13
3d760e3bf5bb40afadbfbf65da0ad205	pest resistance varieties	कीड प्रतिकारक्षम वाण	किड प्रतिकारक्षम जाती	4f0d9a7e68d5450db7397413cd83744f
02e2cfe6cea948f29e8e5181604e5531	pesticide resistance monitoring	कीटकनाशक प्रतिकार निरीक्षण	किटकनाशक प्रतिकार निरीक्षण	f1a340ace5dd4a679773b637950d62d6
7afc713a7edd4adea7bf473a3aef63df	plant breeder	वनस्पती पैदासकार	वनस्पती पैदास केनारी	1d3fe06d26bb48fd83134624b2e99f50
bd088884e807403cab5475544a0ea7a3	pest management strategies	कीड व्यवस्थापन धोरणे	किड व्यवस्थापन धोरणे	3d40ced258e749f79c3fdc39f2fc302e
01d46f91ad8b4230820ffb78b37cc341	phenotyping	वैशिष्ट्य मूल्यांकन	फिनोटाइपिंग	6362fb5c01db4b6bbbd131b69119fa97
5c02896f50134e2fa2ea0a0698db6b88	phototropism	प्रकाशदिशानुकरण	प्रकाशानुवर्तन	71e0951811d644e3a65a3b7228aa7b72
525d3ea83c3b4f9fb8b572425f9d8659	phytosanitary measures	फायटोसॅनिटरी उपाय (वनस्पती आरोग्य उपाय)	वनस्पती आरोग्य उपाय	4e7b8c28044f498c99711cac367eff50
8b6236b620b9436ab3af6d6b4f56a565	photoperiodism	प्रकाशअवधी प्रतिसाद	प्रकाशकालवाद	92147a3ea8f9495f90dd2773ff8674af
15a9a837fb10446d86ed0ef22c4a6595	molybdenum	मॉलिब्डेनम	मॉलिब्डेनम	b35a1b5929ee4d9395cc0f60d5f7f5b1
22dffc87b8154a59b8966e1bcfd39dab	pest forecasting model	कीटक भाकित मॉडेल	किड अंदाज मॉडेल	b47dbedb69b34dcabede9d5b541c9945
21a9a093e8cb472f8b346499134d5f3d	plant anatomy	वनस्पती शरीरशास्त्र	वनस्पती शरीरशास्त्र	09dd72650aea4992b785d39890c1bc66
2764eb20b0b5432aa3505fdfd7cf22eb	phosphorus solubilization	स्फुरद विद्राव्यता	स्फुरद विद्राव्यता	dd860d88edd641dfa22816dd60b1492f
b9a6d70e11684d92827072d3266e0980	moisture holding capacity	ओलावा धारण क्षमता	ओलावो थोवनु क्षमता	c53f47eb7e7d4fedb9cc34fa12714b37
c3f4332a3bd441c0b09468f5d8b3397b	photoperiod insensitivity	प्रकाशकाल संवेदनशून्यता	प्रकाश कालावधी संवेदनशीलता	eb51175100464e25936bda9affc6a0aa
f8e5e131f81844c392b78aad03532c28	pgr (plant genetic resource)	वनस्पती जनुक संसाधन	पी. जी. आर.	716d6f94b6a54e57bf95c7782089802a
3ce403d2d59e4beb9794988fc528daf0	phosphorus cycle	फॉस्फरस चक्र	स्फुरद चक्र	652881b5c8214939a53a3751c1012140
69ccb9a47ea5452e866b5227adfc4430	phosphorus fixation	स्फुरद स्थिरीकरण	स्फुरद स्थिर केनू	5b3c11e74b474aa38efb7124a5ce0fd9
9dff591d560b4a6db93e9964cc67675b	phytohormones	वनस्पती संप्रेरक	फायटोहोर्मोन	7a8dd60b5c9b4d16ae339e90522dae68
395ed86c580a47058f4e82e9c4ed6735	photosynthetically active radiation	प्रकाशसंश्लेषणीय सक्रीय किरण	प्रकाश संश्लेषण सक्रिय किरणोत्सर्ग	acd77167b39240dd9c068bb2093f3619
502575274a514b9fbf43126612c7f579	mulch retention	आच्छादन धारण	आच्छादन टिकवूनु	6bc20d4c98de463a8445587ce9060452
3d5c6fe203ef491294eadea947b54a93	plant back interval	रोपे आणि रोपांच्या लागवडी दरम्यानचा कालावधी	लागवडी फाची अंतर	713986f7123f4fa2b7e24f308d22a59c
19273ad9c2cc420585a8ad27ff40727f	monsoon variability	मान्सूनची परिवर्तनशीलता	पावसानूम बदल	4b1ac9ec691d4e6caf64e70d6e47a3f0
3ad08f218f724342ae70619405876742	mulch mat	आच्छादन चटई	आच्छादन चटई	a3c5f3a0e9d5493a93b5ee52fcdcf25c
44aa19ee18f74987a507fc61771aeed9	pineapple heart rot	अननसाचा देठ कुजवा	अननसांहां कांद कुज	061cd648a73c4a4a93d9e55e04a212a3
ce274c4f7b0c4d58a8ce616af4fd6471	plant canopy management	झाडाच्या छत्ररचनेचे व्यवस्थापन	वनस्पती आच्छादन व्यवस्थापन	a4bc3bf2ccd64c5584c929002ac2b939
6e52695c526c4f6c8f165db28b4ffb6d	pipali; long pepper	पिंपळी	पिपली	112a377f989143dabea49667025b8cb3
7483a4268b15400daae7a3fe7147084a	moisture deficit index	ओलावा तूट निर्देशांक	आर्द्रता कम वेनू निर्देशांक	b913f75a05bd448d86966c8f70eec31b
0e65856f303e4cb19e64d78e55648c94	persimmon	पर्सिमॉन	सिताफल	0f59e289d1334c41aea9d782d6373a1f
51ecea610b3044728cec171257bf803a	pit method	सिचंन	खाड्डो पद्धत	a87f36a3723f4fa3b29c807f98d6cb66
cef5d9ef7a394cfa88a274b47747faec	pickling	लोणचे मुरवणे	आंबो	9eca3c45dd0144e183cf4efebde90d42
94295c41e86b4518b9032575e8182f62	plant canopy	वनस्पती छत	वनस्पती आच्छादन	7465c34e25ec41c98edbee6b0a83f5af
eefc506348de4ba087a8d880a8e74a7d	pest resurgence	कीटकांचा पुनरुत्थान	किडींहा पुनरुत्थान	bfe3eac7e75c4648acd3e028b6ed1c5a
2e54071255e54eb1bc11767ced7c87b5	plant density	वनस्पती घनता	वनस्पती घनता	81e9019cb67540abb25a44fa6c611e9a
a643444904aa4e3cae1474282922d217	mulch degradation	आच्छादनाचे विघटन	आच्छादन अपघटन	3de47591b02541289c82845b52b35009
25335ed739b64110bdf964439a0dfc7d	pheromone confusion method	कामगंध गोंधळ सापळा पध्दत	गंध भ्रम पद्धत	439fba14640e48b7b04f7e6b0b692f26
328c068d53374031a27873e19cd841e6	molecular breeding	आण्विक प्रजनन	आण्विक प्रजनन	5f1f7418e4b246f7857c59d332ef553c
a9fba0bcbd4f4747946f905c7ed4abcd	peruvian lily	पेरूवियन लिली	पेरूवियन लिली	3799ca8347404f049c875b954325aefd
21d1a1c5cf8042f0b1f041ec7ed85a63	physiological disorder	शारीरिक दोष	शारीरिक विकार	49dd1db0e2e14218946352506f9b9183
d00d2b8775494bc9a61241e372bfd70f	mosaic virus (bhendi)	मोझॅक विषाणू (भेंडी)	मोझॅक विषाणू (भेंडी)	b321600b26054b84b9f211352d6841fd
6d98ce178d84489aac31ae6a028fb230	permeable pavement	सछिद्र फुटपाथ	पांय मुरणारी फुटपाथ	28201acb6e924197a944d2b28360091b
d2ff83bf91b1428597ab7675b64a0de6	moisture stress	आर्द्रता ताण	ओलावो ताण	646b9e4864e9409ca2ac5f51a91222f2
c4f00c7ddf0c43f0a38003adb0cdb1cd	millet	भरडधान्य	बाजरो	d20dc9b2682e4cb5bc594d75e5aa3131
22181ddeb3f1466f9632b535e7d9b496	mobile pest diagnostic tool	मोबाइलआधारित कीटक निदान साधन	मोबाइल किड निदान साधन	d1339ffbd6894381995daade7f9921c4
613168c3881047a69845c5652c2349d7	phosphorus fertilization	फॉस्फरस खतीकरण	स्फुरद खत	0ad37000d1c34ffcabb8459afded70d0
833b6827eb9e43208d3e925305eab7c0	phenology	ऋतुजैविकी	फिनोलॉजी	11957a3d4c2d44139c1638f3f700c9b1
70ccc55ef772444fab64bbaf62411e86	mulch farming	मल्च शेती (आच्छादन शेती)	आच्छादन खेती	f2a3dad3f62b4779a868af7c41b4e376
9313fb34d2ff4e2ca21c58edf72d8e6c	mulch film	मल्च फिल्म (प्लास्टिक आच्छादन)	आच्छादन फिल्म	8601ff8deb814e40ac3fa34bbc09e726
b38c1de79e614d33ad89065f76783669	pimparani	पिंपर्णी	पिंपरणी	3aa243b4b9524d598c7f1f8bbb74fcd2
5d532836707345478679e61e8e8f5cb7	misting unit	फवारा युनिट	फवारणी यंत्र	ec9eea97be0a46978c0dc6b4f30a18b7
e21d7e3be22c447c8f37587bb20f6c3e	phloem transport	फ्लोएम वाहतूक	फ्लोएम वहन	addc1028ad4745e69bafc6d35cf810b9
1de5abe2f8a94e4fa92535bdd1118d0b	plant architecture	वनस्पती रचना	वनस्पती रचना	e27e94bca21d44ff94c0471a25525dc4
1f3894c717c145eab7128b0e189f913a	phyllochron	पर्णकाल	फायलोक्रोन	73421b65464142b4992ed46b34d90470
b72c08d3ae384338bad2d907f165cdf3	mist chamber	धुक्याचे कक्ष	धुक्या खोली	83c3b0126900406e90574b9c0f1287d0
aac6751239b7427180b5deeae6ab5296	pest scouting protocol	कीटक निरीक्षण प्रोटोकॉल	किडहा शोधनू पध्दत	fe1209bab6c74aceaf594465f1643ba7
841bb3f157f14c6ea3c22580806a7457	plant canopy sensor	वनस्पती छत्र संवेदक	वनस्पती आच्छादन संवेदक	a67896cc6ba54594a732b25164c34f73
6aeba9665f4e47828e026cd9119b55e1	mobile irrigation units	मोबाईल सिंचन युनिट	फिरता सिंचन यंत्र	5b4313e34e9e4dbd8868adae1acb69a7
3544495656ca472386ae75114f3e260e	molecular farming	आण्विक शेती	आण्विक खेती	7293f020c2c04e2bb0d57345631a074d
cb456e26f2b34020bcef96ad7aa3a3ff	pgs	पार्टिसिपेटरी गॅरंटी सिस्टिम	पी.जी.एस.	1fd20a03eee9473e8631cc347b5da2fd
60f1d111803b48268bda6104afc8552a	plant breeding techniques	वनस्पती प्रजनन तंत्रज्ञान	वनस्पती पैदास तंत्र	f6bcd8b17626478796bada1f8780d8e1
08e4355431f34d8f9f782cb569996ed5	mite infestation	कोळी प्रादुर्भाव	मावा प्रादुर्भाव	a899ebd6de2d4f4c9f274574eabf922c
89fd05428fd4483ca7f10e0eada76658	mobile-based yield estimator	मोबाइल आधारित उत्पादन अंदाज	मोबाईल आधारित उत्पन्न अंदाज	ca48013a033341fbbe7f74107038ed9e
b56bc32a8b754edfa79749bb27a3e8e3	pinenut	चीरौंजी/चीलगोजा	पाइननट	729a1bd9eb6c4d31831c511ca3e7d4ec
dcd76e2f13da4993ac7c88a0f0ef4724	phytotoxicity	वनस्पतींसाठी विषारी प्रभाव	वनस्पती विषारीपणा	37293d2f3b5c42baa31ad94fe02f2365
7852dd18d9e24c3db99396ef4a259cc0	pest resurgence	कीटकांचे पुनरुत्थान	किडींहा पुनरुत्थान	5ad36caa78b8406c90daf33ff5c964d8
d9e5f60e050a41e89a38bcfec81efa5e	plant acclimatization	वनस्पती अनुकूलन	वनस्पती अनुकूलन	487dc8b6421a40939f687669c32a9717
d292d38fe0b64866bf502ae7c05f1d28	mulch tillage	पालापाचोळा मशागत	आच्छादन मशागत	88cc14526d3f4d4c8865251e7f55ea0b
33652b6900eb4701ad3f2ca35a7193c4	pesticide drift	कीटकनाशकांचा फैलाव	किटकनाशक विसरण	7990326316874116ab49c4d59bb7a1ba
15c14db3a9ed4cd584c2880c3e6fecad	perlite	परलाइट	पर्लाइट	bbac4ec9bbce43f085f14fc7d177bef0
db8b7d6b7ee24cba8e79f340a42e6f35	mosaic virus	मोझॅक विषाणू	मोझॅक विषाणू	cfcaae92c2b3458390beec8ed60dfa2e
1a61dfb4c34a4b9c80fcebfbfb6dbf5a	pest resistance breeding	कीटक प्रतिकार प्रजनन	किड प्रतिकार प्रजनन	ac5fee0959d348b78adb58eaa9f9f396
c97da5e78af94722baa661d21f0c4f88	monitoring protocol	निरीक्षण प्रोटोकॉल	निरीक्षण प्रोटोकॉल	0eac979e7332476ea9fb55df7b20e001
28d28fe67cfc41b18ef0fe68aeed38a3	pesticide resistance	कीटकनाशक प्रतिकार	किटकनाशक प्रतिकार	a97a75daeaaf4486b5d6c9424a222842
e401d505ef2f4d08b294a8bc97f671f7	mint rust	पुदिन्यावरील तांबेरा	पुदीनावेने तांबेरा	0b896b61042d4079b59964383af47f33
1ced808810144120b4ea817a91d72d41	mulch degradation rate	आच्छादन विघटन दर	आच्छादन विघटन दर	623c6d9959b8441d80ac25ae424b047d
dd9e06b9a6614c1ea803b244444153db	mobile-based advisory service	मोबाइल आधारित सल्ला सेवा	मोबाईल आधारित सल्लागार सेवा	6cb05fc778b44edcac87c750c635705f
a27221fde3e34eca89677aa6ea50fd71	mobile soil lab	मोबाईल आधारित माती प्रयोगशाळा	फिरती माती प्रयोगशाळा	5ce1a4e2472e47c286c5320f9eae92f0
a72ded331ac54b51963469d7ebf9b9da	pest-resistant gene	कीटक-प्रतिरोधक जनुक	किड प्रतिरोधी जनुक	4c89f8e70aff4329bb657fb693f3d25c
67075fe8b2014e03b63112b769bf24bc	plant density index	वनस्पती घनता निर्देशांक	वनस्पती घनता निर्देशांक	c5aaa8cd311f444f8dffa1da8ef9cacf
dba626b6971d4be6bb8a25f17f3107c7	pest population threshold	कीटक लोकसंख्या उंबरठा	किडीही संख्या उचे जाहे	4c8cf298c7204290ac94e89e17ffd75a
6c041027e2d64a64a7b5efab587439df	pest-resistant crops	कीटक सहनशील पिके	किड प्रतिरोधी पिके	470568c4e1dc45009e51bc1398401362
0153aa0e5d7349d291f22067d31b7ad7	mobile irrigation unit	फिरते सिंचन एकक	फिरती सिंचन यंत्र	fac3c839dcad42d5a17c18dc544db6d3
5ace7a7989b845f1ba5184f855b0a6bc	mulch application	आच्छादीत करणे	आच्छादन वापर	17a2fb46342c46f084c44ef8d0c8b5a1
b01e00d123464d46926364068f6a04f6	pest forecasting models	कीटक पूर्वानुमान प्रतिमान	किड अंदाज मॉडेल	a9502beb47724ba5b9e6d540e7ae2dec
ee16a790e5a740238c684a5556e86568	mulch degradation	आच्छादन विघटन	आच्छादन अपघटन	534227aac9e74dfda71824402ff13409
6cceef7d0c584d1abcda8e0b438f627e	mulching for weed control	तण नियंत्रणासाठी आच्छादनाचा वापर	खोड नियंत्रण केरा खातोर आच्छादन	aa441789c6b5492abe2c0feca151865d
f22ebde956044f33904629cacacfa821	modified atmosphere packaging	बदललेल्या वातावरणातील वेष्टन	सुधारीत वातावरण पॅकेजिंग	dbddbee7b83349f681f221853ff19719
17ce73384cf246c0a1d3fc616db7661f	phosphorus deficiency	फॉस्फोरसची कमतरता	स्फुरद कमी	0465d89193b44a7b9a765feae27287c4
ff67079b0dde4c9fa94bca503e838af0	photosynthesis rate	प्रकाशसंश्लेषण दर	प्रकाश संश्लेषण दर	37962461c5a74b709682530368fd3283
0b156f57348a4aaba770c3e6182a001a	agrochemical regulation	कृषी रासायनिक नियमन	कृषि रासायनिक नियमन	d5ff6f173c9e4ab2bf079d035a1d6a91
ec60e88abd79487db2209d3973caa18c	alternative energy in farming	शेतीत वैकल्पिक ऊर्जा	खेतीम पर्यायी ऊर्जा	073e5218ef77443bb5f0906c6c12cc4a
30ed5fe2877b4cb4b9e45151c9748e82	crop zoning	पीक विभागीकरण	पिकांहा विभागणी	98727c0288734300945817cb41efbc76
5fb2a96cde944e88911239688dbd7f37	crop stress monitoring	पीक ताण निरीक्षण	पिकांहां ताण निरीक्षण	848c58177e11496fbe81e885dc9de441
1216ffd059bc405c8ba457b2e5aa269d	allelopathy	प्रतिस्पर्ध वनस्पती प्रभाव	अलेलोपथी	e348b3500c634f428f556903e85dfcf1
b2fec929884a46c2b9398aa96c8298a2	agroecological farming	कृषी पर्यावरणशास्त्र शेती	कृषी पर्यावरण खेती	700319fffc1545ba8cf132804217400b
9783d04400e64fe68f8927afce690ef4	air pruning	हवेतील छाटणी	हवामने छाटणी	a0fa714ea3d24ea8b16414451d2a2363
62a7db786b624e0488153e10e1c25420	agromet advisory	कृषी हवामान सल्ला	कृषि हवामान सल्ला	6c5f95478e994c03a597526d9ccef7bb
7cc2a1eda75046f08c0cfff091d65c02	alternate cropping sequence	पर्यायी पीक क्रम	बदलूनु पिकू क्रम	4833d1405c5c4a6b8b22e6b630f74124
8a1b9c2f5bb34b168bcf7259d62cf4e8	agroclimatic zone classification	कृषीहवामान विभाग वर्गीकरण	कृषि हवामान विभाग	88de1e4d411142db94dd675d7443b9fc
2e93d96943174e54bc64bf654d688cb5	agronomy research	कृषिविज्ञान संशोधन	कृषि विज्ञान संशोधन	78e05d1da5524a2f924922644bd55ce0
d03b06fc05ff4f53a5bafbccc607c289	allelopathic weed suppression	प्रतिस्पर्धी तण नियंत्रण	अलेलोपॅथिक खोड नियंत्रण	d4ad08f8395a4db38cacf3a6350a1156
17547ea2d03e47628dbbd4c606cd0df6	agrochemical-free farming	रसायनमुक्त शेती	रासायनिक खेती विरहीत खेती	3504f4704aeb4c878c9f035ecb6ca6f0
0098b47334c1479da505e48d71ac1435	agrochemical usage	कृषी रसायनांचा वापर	कृषी रसायन वापर	c4370263d6c34040a3be510ce340f4c0
74767e488d6e4856bbd9bb872aa1d210	agroecological transition	कृषीपारिस्थितिक संक्रमण	कृषी पर्यावरणीय बदल	10bf5ceaa92a44d1956e7f1a71ff5702
25a49daf7bcb4a2990e126e806afde17	field sensor	क्षेत्र संवेदक	खेती संवेदक	1b0f1629f24c4d54be9d217fb864d59a
316ff86ef0264e9b978c88e84dd368db	agroforestry systems	कृषी वनिकी प्रणाली	कृषी वानिकी प्रणाली	ce83341296ff440682f9036d73e74dcd
b58b70b742294a81a248acca6d059263	crop wild relative	पीकाचे वन्य नातेवाईक	पिकू जंगली नातेदार	85338e0f56f7452fb087528c80119881
80a462a9310b4f0d8fc2e5522282b025	crop weather modelling	पीक हवामान मॉडेलिंग	पिकांहा हवामान मॉडेलिंग	2ae1f1612adc4d7e923dd7c7f0ebcac6
e7bcb922b1fc4de88f4ab343224c3667	agroecological zones	कृषी-पर्यावरण विभाग	कृषि पर्यावरणीय क्षेत्र	0a8bb2a05f1d4e84b3a178ac61ec7969
fe347c65e7ae48769580478ed471aa64	alternate wetting and drying	आळीपाळीने ओले करणे आणि वाळवणे	उलटीपालटीन पिजवूनू आने हुकवुनु	3317829c4f4442ad89e65d4fe0331f73
f698b9c3e657456a809d2643435a8ef2	crop-specific pest control	पीक-विशिष्ट कीटक नियंत्रण	पिक विशिष्ट किड नियंत्रण	a8019664e70d48d58d8c9e8466f57148
a381db5d77424c76ac0d346e85f630e3	alambi or root rot	अळंबी किंवा मूळ कुजणे	आलम्बी नायता मुळकुज	382bec59071b49c2bd18283b7755c4d6
100a89b37449449c847be6ae9ad4b6ab	agroclimatic conditions	कृषी हवामान परिस्थिती	कृषि हवामान परिस्थिती	e621ecd7f64f4c5a86c548b4962bdf80
7b0be6bcca42466aadedbefa3807b263	crop rotation planning	पीक फेरबदल नियोजन	पिक फेरपालट नियोजन	52ccda11fbfa43b99b8be278e62042fd
094c5974803644a2ac650988fa02c907	allelopathic effect	एक वनस्पती दुसऱ्या वनस्पतीच्या वाढीवर परिणाम करणे	अलेलोपॅथिक परिणाम	f6199ef1e5d5439ab86c5de1439cdbea
944ef77fd1cc4b9b9a6327e054869075	agroecological practices	कृषी पर्यावरण पध्दती	कृषी पर्यावरण पद्धती	134bb0b707214472a013cc0e64791df6
dbbbed0ffe104f7da62e3c933b775aae	alley cropping	गल्ली पीक पद्धती	गल्ली कातरणी	b4608103ff9f455b930770d7cc4db8b5
2ee8e1d65f3f4a61bbdfcd21be3b9af8	allelopathic weed	प्रतिस्पर्धी तण	अलेलोपॅथिक खोड	0aff4f5ef700467ea83a44d246f8cf73
d8138db48fbd447d861ca1e9fb828586	crop water demand	पीक जल मागणी	पिकांहा पाण्या गरज	50bcb2448291440688ad85b6628b81c6
fb5f9da59d704590b0e8b26635ae0ea1	crop pollination management	पीक परागीभवन व्यवस्थापन	पिक परागीकरण व्यवस्थापन	8229ec7301aa44bc838de668b71eb217
99c43266655943b7862f5906f5bc0943	agronomical practices	कृषिवैज्ञानिक पद्धती	कृषि पद्धती	6e31cb4157584d229b5373437cfb46ca
0f3b5990301249e2b09173b24b645a44	crop rotation systems	पीक फेरबदल प्रणाली	पिक फेरपालट प्रणाली	576c10fb4d6e4f119d20e745bdd4d490
178a841ad3e943b2b30e6123d568d4c6	agroforestry	कृषिवनशास्त्र	कृषी वानिकी	020adc0f9ea549c59add7d13b3f5f435
b4bdd0cf00ad412cb8c78d804388a783	Shelf Life	टिकाऊपणा / शेल्फ लाईफ	टिकाऊपणा	ab3886b9860743e2ba0bef357f795cc7
d2b9b80180d54c89b7f43efce1d1568f	Gift Tilapia	गिफ्ट टिलापिया	तिलापिया भेट	bd2c5d95f3a34baf85ff10e26da76ec7
2db26b62208c470fb7d993c1bafb7710	Lameness	चाळणे / पायात अडचण	लंगडो	851b4db9ad3940bca7c31c7a69102814
6a2957b1a54f4115b0b35ef627aa451c	Calming the Animal	जनावराला शांत करणे	जनावर शांत केनू	a3603fdbbe40446fa1c7a295db6ce79b
dc3652e7d0034228badb5375c25ca502	Biochemical Oxygen Demand (BOD)	जैव रासायनिक ऑक्सिजन मागणी	जैव रासायना ऑक्सीजना  मागणी	b17fbec17fab4fe28e73d8cd64302b3c
c1fbb80842d343d9a9b79d332c514d87	Grazing Pasture	चराईची जागा	चारो	30dc93c800e647eca2e06cda59df634d
7e4ad31a8c4a405fb2e2b8652216ef5f	Space Requirement	जागेची गरज	जागा गरज	17413dc0b2f04a13947af473f62f181b
efdac50c8c9243a5a4742950f6c6ad34	Bacterial Infection	जीवाणू संसर्ग	जिवाणू संसर्ग	bfa9cd9da08a4395b65ebd14a02551ed
52d4e4669ec74664bf765cbbbd7a0805	Fat Content	चरबी प्रमाण	चरबी प्रमाण	797e21bfe0e9413a983b364c4b236661
473801417bf04db186f790e61f275500	Aquatic Plants	जलचर वनस्पती	पाण्यामनी वनस्पती	d860f44b997a41c98e12e347d3d4a43f
00b479b56522454a971a5a129d7286c6	Feed Mixing	चारा मिसळणे	आहार मिश्रण	2795c5fb67744426ab85a34cc1a87d26
a9b17a2dc8b64016a80503c41caf87e7	Feed Storage Efficiency	चारा साठवण कार्यक्षमतेत सुधार	चारा साठवण क्षमता	c6c443b41e974f7bbc30d63f8dccf6ac
98e1e79246d340a0b86cafdb3420f0cb	Fodder Height	चारा उंची	चारा उंची	3f442b5a72de4cf984f4c89c0a0db2b4
279c7d7297b442bdbc63338196c57965	Value-added Meat Products	मूल्यवर्धित मांस उत्पादने	मूल्यवर्धित मांस उत्पादने	5aa20e669d994541ab8442a6dd486270
dc76e4a90c1f427a829680f6e801e0c0	flowering synchronization	फुलांचा समकालीन फुलवटा	फुले फुलां एकुज टाईमुल	81bc138e714c49ab90b6c40ea610e82c
eff99e3ff17a404da61aa35645dc25b7	multi-nutrient deficiency	बहुपोषक तत्त्वांची कमतरता	बहु अन्नद्रव्ये कमी	836b4da7643a4c19bdb5fee49ca1284f
dc4cf024f597491989e6d4254a2d39c5	Silage Quality Indicators	मुर्गास गुणवत्ता निर्देशांक	मुरघास गुणवत्ता निर्देशके	aff433a5fa5b46e4bffa44c6dfdcd353
8befa79acc2c4ea5b724d3539496e469	Milk Packaging	दूध पॅकेजिंग	दूद पॅकेजिंग	d2ef1ef972e141dd96ac67269610fac0
6c8e1c82435d4a508ce9cf90a0de4030	Killed Newcastle Vaccine	मृत रानीखेत लस	किलड न्यूकॅसल लस	1777344e06684be183bf36b219678f34
8fd506d98e194dab89afd7757e24461b	aquaculture technology	मत्स्यपालन तंत्रज्ञान	मासे पालन तंत्रज्ञान	8f02507be151457eb02d49a7db695c9d
fd747668ca034bb3b7ecfd5695f6f73b	weed suppression techniques	तण नियंत्रण तंत्र	खोड नियंत्रण तंत्र	1f3b6f2559e74b1199bbabdb1ff5d9a7
16bdc4712916414fa7b2ddc19c273d4d	cocoa pod rot	कोको फळ कुज	कोको फोलवा होडणु	1ccd09870e8f4c8d80bf08036282afd9
80226dc8e0fa42309db30fb4e3989c2d	wind break	वाऱ्याचा अडथळा	वारा रोको	e351d85a7dc746c9a83e634ebe9a545f
ac4452b300624ba18f96436c39ceeb9e	wind desiccation	वारा कोरडे होणे	वारो हुकवूनु	adc01fc40cef420096df21e950aab4af
beb5b18ba3fa48a5b92448ae71001bba	weather-based advisories	हवामान आधारित सल्ला	हवामान आधारित सल्ला	782ca659cda742afab6d00911c4cceca
c14f5957525b4f9a97dd0e34bc3aac11	coffee rust	कॉफी तांबेरा	कॉफी रस्ट	6a66998a9fb74387af626c8e7b509f8e
5d9e50afe7ec4df2bdde639fa59f2bb2	iot in agriculture	शेतीमधील इंटरनेट ऑफ थिंग्स	खेतीम आय.ओ.टी.	aa9c57fc7ee940de9a2e7d68327a3605
3d9bb9c530c742cf9d9e65236e8d0162	water-use efficiency	पाणी वापर कार्यक्षमता	पाणी वापर कार्यक्षमता	f6ef88b383ec4a6b8c164f9cde0451ee
2d50939efba34ad08c2ade5751632da7	weather-based forecasting	हवामान आधारित अंदाज	हवामान आधारित अंदाज	9ee0cbd8752c43eb8c6b4d5c3554755c
2be42aac19d74cc38b25898550980a3c	crop residue management tool	कृषी अवशेष व्यवस्थापन यंत्र	पिकाहां अवशेषां व्यवस्थापन साधन	ab87c473c73a41ae851807978c395d9a
fa16e9079c91417ca794700c41b1d9ac	weather based advisories	हवामान आधारित सल्लागार रचना	हवामान आधारित सल्ला	ea93707531864e448023fbef5275c539
373ecb9182ae4982a2704154c302e93b	weed mat	तण प्रतिबंधक चटई	खोड मारनूं	2141e10c2b964172a096e5aeefd453c2
37796dc086d5456d997cbecfb963191c	weather forecast	हवामान अंदाज	हवामान अंदाज	09f3646d94d1402582c737ed39fcbb63
75481a3a09554115b3e788bbd3d4e21e	crop simulation	पीक अनुकरण	पिकांहा अनुकरण	02d9b9acd3374d24b421646f31a6dfab
4d9e21a4eb924658bbc6248f347964be	weed infestation	तणांचा प्रादुर्भाव	खोड प्रादुर्भाव	1d58b5f74922421bb6507e3600513385
5bef80ed2d8d4e6082cce7c64a45ef2d	aquaponics unit	अक्क़्वापोनस युनिट	अक्वापोनिक्स युनिट	0c0ad8e671854dd6966467d2ae507f14
30e50266b4254022b27a17ad1153d883	agri export zone	कृषी निर्यात क्षेत्र	कृषी निर्यात क्षेत्र	1def03800ac2415fb267fc248bc051cc
ac7d622917ae4c42a0ed6987b13dba00	genetic marker	जनुकीय चिन्हक	आनुवंशिक चिन्हां	9230f24135e44144bae5ed59bc1e2647
5e159200723b416f9dacaec8223b5a5d	Milking Machine	दूध काढण्याचे यंत्र	दूद काडुलो मशीन	bc9a9eabe8704d509ee15b9f9d4ee645
0d0ea8e3094748f78c98a1e48cbceaa2	ecological niche	पर्यावरणीय निवासस्थान	पर्यावरणिक स्थान	e234d9b42337428a92deac5261e00ef2
d5498fb377b6432da951de7fed99b8fd	damping off	रोपमर	डॅम्पिंग ऑफ	a01b90c5dc444ad9861fdaccd7e072d3
146eba558afb4943a9010270df935c80	Mortality Rate	मृत्यू दर	मयता दर	a53eea6fbfaa4bd8a96c8db571e7f282
82963c8d45ce457a84b3687e80dc87ca	Silage Maturation Time	मुर्गास तयार होण्याचा कालावधी	मुरघास पाकणू टाइम	738e375f0aca4c8e8dbfe1f5990a4603
1622722e58714945b48012c00badf2fe	flame weeding	ज्वालाद्वारे तण नियंत्रण	आगीम तण काढणी	6a55e915bfb44b40a01b19bcac84d5ad
13289245b63a4ffaa9724fc91ab6322f	Loose Housing System	मोकळा गृह प्रबंधन प्रणाली	खुला पोंगा पद्धत	0452fba6ccda4693931d8a0f21770dff
6dfba24d04754356b89f2fb40f9fd273	food security policy	अन्न सुरक्षा धोरण	अन्न सुरक्षा धोरण	693369a85e9245ad9543664de05d626e
d5bdfc9af0134d228cb49a54a52a76e7	Magnesium Deficiency	मॅग्नेशियमचा अभाव	मॅग्नीशियाम कमी	ec8fd154f8df45a89edf7124d124358a
5e7899ed7839462995d17e8db8ac6815	Mortality Rate Reduction	मृत्यू दर कमी करणे	मृत्यू दर कमी केनू	53750fb7fcbc4bbb9ac49804e61f6bfd
ad722c68750248fea1faea5d0aa2d0ef	foliar nutrient analysis	पानांवरील पोषक तत्वांचे विश्लेषण	पानांमने अन्नद्रव्य विश्लेषण	c131ac83fb704e5487bd4f51938bef04
315f42960072416591837ca38cf576d8	Brain Development	मेंदू विकास	मेंदू विकास	3282fddff17048f0892b6cbb914f9f47
76389d793a7047d58835e60e54f8968b	fish tonic	मासळी अर्क	मासाहां टॉनिक	51428d0df618485d93aa00ec5feff5cb
0a68213fea3d4995b88bb2973de2accb	crop nutrient management systems	पिक अन्नद्रव्य व्यवस्थापन प्रणाली	पिकामेने अन्नद्रव्य व्यवस्थापन प्रणाली	50e2c22c2660496fa3664fae99243626
33a7d13389f24739bad609c633b2c5ce	eco-friendly packaging for produce	उत्पादनासाठी पर्यावरणस्नेही पॅकेजिंग	उत्पादनाखातोर पर्यावरणपूरक पॅकेजिंग	401981ce07cb4b5da760a328a5dde8b6
23c37d9fdf174d8fad45d1bda313dc17	Sheep Meat (Mutton)	मेंढीचे मांस	मेंडी माहां	da1f3bc66a52400eaa3b1fe9d764e4be
f2b909dffaa94837b7da7bff15734e48	flood resistant variety	पूर सहनशील वाण	पूर प्रतिरोधी जात	7035b26e59c34556a31fbeb6c469d02a
89b814672cd848598689565e6521e0fd	mulching with crop residues	काडी काचा-याद्वारे पिकांचे आच्छादन	पिकाहां अवशेषाहां आच्छादन	6fe512acc143460d8e6d0ecaae0d4543
f7d84afc00c943a7b04609505ac7005c	Silage Production	मुर्गास उत्पादन	मुरघास उत्पादन	5176d68719964aa6a79bed62d2214616
acc1feab959c4c0181485f247a97f0e6	Pasture Management	चराई जमिनीचे व्यवस्थापन	चारा व्यवस्थापन	397aae060ce44be895de2477598bd4c6
9dfe054cd7a8493194551c38b774a841	Feed Efficiency	चारा कार्यक्षमता	आहार कार्यक्षमता	7e02f82d16fb40f3a63f363b26d78633
7c67726a1ce6411590afdba685a419d7	Value-added Dairy Products	मूल्यवर्धित दुग्धजन्य उत्पादने	मूल्यवर्धित दुधा उत्पादने	2931687b1d2f4f3db0fa6f462128ffb7
038324bc4fd349a781eafa0bacf2ff18	Silage Pit	मुर्गास खड्डा	मुरघास खाडो	361dce2730f1459f8da8e0ca013ef9e0
df27442e7a324c78a6a0c77b8a4fe49c	Moringa	मुरिंगा	हेगवो	e8efa3a1000c4f26a0be63b12361e422
15d99d138b5d4a1b878b81cd9f3ccc4e	White Revolution	दूध क्रांती / धवल क्रांती	उजली क्रांती	b7112549525649e9ab6b2c01f8c744b8
6e0060ebe2d046f3a11ca859488378cb	wild pollinators	हवेद्वारे परागीकरण	रानमेने परागकण	63c9aa198a4f49629422fe83d2b13aa4
927e199f0c564c6bbdad244e2fe78fe3	Silage Usage	मुर्गास वापरणे	मुरघास वापऱ्यो	3cd0dddf1d2b46af8b05ba8cd2d8f80c
09997749016c4e4aafe2f1fef9bf85d5	gall midge	गाद माशी	गादमाशी	0e35c1898a5c47fa89e1d3d3ba8b939c
b75175ac6ddc432bb0a56303635a0e3a	Silage	मुर्गास	मुरघास	c66eb8bae7224bafa04a40e2c3bd3f3e
5bef1792cdbb4b2381d75ec7d0dc8a9b	foliar absorption	पानांमार्फत शोषण	पानांमेने शोषण	17d2f28b2af74f15a1d794a213b1c71e
5652bf78285547afad3d072841176aa9	Lambing	मेंढीला बाळं जन्म देणे	मेडी	1282c08f3ba04003b738f2b0b0094ad4
340ef852e9604d95ad9f2dc8489ea86e	gap (good agricultural practices)	उत्तम कृषी पद्धती	जी.ए.पी.	a9a96f8cea2d49f7bb855981254c902a
6670bf825c534c0ebf85004288bfdecd	fungal wilt	बुरशीजन्य मर	बुरशीजन्य मर	37d954e1d6d54bc3a8cb3f416ec67804
e06ebc8f4ed945008e73b040d0290fb3	pH of Silage	मुर्गास पीएच	मुरघासा पी.एच.	1693677d8d334027a3d0bb4b57cf4eba
2fd8a5ad35134825a28ee70bf53cdec8	fungicide resistance	बुरशी नाशक प्रतिकार	बुरशीनाशक प्रतिकार	51b4d76450a54fca8f5abe0106590196
21eef09bb35d4e609b7573aea88b2875	flood management	पूर व्यवस्थापन	पूर व्यवस्थापन	f828f960aa0c40cd99b2fb4729801aef
c14bc98a6cd44330be3d8845d166bfb0	Milk Labeling	दूध पॅकेटवर लेबल	दूद लेबलिंग	328e2b2c12f04a9b82c8114dd77f7c73
15a1fbb06af042ffb0d7b3ddd2152d5b	fragrant manjack	भारतीय चेरी	सुगंधी मँजक	fda0acfe0bcf4a97ad53ba587aca7aae
149a76abceab4f1685c6495bc163e0fd	Milking Machine	दूध काढण्याची यंत्रणा	दूद काडुलो मशीन	e4b3298002c94c90b8969712eadd6092
958b0516a91947419330eeffb7043afd	Live Feed	जिवंत आहार	जिवंत चारो	0284163975d24a1fba43a14439a93914
48a02cae045240d19f41535120c4c9a9	Overgrown Nails	जास्त वाढलेले नखे	वाढले नख	d9e83e9196e541ea9c0ecd9fb52e90d7
3ac4c9dfdc554633b5df866290cebafb	Baking Soda	बेकिंग सोडा	बेकिंग सोडा	571d99d8f9704f8fb3d4c6d44cc39f47
2abed9224a2a4ad3ab073295cfed242d	integrated pest control	एकात्मिक कीड नियंत्रण	एकात्मिक कीड नियंत्रण	a764afd5c7f34a95ad49d8c2adcbb578
00045ea2fa9242fd9e38f6f97c054273	intellect tree	कांगुणी/माळकांगुनी	बुद्धी वृक्ष	3572482e5c9b485d83393c772c3d8457
05909204043840eaa39d125cb3950873	intellectual property	बौद्धिक संपदा	बौद्धिक संपदा	c043b3a2f07a49e4923d1ebb37274745
1e2b69c62d04447b8e8003c6f4def60d	crop diversification	पीक विविधीकरण	पिकाहा अलग - अलग पीक	2fd32ec1627e40b2a55353cebf710bc2
4fa63f6f44aa4767946a9168de96ede7	crops with deep roots	खोल मुळ असलेली पीक	खूब मुले रेणारी पिके	8ac35f72bce54150b902348d8787ac67
69000e19f183492a815d3e513014922d	crop intensity	पीक तीव्रता	पिकांहा तीव्रता	6b029f8346a040eaa7a162a65c3387f3
5b7ff04a273c4f198f802aa3348750e7	crop heat unit	पीक उष्णता एकक	पिक उष्णता एकक	03bbe6255dd7465191e98b126097dcde
c577a2837e0946f780f8863d4848df86	mechanical dryer	यांत्रिक ऊर्धपातन	यंत्राकी हुकवूनू	28945bdb558d4bceb36bbb4a1270d651
be91b7998d854c42a265af6374c71f4d	crop diversification index	पीक विविधता निर्देशांक	पिकाहा ज्युदो - ज्युदो पीकं निर्देशांक	7061bd3cffaa4b9a85dbfb89e9c60d73
3e13b6f5eab148a4be4d5d4586867dba	crop contingency plan	पीक आकस्मिक योजना	पिक आपत्कालीन योजना	962b29624b5949fcbf1b95d2bd3150c8
ebfe8a5b9ff649ab81b421ba3360ccd1	internode elongation	इंटरनोड लांबी	आंतरग्रंथी विस्तार	304f879545d34915a4727fedc90e8731
438fa1b39cb54f489014614b072a67c1	intellectual property rights	बौद्धिक मालमत्ता हक्क	बौद्धिक संपदा अधिकार	ab0bdf3d1011423e8e6627a08074cca0
6b803c824e8d4432a506c64f394aeab0	natural enemies	नैसर्गिक शत्रू	नैसर्गिक शत्रू	a0692a6d4dd94170bd198ac190c08814
12348926db2b4c69a84cf3e54062d741	evapotranspiration	बाष्पोत्सर्जन	वाफ बनवीन पांय देवनु	745f498486434e6cb510f5015c86e321
2a8abeff21a643059ca91ee3c2d88ed0	ethnobotany	पारंपरिक वनस्पती विज्ञान	जाती वनस्पतीशास्त्र	0f6afe351ed345e99acab42e453b1c4c
0eb8f01b434f403287a84fd526bd9ec4	farm automation	शेत स्वयंचलन	खेती यंत्रांहा वापर	3a2ae40509d741c5bc166a2fd1ba8394
37441deb0cde4c6ba9ce564df2d3108e	evapotranspiration	वाष्पीकरण व वाष्पोत्सर्जन	वाफ बनवीन पांय देवनु	c4e8a888eee349da8ea30dc0b116877a
dc152ea34ded4177adc1dd17db3d4722	hilum	अवर्धबीजाणू	हिलुम	0970d9244ced49e6a5579c53cf4a07a3
cb7e1f50ed064671beeb487bbeb50f29	integrated nutrient supply	एकात्मिक पोषक तत्व पुरवठा	आपुज खत पुरवुनू	7de468fa9c184698adf35050dd335f34
814d4be4ded34abeb2a814b8100bc115	evaporation pan	बाष्पीभवन पॅन	बाष्पीभवन पात्र	10aca96ecad74aeda4faf41cb2f783e0
611b6d0b9b4d49119bbb6bd45cfae613	Consumer Inclination	ग्राहक पसंती	ग्राहकांचा कल	ed9f1e1772f14fed8e6a0c5e8f076e75
971893253809411b9b074a1493c5d3b6	Mineral Deficiency	खनिजाची कमतरता	खनिजांहा कमतरता	6b33938e801043ca8a259c4914caebbc
3d33c8e7c46d4b34ac4e0f509843e1d4	Herd Registration	कळप नोंदणी	जनावरां नोंदणी	28b60f98ffc24096b415f14a03393158
1e02b36d507d4dae927636b880cf138c	Sitting Posture	बसण्याची स्थिती	बोहनु स्थिती	81d4ae38f7384b36b73ea53df6765688
98a4f7ee03104c3e91d35b7dcf7eb194	Deworming	किडी/विषाणूंचा उपचार	किडे मारुलो	0f105dcd20994ccebbe594a9193bee90
a956f634831040e88b297a6942a88f3e	Vermicompost Production	कृमिसंधारण खत उत्पादन	गांडूळ खत उत्पादन	e48575b873304bbebfbb5c2227289e61
a5b42f1364e4449184c0e7d5c2165ae7	Scaling	खवखवीत त्वचा / स्केलिंग	मापन	cd9d99adbef0444791342712d9641059
aff6a0345df34004a0d1818b27e583d1	Juvenile Deworming	किशोर पिल्ले कीडनाशन	किशोरावस्थेतील जंतुनाशक औषध	878088c2cce04105bf886dfe2d28b164
319104b91fd049db8519334364ca21a2	Concentrate Feed	एकवट आहार (कॉनसेंट्रेट फीड)	हारो खावनु	d35dbc14df864e2c98c29ca73df1d51d
27c8ab760d52437a821decb25be5935b	Minerals	खनिजे	खनिज	f427152b7da54b1293eb21f6e0162c9a
080893cd87194fc5a80989b37fb509c3	Integrated Farming	एकात्मिक शेती	एकात्मिक खेती	67a90b5bcd4f43c28b78aeaaaacdf11d
df7e2b5fd31a4482b738d42a2e3afc8f	Kennel Cough	केनेल खोकला	कुत्र्याहां खोकलो	c6fb4b9ce7da4d02b22949bfdd982b2c
6f3d9f38c35045fbaac46c80c9194059	Calcium Deficiency	कॅल्शियमचा अभाव	कॅल्शियमा कमी	55fe9f547b0e4a58aa32a407e28dd88a
2380ea2f00dd462bbab5b449d2ad46c6	Brooding	बाळ कोंबड्यांची काळजी (उष्णता देणे)	पाळनु	4e9cbe2ac5eb4a5b9872a4507f1387fe
00e238073f4b4197a2a2ddcea94474ac	Dry Matter	कोरडी वस्तुमान / सुका घटक	हुकालो पदार्थ	0a31bca175b64a7091282f1aa5bd029a
8501983aad4c4798b439499ee4005209	Foot-and-Mouth Disease (FMD)	खुर व तोंडाचा रोग	घुऱ्या आणा मुही बिमार	3cfdd2e54fb0448cbf86de3becff8d6e
bd3c2fe421394e3d82d118a4ddaaafe7	Cuttings	कापणी टप्पे	फांद्या	af7551ce706a42e29a82d2151585b944
1db6e257b6324276a869c94940b8d04a	Total Solids	एकूण घनपदार्थ	एकूण घन	bd90eb4dd2194671b1f85a6c9eb919c3
53e57c35446d41baae6d8db84519d5c1	TEC / Total Erythrocyte Count	एकूण लाल रक्तपेशी संख्या	को हता लाल रगत पेशी कोहता हाय	c2d7f29940d3463dbbb33dc833219028
3c627c38ecd44f1a8660217f9b2d3d90	Legume Fodder Crop	कडधान्य वर्गातील चारा पीक	हेंगवर्गीय चारा पीक	c4bb9d49f2604cb79d1346fc1de83c82
0a6102efe44f4d29b69d8bf97dc48371	Ice Pack	बर्फ पॅक	बर्फा पोटी	37083ebb97d44d0585f7c6df20017c1c
b288c0493520494db627e1d9462fedf0	Minimum SNF	किमान घनपदार्थ (नॉन-फॅट)	कमी घन पदार्थ	1431a6ac7c7e4c1aa332745fe237c142
89aba1023ba346f0a2fb8eca2050a7b1	Market Analysis	बाजार विश्लेषण	बाजार विश्लेषण	a8fe844fbd514509b82061983a251426
85873ce01df042cb8895fd4440f5c727	Wet blood film	ओले रक्त फिल्म	ओलो रक्ता फिल्म	7ab6156b8ea44c4da15abc5fad1657be
ed20a3cd29054c168852613f0ea57306	Cream Separator	क्रीम वेगळे करणारे यंत्र	क्रीम वेगळो केनारो	46639d28062e4b3bb27eeb14e7ceca4c
36ec4fd579554286a4aa019f0ed8d811	Artificial Embryo Production	कृत्रिम भ्रूण उत्पादन	कृत्रिम भ्रूण निर्मिती	43a65048f02d4617b7bde7832071e0a0
9bb77aecc2844aadb5e7896e111e1642	pan evaporation	पाणलोट बाष्पीभवन	पानांहा वाफ	4294884a665948819c3e988844b5a6a8
56903d326745402198cedc56662978d8	rainout shelter	रेनआउट शेल्टर	पावसामेने बचाव निवारा	a768b334aa0441078be736d87ad48f23
f74de975bc4f4fb09cc6c2246748d883	sap flow	रस प्रवाह	रस प्रवाह	63e99bd2e00c4aa7bd50a190f0f9a356
433827722cf54b4bbda9f5ce4b3a1f21	protected cultivation subsidy	संरक्षित शेती अनुदान	संरक्षित खेती अनुदान	31902ce2ff9445ef9b98c0abdf22f1d9
d1410cfc4af449ae80645efe55365e96	pear scab	नाशपातीवरील खवल्या	नाशपातीवने खवल्या	7f93e201e7974c4f8025b1f597e2eac4
07ded986da9b4feb9067379f37471e0e	pathogen resistance	जंतू प्रतिकारक्षम	रोगजंतू प्रतिकार	5d7ea98031e342a2891816ef2c829513
7cefb9344f214552904a316f0d1624f5	packaging	पॅकेजिंग	पॅकेजिंग	3db177f24ad44739b0ba1955a80769b4
2c65a6ba11e24e58acf5af1e044ebe17	processing	प्रक्रिया	प्रक्रिया	a168dccfc032411f8d4731f835b7c746
66fba4bf23d3431783614bbd39bbce62	scarifier	खरडणी यंत्र	खरबट	5ac37d30b4164e81b91a64b35cc17dd3
53f615f0e3784876bebf018c27431b94	parthenocarpic fruiting	बीजरहित फळधारणा	फळधारणा	a51a0f9b66cf4ba3be99579746146a97
38969dac9fdd4daf91f01dd490db802b	pseudomonas	स्यूडोमोनास एक सामान्य संक्रामक जीव	स्यूडोमोनास	9ebedda627524385925d62610792bdec
8443bba5054e443ebbc185acd1f6b595	purslane	पर्सलेन	पर्स्लेन	ea15dc0771154a90a64c1534401cfb13
9dd8efa869984b0d8033cdf5491b230a	pear leaf blight	नाशपातीच्या पानांवरील करपा	नाशपाती पानांवेने करपा रोग	19b7d12ffe7e48a5b838015aab3be1b8
74a84992fc184520a02f17cf95f98376	seed coat hardening	बियाण्याचे कवच कठिण करणे	बियारा कवच कडक केनू	a4163e1e3fc5465ab29d643dc6502ef6
6c59aee598424674a68f6d76d9256dcb	participatory guarantee system (pgs)	सहभागी हमी प्रणाली (पीजीएस)	सहभागी हमी प्रणाली	10eb8cb62ec54be291d54cca7bef40da
8fd3ebf123b64e5289e1585533889cfc	rainfall simulation chamber	पर्जन्य स्टिम्युलेशन चेंबर	पायो सिमुलेशन चेंबर	a1986614e5254cedb61d19463cbb8623
fa6509a2c53b42fb840f67123f97be33	sampling technique	नमुना निवड तंत्र	नमुना लेवनु तंत्र	d3421588e9444cce82838dd717e7468b
2cb2edc19e594ee887c9d1cd2f34982d	seed coat hardening	बियाण्याचे आवरण कठीण करणे	बियारा कवच कडक केनू	e5357f98d7ba440eae83ca8f54f7269f
c707f331568943b9aabc2801f106d62e	salt accumulation	मीठ साठणे	क्षार साठवण	73cb4619a055438597515c3f6dbac2a5
581b838ca6c943f88fd00c4ba2806f44	protein metabolism	प्रथिन चयापचय	प्रथिन चयापचय	8f7731a4b1c849a8ab5f0b7933c4a42d
d932771d1c544a05a2972b7d41124d28	price trend	किंमत कल	किंमत कल	1ff1a78378254af783f4ccef3054b94f
c8ceb4286a244d588969ce04a5dda94c	panicle blast	पॅनीकल ब्लास्ट	पॅनिकल ब्लास्ट	414dcffa9fd04deea91646fe6a487e97
72c4bb2cd4954bc1aea0a9c7d50e7108	seed pelleting	बियाणे पेलेटिंग	बियाणे पेलेटिंग	6a0b3e3137a34a22b7efe5f12b5b7eb8
85b1fb1f0224458ea162dc7f04bb1bec	salt-tolerant rootstock	क्षार सहनशील मूळखोड	क्षार सहनशील रूटस्टॉक	7a23dc26701c4e62ba6efe7b2d3b3c43
3012c2ba0cf74fa8b59797307a7218bc	protogyny	प्रथमास्त्रीपक्वता	प्रोटोगाइनी	192ca626cee045ff91d9a2b24602928a
c33140e3f2854dd4abcff14ad7158c9c	salt-tolerant cultivar	क्षार सहनशील जाती	खारो सहन केनारी जात	d59caefabbd342f4ab9b3ce080b1ef97
0a169150348b4322acbf54f805db6084	pest resistance mechanisms	कीड प्रतिकार यंत्रणा	किड प्रतिकार यंत्रणा	b7d87c56eb134ec3b3ff70e44dada2fe
477723eb42ba46b9baea57d36eb8653f	pan evaporimeter	पॅन बाष्पीभवनमापक	पॅन इव्हॅपोरीमीटर	66a2d743d00e407eb26ec0d294b0b4a9
fb71e5c4f1fd403dab9fc258f99d462a	satellite mapping	उपग्रह नकाशांकन	उपग्रह नकाशा	f9138bd7b68046889ff17c7642364d66
a89ac6ea20b64ab2b371ff6263d8c3f2	peach	आडू	पीच	9053559699ae4793bbb8e3623d55e6b1
657bcf21f47d4a9db43562bc09741d4a	pea powdery mildew	वाटाणा पांढरी भुरी रोग	वाटाणा पावडर बुरशी	c2ba41a0110a4011b4a32631e8f97354
1f8afc91d4354fe3aa7a51650100f040	seed dormancy	बीज सुप्तावस्था	बियारा सुप्तावस्था	e8426eb18c8040b0a764719ab3e32334
ae2bb14e7328497e8842cf00a9c3c4be	persimmon anthracnose	पर्सिमॉन काजळी	सिताफळ अ‍ॅन्थ्रॅकनोज	7bf4b1d3d52c414ea0431350bccc1665
8257a61362f240549387b15f4ebd958b	seasonal pest dynamics	हंगामी कीटक गतिशीलता	हंगामी किडींहा गतिशीलता	20625f29ec084c379fdd4a1b7c23f7eb
a211756514444e23bf8182823adaaa31	prune	आलूबुखारा	छाटणी	6b40b0b844c44d448d97358b7f34bb76
46a4ebf525d94b178f8174cb157066f3	primary value addition	प्राथमिक मूल्यवर्धन	प्राथमिक मूल्यवर्धन	b01861f14d5d4a92a11c7e9e817bb21d
62437ea66130452bae59a0d50ac424c9	parsnip	पांढऱ्या गाजरासारखी भाजी	अजमोदा	ca869dec860e42cbaf700cc8a4d61673
206321cbce0342089402253d3afda519	protandry	प्रथमापुंपक्वता	प्रोटॅन्ड्री	36f7135d3eb44543a727bf1cf947529d
4d48b1e8589944dcad947b3e0d0a47d1	rainout shelter	पावसापासून संरक्षण निवारा	पावसामेने बचाव निवारा	0d87df676e4447b4a1b46a511567f5b6
0072478b8be3471abf8b3c9d514aa19d	salinity-tolerant varieties	क्षार प्रतिकारक वाण	क्षार सहनशील जाती	b53636b26a3344f9b7dc3284f582b9bd
ae1dc068914b4d56a7388c72648cd268	protoplast fusion	प्रोटोप्लास्ट फ्यूजन (पेशीतील केंद्रकाशिवायचा भाग एकत्र आणणे)	प्रोटोप्लास्ट फ्यूजन	ac46f891aa934cbe950fa6a0559aa2d0
b15bd988bdef4b289d7e4aa3c2ae142f	pasture management	चराई व्यवस्थापन	चारा व्यवस्थापन	f6a9d17bdfaa451184526124162f8f90
48c6fe94d42f408c95de0a80f063d6d9	patch budding	ठिगल डोळा कलम	फांद्याहा बेणे लागवूनू	540d46c879eb4e1abcf9a7fd1a10fff2
61e147474c1a4948ae3b096809ecdbef	seed certification	बियाणे प्रमाणीकरण	बियारा प्रमाणीकरण	90cab4c2228c4cfd83afe3d60c40a694
8566d12e9f0c46e2967402ce6d006dee	passion fruit; purple granadilla	कृष्णफळ	पॅशन फ्रूट; जांभळी ग्रॅनाडिली	980a9c3eb6cd43c589de2fb392baa211
b2162e8582104f118b98560c4ba216bf	psyllid	सायला	सायलीड	86e6aec467464d6caa35f3ce7c70ff43
0afdfe6258b544f9954d84b34e39420e	rain shelter cultivation	पावसापासून संरक्षित लागवड	वहरातामेने बचाव केनी खेती	c100923523bb4354bba8bbd0a246cb91
4db071c80c5d47ac99894af9a845f4a8	seed certification	बीज प्रमाणीकरण	बियारा प्रमाणीकरण	003e841975f6463aa918daf62de6413a
6d37dea3fb2841e4ba2f8a2ffe484945	salt stress	क्षार ताण	क्षार ताण	579ab5f71b8a4f5d990200ea12adeb51
3da5c35625404565aa987a53571f8fc0	packing shed	पॅकिंग शेड	पॅकिंग शेड	91665ae01d924eb3bca1db646791fa54
e90afeaadc96486089eb56a207b05f70	parboiling	अर्धकृती उकडणे	पांयाम उकडनूं	9eac02d923ba4923ba2ba4b7ee9aac6d
6b5eebdf1aed4405a9e7d85c47539828	seed hardening	बियाणे कठिनीकरण	बियारो कडक केनू	2bf025c4e4c348b78a10af1ca172b739
c15daadbd6974023b40ad1af0440b316	saprophyte	मृतद्रव्यावर जगणारे जीव	सॅप्रोफाइट	958b0f4cdf164637a8bcc74d8808b80e
db006e23b9ac436c99e5401cf72a8afd	propagation medium	लागवडीसाठी माध्यम	प्रसार माध्यम	7359975a0cc24275bbb5252578a81c90
5246993222594c52a1aa00845f5ae142	passion fruit	पॅशन फ्रूट	पॅशन फ्रूट	a3d2ecfdba4e459bb39b84f80b0af208
7fa29f8c03194c7b8d63d942e57ec994	panineer chamba	पाणी सफरचंद/मेण सफरचंद	पाणीनीर चंबा	f6902219decc44629acebdfa6d02368e
8f0cd1a545324ac1afb8793045c33f6d	pest attractant	कीड आकृष्टक	किड आकर्षक	14effb1cef5f424b91b0edec846c166d
3ec7058be3b54c27ba84354e48c12074	seed moisture content	बियाण्यातील आद्रता प्रमाण	बियारा मेने ओलावो	014f122a51ea4d60935ddfef9ce9d982
a6f6245d9a694caea94bb984c6aacdef	satellite technology	उपग्रह तंत्रज्ञान	उपग्रह तंत्रज्ञान	337e0752091b4deca4072ab2417049c7
aa5737b1eb9b417d99500649435c086e	participatory breeding	सहभागी प्रजनन	सहभागी प्रजनन	f8c44fcdbd5c4b1f85469d103301a97c
da6a3372f6254ad98560319057bfedfd	secondary processing	दुय्यम प्रक्रिया	दुय्यम प्रक्रिया	29f6026c78c04e67afc4b643148900e5
272c76c081fe4b22add403d5011b778d	pest monitoring systems	कीड निरीक्षण प्रणाली	किडहा निरीक्षण प्रणाली	0e1f38de5f3d472d90a85a433c366cb7
8dbe1157d2094a7d8206a7b1132832bb	pulasan	पुलासन	पुलासन	3fea3026adb14029b6c5e49ad975ed1b
fd0c749d33ea473e890c9d2795e57ce5	secondary pest outbreak	दुय्यम कीटक प्रादुर्भाव	दुय्यम किडींही प्रादुर्भाव	a2e39f369d3044449271c8d9129799ff
98b81445afef46af84ca81c12002a6c3	scab	खुरट रोग	खवल्या	a608a18bcc6443ba9d77efa30e36eb0f
1da99cf942dd49138d53c892fc75b9c5	perched water table	वरचा जलस्तर	उचो पाय पातळी	445062d17a6147539f1338556b01f301
8490e3ccd71a4e9897912d3b84d098a0	processing unit	प्रक्रिया युनिट	प्रक्रिया युनिट	1836f67e2cfb49f3936316983bf89e8e
d937d7cb0f374ec79317f79efd0a4650	produce grading	उत्पादन श्रेणीकरण	उत्पादनांहा प्रतवारी	f13fbfe1f7134ab1b72e6dfaa3e212db
75505bd63274482ca71acf441db0933c	pest resistance	कीड प्रतिरोध	किड प्रतिकार	71df9c69fe2a4465b3ad00913c81d17e
30cefa131ef14354afe02a06470613be	quarantine pest	अलग ठेवण्यायोग्य कीड	रोगमुक्त	dce623d59211452dae7f30cb51f278b4
5fbb244763ec484a941d564d15037f85	seed invigoration	बियाणे पुनरुज्जीवन	बियाणे पुनरुज्जीवन	1e0efc33aca5489f97e16edb0b4c2528
ed744ba1eed04a2b9886b4b4b0fa75fd	pan evaporation	पॅन बाष्पीभवन	पानांहा वाफ	65309ec0a38842a19c4f52ddbd628277
c64468b665244824a0af2dcd3c1a4f25	pest resistance management	कीड प्रतिकार व्यवस्थापन	किड प्रतिकार व्यवस्थापन	7cb5a85d232f4b028adaa6ade789d982
9589832a2b424317af234a75e8cb40c4	satellite imaging	उपग्रह इमेजिंग	उपग्रह प्रतिमा	3e26b01c6771458c8641882e4cb096a5
30f2630b850e44d881d5873859355447	seed invigoration	बियाण्याला बळकटी देणे	बियाणे पुनरुज्जीवन	fb100b35345c460383a57aed9b35e2a0
4786f23867904531b82dc2c3df9003c7	Regular Exercise	नियमित व्यायाम	नियमित व्यायाम	41bdeb433d03488db823fbccca100576
fe7694ab0d3d4d2baeed791ec45a3e0d	Early Detection	लवकर निदान	माहार ओखूलो	31862554260f43ce897baef23e4f0cac
010aecdd8b7d4ceb81cac649a69eac01	Export Opportunities	निर्यात संधी	निर्यात संधी	935ff7423ef64a7ab8fdb32d44347c88
027fa32bee8145e7bb271f770b3ed76c	Prognosis	रोगाचा संभाव्य परिणाम / अंदाज	बिमारी आगला ने फरक अंदाज वेटे	5db4cdc8001c44618e3c4188199f653b
5880c727977f4793b8637a6b93285494	quantitative trait	प्रमाणात्मक गुण	मात्रात्मक गुण	2ff9908448f54d62871c40181b5f8b67
3e3a21bb1caa409dbf9bc4693429786b	pest lifecycle monitoring	कीटक जीवनचक्र निरीक्षण	किडींही जीवनक्रम निरीक्षण	ec35552489c34cf5bc9eb9c9f946dd5d
1ae4ac8d07874c2b80164eab731947f2	patent	पेटंट	पेटंट	28334844c9d54abc889a51c3ddd129f4
7c1d3bafc36a4fa891979c60b41a3cce	salt-tolerant variety	क्षार प्रतिकारक्षम वाण	खारो सहन केनारी जात	6d138ed59c5240c08aa389bfbe50f305
d903bb67227042c7b5a56d6d16c977cc	panchagavya	पंचगव्य	पंचगव्य	62f176296495401d9b9ae678abfd8ed4
2ee9c7e269f944da9f938ffb506ab7d5	panama disease	पनामा रोग	पनामा रोग	89209f8d7563435c96d524e3ddc1ee32
f78aad6a90404c5bb9bea2421d1a9462	seed bank management	बियाणे बँक व्यवस्थापन	बियारा साठवण व्यवस्थापन	6c4d2f861eee40bdbe7b34d62f5d72c0
e8db1670bb844bd9a20db2586b33243e	palm weevil	पाम भुंगा	ताड भुंगा	ee28d19de0fd4d669f4697bb4874ac5c
893b04ec55e341bb8ad9f8ffa1dc5ec1	pest management strategy	कीड व्यवस्थापन धोरण	किड व्यवस्थापन धोरण	76358100d054415bb7070e3f4a8d1e60
efa70fc845c5478d973db88ef797e543	paragrass	पॅरा गवत	पॅराग्रास	1f542c80e1a741a197dc42abc8f0015e
b4934c4a8add4b779b207e3a30d7cd64	seed pelleting technology	बियाणे पेलेटिंग तंत्रज्ञान	बियाणे पेलेटिंग तंत्रज्ञान	0b20f7c1c9e74de79607235973666bc1
b540837fd63549c8b097f932765befb4	pruning	फांद्या छाटणी	छाटणी	8f6e00d7b49848e2b8b908f374132a39
295caf3969cf479a8404d1dd31ec9e0c	pruning cycle	छाटणीचे चक्र	छाटणी चक्र	11ecc743fd0748f2a5e4d8af088e21a4
db4e6ef46df5460ba562d1cfeb0da542	peach shot hole disease	पीचचा छिद्र रोग	पीच शूट होल रोग	c2639b8d97b447029da142e55ae2e8b8
43dbf845eb4d47a2a48821966309302c	seed multiplication	बीज गुणन	बियारा वादनू	904b9565225d46d4864940c6a62c5e28
5dca7e0fb3544ef9b3b084117d3128d2	salt index	क्षार निर्देशांक	क्षार निर्देशांक	e25847bf04274b7bb6fcac334a453e0d
b89d03881fb0476bb0f6c229571ec170	peach leaf curl	पीचच्या पानांचा मुरड रोग	पीच लीफ कर्ल	7885e8ffa00941b285afd3e090b5101f
10ef86a030194aafa301d3d3ce9659d2	rainout shelter experiment	पर्जन्यप्रतिबंध आश्रय प्रयोग	पावसामेने बचाव केनू प्रयोग	ef339a203023427da905549925dc2d21
7f9530aaeacc483a8468db2af1ec0d63	salinity tolerance	क्षार सहनशीलता	क्षार सहनशीलता	4e6f0215b65b4bfeb0926ffbbd1b7810
22f40ad4491d4cda9de1752002f722f8	propagation chamber	प्रजनन कक्ष	प्रसार कक्ष	d69e8a6eaf954d29a31c4f5b013b5fd9
e8b8fcf28c564e2eb8178fec8258e510	packaging materials	पॅकेजिंग साहित्य	पॅकेजिंग साहित्य	241b51bda78b4a678701e10b31e5d77d
76b8a1c4e8354762aecd43b01ebb2dfc	seed hardness	बियाण्यातील कठोरपणा	बियारा कडकपणा	b0fc556beb824581a8fedb381f40b07a
ce4e1605abca4103bbadd921c25546e0	quinone	किण्वन	क्विनाॅन	15e5b59bd4ba410f8c665e9a18ad4dd5
1b13fe5a55a844ec8d09e33d753cc982	passion fruit blight	पॅशन फ्रूट करपा	पॅशन फ्रुटावने करपा	d9975ec2e9e047fe89db4f9b6c92e076
bc4ec48b77a446879e418a8a9ee327a6	protein content	प्रथिन प्रमाण	प्रथिने	c92856764e424165aaf43af620200a6f
0d65927e129a4485993869c224aef121	Discharge	निघालेला पदार्थ / डोळ्याचा स्त्राव	विसर्जन	804365eafafa4b95a005d225fa80d4b8
cf93d8d84f0245448176e26163b3b5ba	Fingerling	लहान मासे / फिंगरलिंग	हेंगला	0950d366d288458485442d21458e4f2c
26e5e83d686b460b8c599d6e2cdb8cfc	Pathogenesis	रोगनिर्मिती प्रक्रिया	रोग निर्माण	9437c648ee6d41b8a7554a0f943a4c6d
7b5cd51114e749d5bec8ca74e8f49b82	Maintain Records	नोंदी ठेवा	नोंद थोवनु	1ba67b714ba34f9086cca1f7a2a24eb2
cf827583e2814fb880bef21e8725b95b	Paneer Press	पनीर प्रेस	पनीर प्रेस	eff4d88df16b4fbbbb31a8723e17cecc
906f338ee4514c188ff4b7d0f90fc82a	natural pesticides	नैसर्गिक कीटकनाशके	नैसर्गिक किटकनाशक	9e825c1f85e0439b8e99ea75adeed9fa
f86d1e268ebf4a8884f41599d7c88948	quincunx planting	कर्णरेषा किंवा भराव प्रणाली लागवड	क्विंकक्स लागवड	a377a2a8db214ea29d7f9d97b688a743
75c0c1824d7f42b6bbafd0889a9e74e7	evapotranspiration estimation	बाष्पोत्सर्जन अंदाज	वाफ उत्सर्जन अंदाज	3e15987ec0654095aea78814ca633cdd
b508e027f499467daeb2a88a0072582f	crop growth regulator	पीक वाढ नियामक	पिकांहां वाढ नियंत्रक	ed173d5548a0441ea03ca5bce53eb461
47b91c91fec148cca973da146d27a702	lure	आमिष	आमिष	2ef6f1fb05fa4d9ebc4c467f125fb98c
bcbb2642a6244d50aa1dd38298b02ac9	exclusion zone	वगळण्याचे क्षेत्र	बहिरी भाग	9daaa3d28d1240ffa4beff3cd5448205
6a1e52536f7d4e8b8f4d6f64c5131d17	integrated disease management	एकात्मिक रोग व्यवस्थापन	एकात्मिक रोग व्यवस्थापन	56b2433f90b745aeb4f0bd0589a4c027
671047974c0646eab31c36a69922e9a8	integrated food systems	एकात्मिक अन्न प्रणाली	एकात्मिक अन्न प्रणाली	0128f1b90b604ed6b7161105a3334ec3
769572e4777d4a49aa9d85217a630a2c	ex-situ conservation	बाह्य संवर्धन	जागावेने बारेने संवर्धन	1d4a88d2493a4b1eab7a67aa50619898
bbc77669eab94b0da7f347c23d975241	cross-pollinated crops	परपरागीकरण पिके	परागीभवन केनारा पिके	462ebd02b0f54932acf4b96c815af50c
90ee5065e426446397dccf8af56a448e	crop health assessment	पीक आरोग्य मूल्यांकन	पिकांहा आरोग्य मूल्यांकन	363c950c94f3444e96222295b53c0daf
6387d2fa1ba149aa850d623b7e4ef27d	cropping system design	पीक पद्धती रचना	पीक पद्धती रचना	bd9ccafdb24a46a397fe587e77865d08
c9eed44b708945ea85f0b019edf35bb5	crop damage assessment	पीक नुकसान मूल्यांकन	पिकांहा नुकसान मूल्यांकन	f0a51bee9c1a455982f5f2df1bede62e
79aa8a5f5a5e4458b0c8bb2cb9c4a748	crop growth stage	पीक वृद्धी अवस्था	पिका वाढी अवस्था	16202d06622741cc9e003e52a260505d
c1bb1a8f2f0842bca4ecbc920dfaaddd	crop domestication	पीक स्थानीकीकरण	पिकांहां पालनु	357084cb243d44c9876d4b39c32670f7
de80239add32449da73618d95c69e4f0	crop-specific weather alert	पीक आधारित हवामान इशारा	पिकाहां विशिष्ट हवामाना सूचना	5af49f6fb39d401e8896160258a4bd60
fce409e7c5ef449ba9c38ce9a1513860	crop genome editing	पीक जीनोम संपादन	पिकांहा जनुकीय संपादन	0f17abed816d4407a8d12b5543812688
fa82987751d1453c866765ba409aa3aa	garlic white rot	लसणावरील पांढरी मुळकुज	लुहां पांढरी रोग	cc30d46d9c3b43bfacdb01b19fe12325
17615db3c88c411995c24e2fa74e5186	Roots Feeding	मुळांसह चारा	मुलांहांन खत देवनूं	a5a2c6e10f314e33baf95af77f365ba4
ff8c8c96e4284ebf97f91096de97936d	Value-added Dairy Products	मूल्यवर्धित दुग्ध उत्पादने	मूल्यवर्धित दुधा उत्पादने	ad1b881481154c7992afdac69fa5aff4
d0352f5c267f4c7fa7768605f9cfd4c1	fusarium wilt in tomatoes	मर रोग	टमाटांमने फ्युजेरियम विल्ट	d20488096f0a4f219f12eca006f5c1d5
9ce88e5da74f4b2cb1cceee8d2f82c46	garlic stem borer	लसूण पोखरणारी अळी	लसणी खोडकिडो	cfb2774fec544e87b1a3129d79401674
2a4040ae94414d85b486c0c4bb230bda	Sheep/Goat Pox	मेंढी/बकरी चे पोक्स रोग	मेंडी/ बोकडी पोक्स बिमारी	1c34487656e44d1995c45890953da10d
0a6e4ba9ac2d40089d42e1fe35fd6825	weather aberration	हवामानातील विचलन	हवामान बदल	55855839205e4b5ca6d9f11277b6ce77
12aa0844b3fd4d6fa10281de2e0c5e51	Silage Pit	मुर्गास खोद	मुरघास खाडो	d9a5e09db72c4780ba97bd7e76b6b03d
9b45599b18ec4301aab93b740c1d949f	weed index	तण निर्देशांक	खोड निर्देशांक	57ce244dfbbd4604898632ff730e1ca9
7b015467d2d744b6b22950e4f57b87cd	cold chain logistics	शीतसाखळी वाहतूक	शीत साखळी लॉजिस्टिक्स	117df8c5a0394428841e8619123a4b3d
a56a485361ef4592a81fb556eb7c151a	weed mapping	तण नकाशण	खोड नकाशा	25af89df14ac432eb7220e0bb65c1d23
aa73e14d161c49dd9c057d4509e1912e	flail thresher	फटका मारून मळणी करणारे यंत्र	फ्लायल थ्रेशर	017240aa4ec24c1ebbfb13435dbab94e
126981e847b14609ab3ac55ce6d9e54e	fodder yield	चारा उत्पादन	चारा उत्पादन	50a0e42feba547b68d3586272a6c8318
90eba6011f07446e86ab1e045e173aab	Post-Milking Teat Dip	दूध काढल्यानंतर थनाग्र औषधी द्रावण	दुध काडीन फाचे थान बुडवूनू	fbee20bdc7e842cca0d0ac988d0df705
475c04b827a04f9aa81991c0160a92d4	Milk Fat and SNF	दुधातील चरबी आणि SNF	दुधा मेने चरबी आन स्निफ	fdbf826ef9444d41b2ff9b918dcf6943
eb7fbcb2cc3f4b6a962941853c09e1ad	ecological farming model	पर्यावरणीय शेती मॉडेल	पर्यावरण खेती नमुना	27de6ac531b94da29d0639aef8fed42b
c05fe083f4784f2b960c22a0bc7d9d0a	data-driven farming	डेटा-आधारित शेती	डेटा-आधारित खेती	00eef97e407a4739842618e615aa4279
3dc6f847044442c199b03e8307929262	fixed nitrogen	स्थिर नत्र	स्थिर नत्र	396ff8197a5845ac8480a15568e0d5c0
20e402537352494eb774fe97d73061b2	artificial pollination	कृत्रिम परागीभवन	कृत्रिम परागीकरण	6e28a54b68ff4a64a6afd2be7cb6afdc
185653c83d494468870cf33731dd57c4	crop productivity technology	पीक उत्पादन तंत्रज्ञान	पीक उत्पादकता तंत्रज्ञान	e0eada85f46a4bf7be34dd3a42993203
1571dc20a28147c1958285496e59bc73	flower induction	फुलधारणा सुरू करणे	फुले लागवूनू	b1c5d14861664e7b9b1a6011deac9347
ea1d8352ea024d74b26997777962ae23	mulching machine	मल्चिंग मशीन (आच्छादन यंत्र)	आच्छादन यंत्र	d7de9f0aaec645ac9acfdba21ba084d8
6b826c55af1f476281579240eee24bb0	Milk Quality	दूध गुणवत्ता	दुधा गुणवत्ता	ee09bb947ee941fd9b25a82dcad0e9fb
7cc8310fbf174a58ba94a2a88319e126	Fish-Batata Vada	मासा बटाटा वडा	मासा बटाटा वडा	0fb40c9ccea34d94a68d83a5d847736b
a5efb95d55a64dd2b956e59d8caa91a1	Male Reproductive Disorders / Andrological Problems	पुरुष प्रजनन समस्या / अँड्रोलॉजिकल समस्या	माटयोअ जोणुलाआ खामी	18b5933086874c35b31d0f6d3861db30
9306eaedc9554136bb4c5ba40ef55a02	Protein Excess Risk	प्रथिन जास्तीचा धोका	प्रथिन वाद वेरा जोखीम	6b4b24ad17a14c9f95f97f80ea9f8cff
c48fc12c75f94c599e598ebe835ba35b	Protein Content	प्रथिने प्रमाण	प्रथिने	a542de691fb648ff838b5e7834cd8046
6dd40286642d41a5b4827a2c9bee7c60	Gestation Period	गर्भावधी कालावधी	गाबी	3399db8a49794f93879f6c5afd557958
c414880c04ed4d40a0d4a198870e1bbf	Foot Rot	फूट रॉट	खुरा होडणू	d032b491672e4ae0b9362a97315c283b
bcc46de6344d4702a877ddd9c4e172fe	Plate Heat Exchanger (PHE)	प्लेट हीट एक्सचेंजर	तोपुवला प्लेटाल बोदलुनारो केडवो	09c7cd167bc844eabe4772458be0ae06
b3083dd2da3740afa0e4e3b7b380c615	Blisters / Sores	फोड / फोडसराव	फोड़/ फोड़क्यों/ डामसो	64aa36016bab49308154c532995b898e
2ff32749d34648d3b4ae151b8725b0cc	Phase Three Layer Feed	फेज थ्री लेयर फीड	फेज थ्री लेयर फीड	939b31dcd446477798e331bd0a061466
30fd3d2d93ba4c0b8ba3c59e43b968a5	Animal Classification	प्राण्यांचे वर्गीकरण	जनावराहां वर्गीकरण	e110eb59256948dbb8ab67a0b36876d3
061703e331a44d89871fdd6eabf60a29	Nutrient Deficiency	पोषण कमतरता	पोषक तत्वाहा कमतरता	de950578b005434184375e163f4f68b6
6d2d3726b6234bf9a2b35c404e336bfb	Demodex spp.	फरखण्ड माइट्स (डेमोडेक्स)	ओहलुउनारो एक जंतू	0f7ec5e643ed45218530e7d3c126c05b
16ca79f22fdd4b9fb05cc0c8229532b2	Gumboro / Infectious Bursal Disease	गम्बोरो रोग	कुकड़ाआ बिमारी	fb70b764a2e14c81a15309860607d2de
b9d38a98bd5441678e39aa4060720d97	Tapeworms (Cestodes)	टेपवॉर्म्स / फिती-किडे	कान्हुलो	7cd12cb5d302467890973b2367ad5fce
9494830c697a4d728c3e6c0abbbbd24d	Bacteriological Culture	जीवाणू संस्कृती	जीवाणूहुं संस्कृती	e156a08e0454462a83b3dd37d4c9eb9a
01be494f83404c5799be6ad7f4c686b3	Global Rank	जागतिक क्रमांक	जागतिक क्रम	ea1c4e5c976d4ac286dfea30da5813a8
78518b15f58a4e3c94469f728502e9dd	Livestock	घरगुती प्राणी / पशुधन	जनावरे	a7fd033b5faa4ee5bbbb2ac208f562c7
f6406583081f423d90cf449811221ff1	Wound Care	जखमेवर उपचार	जखमा कालजी	63a8ba93f25144f3b9db0e5c37aa9857
1b41c7bad75c467f905db5d1574c4e3e	Vitamin A Deficiency	जीवनसत्त्व अ चा अभाव	जीवनसत्व अ कमतरता	a9373457ee5e4adcb3237214e21cc944
7e6fb1b63b7448a0bddbbce58084d0cc	Chick Mash	चुकांसाठी मिश्रित आहार	चिक मॅश	e6b51e4d70504dbdb0157366e3356a4a
293da9a043c14c1b85197750f18bd0b9	Lumpy Skin Disease	गाठीचा रोग	गाठीदार त्वचा रोग	eca882b97e704b2bb2dd1c7477a91dd6
2f9aa9bf29eb47768be1de21d4e2e6d2	Investment Planning	गुंतवणूक योजना	गुतवणू नियोजन	0a7d1802d3954c6c84057eabd75bd1e2
68c7e6b77fd74cf2aa1fa25d2f4a556f	Rapid Weight Gain	जलद वजन वाढ	माहार वजन वादनूं	1af3ac53bc6140819e160ce57be48e3f
26e063dcb8aa48b5b54f506b9b0e1e9d	Tumor Biopsy	गाठ/कर्करोग ऊती तपासणी	गाठी ऊती तपासणी	d5400b9715734ee8af809e851c666926
5910bf6cc43d41fea9dcc6edea0f7f42	Brooding	चुकांसाठी ऊष्मा व काळजी देणे	पाळनु	0a5c5da6219a44dea77d3bcd19cb54ea
415f507f18104f7e9f02bca59d1a444e	Gums	जिभेची स्थिती / मस	हिरड्या	145bae14fdb34cb095ddf0e7b9ad7f06
8545c3f4d5ca4ad39d4c99bd9a8e53cb	Gunny Bag / Cotton Cloth	जूट/कापूसाचा कापड	जुट/ कपास्या फाडको	acc8453e039948b2aec040d5795ad156
e4a66a39424c457bbc636678ad163fd2	Rectum	गुदद्वार / मलाशय	गुदद्वार	daefea7202774a35b63f9685d94bdcf8
0768b66bd8684fb69aae5e3c6e2d5421	Causes of Uterine Infection	गर्भाशय संसर्गाची कारणे	गर्भाशया संसर्गा कारणे	a8e5e49942b344389609b32dfa4b1a0c
c2184609080b4845a768518d70a1ca67	Walking Difficulty	चालताना अडचण	चालनु त्रास	eba77a75e7f94d0fad331660d1595d81
b1aa60ec356b4cbea5010ed8115c33a3	Fish Chakli Method	मासा चकली तयार करण्याची पद्धत	मासा चकली केनू पध्दत	71fc1ab5e400407b951fd2c057af7ff4
24f9388fb7c74e5bb5e3c6eeefc9f094	Broiler Housing	ब्रॉयलर कोंबड्यांचे घर	ब्रॉयलर पोंगा	efb542ddaaee4fcea9de1ff7a32ce21a
6535f046e3374de5a91092699b0689f1	Marek’s Disease	मारेक रोग	मारेक रोग	9b27fccb7f8f4835b57e64d41777cdb7
582c0798a4fa4f109d5c795ba708536c	Benefits of Biofloc	बायोफ्लॉक फायदे	बायोफ्लॉक फायदो	295537a20674451db7bccb4cb322f568
212bf2332bf547e096bd92b0fa678621	Fish Sev	मासा सेव	मासा सेव	0e6b782e581446a783c97c98e24e7e14
ca2a31669c2646289d6322717e4d56fa	Early Detection	लवकर ओळख	माहार ओखूलो	d29c462ffc2041c9bea61959d51195e7
c33ac033877f41fba2281df65f58cbba	TLC (Avian)	पक्ष्यांचे एकूण पांढऱ्या रक्तपेशी संख्या	चिडा आखो पांढरो रगत पेशी कोहती	d97dd4d74c8c42e58963bef8ff944224
23201a6ff3044d039d25370a17abce29	Early Veterinary Assistance	लवकर पशुवैद्यकीय मदत	सुरुवाती पशुवैद्यकीय मदत	66bf02641d664dd8a8b454db7d0ba07c
24e5764bc05349eeb728cff5c9db47b4	Diagnosis	निदान	रोग निदान	09ecba86b8fb432c8fe813c1870f0ffb
b341b6504bd741cfbeb807b52df5784e	Rumen Protection	रुमेन संरक्षण	वागडा संरक्षण	da0113c08183479b8fa72e9686aa07d6
52515b130dc242148e17f761bb4437b7	Paneer Whey	पनीर व्हे	पनीर	e9115438b8c047b083743f6bbfb39a83
73ea8a8d5db847c3933bcea0346ce98a	Vaccination Schedule	लसीकरण वेळापत्रक	लसीकरण वेळापत्रक	550190bb26794ad9bd1c64cd6d1a88c6
1146da0ea6344eff84cdfc9075adde98	Selective Eating	निवडक खाणे	निवडक खावणू	a8161dd201834e239ab05458ab411b40
ecd2bbf40fbc4ad0b63b17e57829c59f	Conclusion	निष्कर्ष	निष्कर्ष	0342b408a0424fb2a2c194da67a81730
283f367faf204acd92e9ac8dcc07174b	Nitrogen Supply	नायट्रोजन पुरवठा	नायोजन पुरविलो	e9a796a6afc642d8b20616f24e2ecbe6
614376fdffe44cb9b222f48e5c15b4d5	Creep Feed	लहान बाळांसाठी विशेष चारा	खुप कमी खावनु	bb9eb5d3069f44d2b22ab8afbe67c510
6ed22eea6e6c4b04bbafb1d1b9faea91	earhead bug	गुंडीबग	इअरहेड बग	7806d39876cd4541966bc5f3aae99fe4
5eed1fb6ffff462cb7273d425895e131	PPR (Peste des Petits Ruminants)	लहान जनावरांचे मोक्षरोग	हाना जनावरा बिमार	137a38b89e3a4489845ba47c380c059d
63191aa544de435c99106bf4beae81e5	Alternate Feeds	पर्यायी आहार	पर्यायी खाद्य	555e840a81454976987bde99523aa33a
ba88bc2a047b4fe49206d8b59ca6073b	Small-scale Dairy Unit	लघु दुग्ध प्रक्रिया युनिट	हानो दुध व्यवसाय	f74850d542a04cc599a55c8db4b45f7d
0001645f1f0247b78a1dad53a145c347	Early Recognition and Therapy	लवकर ओळख व उपचार	माहार ओखूलो आन उपचार	b53d1350ede44192ae5159b8ae5e641a
aeab1a69816c492593251783404e7dd0	Disease Diagnosis	रोग निदान	रोग निदान	9c513863a6174a348692dc6155c3df52
4319594a273145dbb090a797b6bfe1d9	License Fee	परवाना शुल्क	परवाना शुल्क	6943f919839f49fd80c561eed4b0221b
353f4a8eee2c4ce3a1d944b1969431ea	Registration Fee	नोंदणी शुल्क	नोंदणी फी	1ad98a1b5b904ea1a1d50919e7810cc8
8333abac9a54487e8ded5b8db6d95163	farm-level climate action plan	क्षेत्र स्तराव हवामान कृती आराखडा	खेती पातळीवे हवामान कृती योजना	c882c7005a984e5a9b4b95db347a137a
b37f7fc2a3b2488e8696b8b4ca25dc1f	Treatment of Parasitic Diseases	परजीवी आजार उपचार	परजीवी रोगा उपचार	ecfd6a5acea142d6ae897966fe236c5b
b7198a184c8348ffb4cd9cb208b97861	Record Keeping	नोंद ठेवणे	नोंद थोवनु	d0999fe40127467dae9c0988a90ab1d3
5e17782c54df495d98ffe27ad71c5948	Healthy Udder = Healthy Milk	निरोगी थन = निरोगी दूध	हारी भुजी हारो दुध	f716d8b4f59149be83a0e2c0813e6303
c64028e65d2f49cba06cd9c05d450a40	Digestive System Health	पचनसंस्था आरोग्य	पचनसंस्था आरोग्य	01b4996b223e41df8656d716fcd79df2
0edd118cb1194b0db16a1df545d68714	TEC (Avian)	पक्ष्यांचे एकूण लाल रक्तपेशी संख्या	चिड्या कोहते लाल रगतू पेशी आखते	f9ce1e39503b415c864f0077cce0fab0
ee06bc2898c641c98d33fedab650aee0	Immunity	रोगप्रतिकारशक्ती	रोगप्रतिकारक शक्ती	de6406d546064dd0b3392ea264ab0dc8
e13672418e954e73be60980859f7bc12	DLC (Avian)	पक्ष्यांचे भिन्न रक्तपेशी मोजणी	चिड्या के डल्या . केडल्या रग त मोजूले हाय	7260d98e31e9467ab42d9f52d96e9b59
a7137b8fa72648bd95f82c57dacda661	Supervision / Monitoring	निरीक्षण व देखरेख	हेरुलो	107b0e02d4474e81853eece5362c25d9
0bfdb98d09fb46178da1267ceb15b9a4	Loss Prevention	नुकसान प्रतिबंध	नुकसान प्रतिबंध	71fc27b8b97643bf8ebc86cd1e918ab2
fdef76123eb240e7928676b166ddeea9	Immune Status Improvement	रोगप्रतिकारक क्षमता सुधार	रोगप्रतिकारक शक्ती हुदरावना	b536f291420d49608a097fd4a43c8a79
7f4f2dc9dc5a41648397ce31922c364d	Digestible Feed	पचण्यास सुलभ खाद्य	पचणारो चारो	8de003326a02462280f1ed5688ccc476
8fdef8c7503f40f1be713b52363bca08	farm management software	शेती व्यवस्थापन सॉफ्टवेअर	खेती व्यवस्थापन सॉफ्टवेअर	7afeb52ae13241f295310b2bb59faebf
5641c8e826994928adcb994dea562148	Dairy Processing Industry	दुग्ध प्रक्रिया उद्योग	दुध प्रक्रिया उद्योग	ae72ccd08b0b42a4acf7b7eddb554147
a82b9b5e634f4505963e6f2035335144	Fish Sev Method	मासा सेव तयार करण्याची पद्धत	मासहा सेव केनू पध्दत	63074f3ba2b44bd8bc0ddb6b90071c68
8cd56fcf813f4a79b19a3a466254feb0	Fish Chakli	मासा चकली	मासा चकली	92a9964b263842b38323da6058040353
63afeabf735c4b89b1300f9e6173ee84	Direct Selling	थेट विक्री	प्रत्यक्ष विक्री	9e406bf863d64d47a0b61f135f146344
62267864b2ab4534bf1693ab2b3d474a	Pig Shed	डुक्कर शेड	डुकराहा शेड	2d770f1e0c2d427f9844fa35d45f406b
198261f3c4504eb2a3c429d1ea619ca4	Natural Feed	नैसर्गिक चारा	नैसर्गिक खाद्य	2de058fe0e4140cf889bd2fa31d2aef2
515501204f114ef989207843ac15d001	Disease Prevention	रोग प्रतिबंध	रोग प्रतिबंध	669c38eec08b4c9ca29492cd41ea7e8f
4c55a1b542fa424ebcce4c3c7e6b0c92	Disease Management	रोग व्यवस्थापन	रोग व्यवस्थापन	9842ad34c4e94bb7a134b315cbb16505
f2d675e32a10482a90388743c1a1ca80	License	परवाना	परवाना	5601c285ad71449d8727b410c134c177
099b7acb69e24e1aa0a6cce576887f02	Immune System Improvement	रोगप्रतिकारक क्षमता वाढ	रोगप्रतिकारक शक्ती हुदरावणू	498cbae02394460189d784ecd93ff323
a69d86e201d74e66afe05fa07cbde8ea	Pat Formation Stage	पट बनण्याची अवस्था	पाटलो बनवूलो जागो	cb4fcfcd1f10470d8953d3743482e4e5
2e543542bf704278a665a469e772ac45	RBC	लाल रक्तपेशी	आर.बी.सी.	71122031a6954299962eac2f6de65328
9942e029c19e4fc9a7b83ddd9b7b5e4e	Racks / Trays	रॅक / ट्रे	रॅक	9fa91fac7c384c44b01743069bcac78d
8fe3f97a42164a89a8cd98da54a8c478	Control & Prevention	नियंत्रण व प्रतिबंधक उपाय	देखभाल केरूलो	d9995868d3d546ad9f9527fe0b5a2b44
9ee41feca3ad4d0e9defb13d4bd6519c	Digestive Health	पचन आरोग्य	पचन आरोग्य	92c83d06bd074f3ab9b34469a9fa0c30
ae5da833f9ad4f988cbc9f6f8cdbb8f2	Deworming	जंतनाशन	किडे मारुलो	e79b7bdc40c54a2a9b2d0763948ce0db
9e13f5c5a8b04b8b8e1bc0d487c0bf8b	Wheat Bran	गहूची पपई	गोव	c3c5a8742bb04d36952f9b6da9bccefc
4c4e6176679a497fade7801df6c00b24	Papules, Pustules, Crusts	गाठी, फोड, थर / पॅप्युल्स, पस्ट्युल्स, क्रस्ट्स	गाठ, फोड,चर	3c32da77fd08427b8b537df9b2b57b1c
38666d624b264b53b097268993207392	Breed variation	जातीतील फरक	जातींही फरक	1eb8c844b6164203a38fb54440cec0f7
31b1bc6c58784f98a6d5c3c7a46bf22f	Viral Disease	विषाणूजन्य रोग	विषाणूजन्य रोग	d2a00cd6382146ac96746cb9f5a25d7a
4d2ae8e0a58d449a9cd8aa4caa6e1ce3	Frostbite	गोठणे / बर्फाचे जखम	हियालामेने गोठ	3066d6b12f334c1d8d1bf07f6a0520eb
3a6f9aeb4e6f4846a6d1a9f7e8e569c3	Space Requirement	जागेची आवश्यकता	जागा गरज	a853433a42384246a4074565911b6ddc
33c742eddfe5497699c29ed40a644f98	Ticks	घस / टिक	गोचडी	2ffd9b4ffb5e41d59f9fcb84bf561897
5c61f519487c4682ad1edd69f90632d7	Herd Improvement	गाई/पशुपालक सुधारणा	गावडीही सुधारणा	f21174cf9f804166b09823cdedff0f2e
46ca5b0c5851407aa40cfb57ca69093d	Wound Healing	जखम भरून येणे	जखम बरी केनू	a45bdfd6568543d2a533a6ad8aa8f99b
95749db1d41347d189c3d271be4ea3e2	Rectum	गुदद्वार	गुदद्वार	f3f2782395304173be4ca8a3fe9956e9
cbf5d0bd91d543e89cb507852fcd9867	Jaggery	गूळ	गुळ	846c658ba37b437881215be8ca82b993
60e03cf7e1e949c5932e700dd50e94f2	Avoid Overdose	जास्त प्रमाणात वापर टाळा	जाहकां प्रमाणाम वापर केहामां	e3c3a7571c8547188b83a777b9bc72d0
29320f4928154944b7d3174a02a832d5	Toned Milk	टोनड दूध	टोन्ड मिल्क	c2517e3e6d1143058b80610223b38be6
97807b15e72d46eb89e7eddbcea42edc	Roundworms (Nematodes)	गोलसर किरडा	गोल हानों हाप	8ea17e6c128a4cca89280489aadd78cc
ad57524b754d49ad96e9b90b1c41a97b	Superovulation	जास्त अंडी निर्मिती	सुपरओव्हुलेशन	d9efbd5cd9f84375a2bd5b5ba71621a1
c275869742924cdf8f3b7747fff062b2	Biosecurity	जैवसुरक्षा	जैव सुरक्षा	874089921d954b74b0391d6f5f39646f
747415e911dd40768bd053fa4bb75f5c	Herd-Level Strategy	गोष्टीसाठी धोरण	गोटू पातळी धोरण	e463ef1555a14a799ec3dbe4d8cf79b8
32e41ad51b97481d9231d1dcaa14ce47	Activated Charcoal	सक्रिय कोळसा	सक्रिय कोळसा	6637e6e13de54835be1ce34d00468446
47a04254abd04cef88e9006d023e9643	Eye Infection	डोळ्याचा संसर्ग	डोहामने रोग	8802c1d49f1c43398965bd9ce5a17382
230a5082f9094178a267e92219fcb846	Seed Quality	बियाण्याची गुणवत्ता	बियारा गुणवत्ता	c675c8a2d59140da8a683e95d4af581d
87830fc2098948bcb5cbf87c2c1b0063	eco-agriculture	पर्यावरणीय कृषी	पर्यावरण शेती	607e23489c894bbfa1988925be55dc65
77805aab3b7045d88f7818a662527691	External Parasites	बाह्य परजीवी / कीटक	बारेने परजीवी	92a7e44ca92349c68fb75635fe9c1672
6370463611d54b3abc38d742cc86e79e	Fish Chakli Ingredients	मासा चकली साहित्य	मासा चकली बनवूलो	18ab6d9a76d34815989203fcefd5c888
6a3c750595e0497cbedbdeb52caf7a36	Region-specific Mineral Mixture	प्रदेश-विशिष्ट खनिज मिश्रण	प्रदेशा विशिष्ट खनिज मिश्रण	1136c9d4802b4a0d89f2d901311f8b9b
58f63dc49f1b4a82b3a72b95b2f2d549	Prevention	प्रतिबंध	प्रतिबंध	e0e4dc6b4f984c41a0182a4878f21636
ca3c27b52df7408f859222ee009cf091	Protein Deficiency	प्रथिनांचा अभाव	प्रथिन कमी	455f27ca8d914c08a4cb1dc0b262f91a
9417f2bb5e654772ae0796b9acb76744	Phase Two Layer Feed	फेज टू लेयर फीड	फेज टू लेयर फीड	7b01d55a84504741a25fff1e1c928a43
c0183a5f81f74ef9b9ba51d551d83347	Grading	गटवारी	ग्रेडिंग	0efadefa69a24785942ec3769d928629
1239ca9040764e1f9822e664f40b4c9b	Post-Calving Care	प्रसूतीनंतर काळजी	वासडा फासला कालजी	bf62c0a5588d469b9f45ee2290c26027
e4ed804a747b477f858f59a33a880008	Travel Rest	प्रवासानंतर विश्रांती	प्रवासा विश्रांती	01d272e7a5de4f6ab43c324b88433c69
5ec0cbfa0c6d489fa47a2b29481ffcdd	Nutritional Balance	पोषण संतुलन	आहार संतुलन	5ee8b266198c4105ac99eee970c415d6
e3657663c7c748769a2dfb89824bfbf4	Leguminous Fodder	फुलझडी चारा	हेंगी वर्गीय चारो	f3d360af3bf54fecb8410284fbcf2d6b
66b0c1032f5842ed858ea343617f990f	Superficial skin scraping	पृष्ठभागीय त्वचा स्क्रॅपिंग	उपरी त्वचा खरवडूनु	d3330bad364e48079328bf85e6faf119
0115fe615c324b15a1b48cce0078e552	PCV / Hematocrit	पॅक्ड सेल व्हॉल्यूम / हेमाटोक्रिट	रोगोतुउ परमाण तापासनारो माप	0f20cca9ea724b538a58e15e861850d8
1088e86b63884d6f9214a614b7c95f6f	Nutritional Value	पौष्टिक मूल्य	पोषण मूल्य	030fe0fbff8e4914a52a8636a7f7bc49
e8f051814cae484dadbe286fdbff9110	Reproductive System Diseases	प्रजनन प्रणालीचे आजार	वाईंटो	5d325981ed54401aa454ed455a48767a
a3aec98efa9c48f08ab99152a21c611a	Efficient Protein Utilization	प्रथिनाचा कार्यक्षम वापर	प्रथिन वापर	adf3d3ee88e74246baff24f0ac478d5c
390a24e091df4334a8393813ddbd762b	First Aid	प्राथमिक उपचार	प्राथमिक उपचार	c571b5032efb43c1b06cd9818bede4af
0bcfb4445ab7427ea47a37275030c30a	Preventive Measure	प्रतिबंधक उपाय	प्रतिबंधात्मक उपाय	4c2d15ae3e4343028aa2d393ec17049c
da397b87d7aa465cb96632665476565e	Causes of Prolapse	प्रोलेप्सची कारणे	प्रोलेप्सुउ कारण	162e44c041d64807976f1c00b1891863
64ba7b1827874bf9b6a46b0c34900a34	Fish Mince Preparation	फिश मिन्स तयार करणे	मासहा की मासाहा तुकडा	5fb86db9c76e4ab08932c7e6ef2ebb54
39c2676bb2734bb4908bb757491ea8db	Booster Vaccination	बूस्टर लस	बूकस्टर लसीकरण	bf9d78c9e2be4021a358c1744ef9123b
22f04c11a38247fe9d0526d2f36db4c1	Bovine Malignant Catarrh (BMC)	बीएमसी	नगर पालिका आखते हे	bc6a9720596f4aa4aa2734081e443aed
5ea87d41a83447b7b7eb84215a7804a3	Dairy Products	दुग्धजन्य उत्पादने	दुद पदार्थ	59c9ce4a5256464bbeb0eacad64e8f97
ee5be0d1bd614155b4de1063ce21855b	Digital Thermometer	डिजिटल थर्मामीटर	डिजिटल थर्मामीटर	00dcf85d62ea4c21a7599a9ea2373e63
f9a0cbd79bc248c39af8c176e40159c2	Lactation Management	दुग्धाशय व्यवस्थापन	दुधू व्यवसाय केरूलो	f7fbe8ebd0b5433ca11945da54e1b8b0
6a9f8ad195804586accbd420b9a9e2b0	Milk Quality	दुधाची गुणवत्ता	दुधा गुणवत्ता	2b4e674ca02444c08aa9fafd2347344d
a4830c4fcb5548e9ac5b700c635aa623	Milk Production Potential	दुध उत्पादन क्षमता	दुध केहकी ज्याखो वादू वूलो	631a828a42804249ad0b4d4f6f67f9ed
9640831c65954467944eb9a53eede6a8	Transport Efficiency	वाहतुकीतील कार्यक्षमता	वाहतूक कार्यक्षमता	3227c72f58fb47cc8a19f7d0dce0a45d
7b07df53daf7488d9e076c88929bffca	Broiler Breeds	मांसासाठी योग्य जाती	ब्रॉयलर जाती	24a10cfc5acc47f6a5c114f5e66f22d2
762399aeade842d5a99626e16691e4bf	Feed Ingredient Testing	चारा घटक चाचणी	खाऊलो वस्तू तपासणी	6be6964c92574030923decc9f167201e
5d8f94b4f14f4655ad8322bd691f25ee	Neoplastic / Proliferative Skin Diseases	त्वचा कर्करोग / वाढीचे आजार	चामडी रोग	6017c952efd84137b88b462250032f7f
2fddaa73d98b428fb3cbfe8467e9c9ae	Balanced Animal Feed	संतुलित पशु आहार	संतुलीत पशुखाद्य	64f2c524fef8468fa82bc9285f9d3731
65eb2320c5a74b37ac62c7129d5d976c	Skin scraping	त्वचेवर खुरचणे / स्क्रॅपिंग	चामडी खरवडूनु	0329e20340a441a58eaca588b97b856b
c1bb92e469bb4262a4157b15f5345725	mulching sheet	आच्छादन पत्र	आच्छादन पत्रे	e6601f1497ee41e9bfb112dadfc907e0
4ff2f2afdd6c404ab53ffaf27ac76ca2	Long-Lasting Products	दीर्घकाळ टिकणारी उत्पादने	दीर्घकाळ टिकणारे उत्पादन	db582f6390dd4c63a32aa8b6f08c3d9e
43a2fa55ca4b4c908559b477bb47834f	Ingredients for Fish-Batata Vada	मासा बटाटा वडा साहित्य	मासा बटाटा वडा खातोर लागणारी वस्तू	0564411054ea4023bcf656ab9f1e0cac
c1f99b086ebe4f0ab0bbbdf460d89c77	Standard Milk	मानक दूध	स्टँडर्ड दूध	10b1252ddc8948979626a708857e1836
cc66ff5993e04da6a418bad263af54d4	Oral Health	तोंडाचे आरोग्य	मुया आरोग्य	edf5651c1bfe4b8c9bfa3e2cd7c3fbba
a231b9c4257e49dd9769c49fbe6eaadc	Teat	थेंब / थुंब	आवाळो	0adcf95355f94ba2a38cf234f84fc133
8c8cc4ca2d364c96b83db6aae1c5248e	Investment	गुंतवणूक	गुंतवणूक	abb12457e3404002ab2a066a8804612c
bf89602f8cee4709aaf5e60d60d8402c	Grower Feed	ग्रोअर फीड	ग्रोअर फीड	a70ae2312afe426f820c687848ba631d
1f35b22569c746bcabfea7483823c635	Diurnal Variation	दिवसातील तापमान बदल	दिहनामने बदल	eb414d79d6d74004a5ec3f5146f86454
48dc845fcf414c4495039d9a0b6c11aa	Macro Minerals	मुख्य खनिज	मोटो खनिजे	c1bafd78520e4d88a36e0d374fa2a9ac
71e6a056f5ce41e3a684adf57008d475	Viral Transport Medium	विषाणू वाहतूक माध्यम	विषाणू वहन माध्यम	1f267e72aee14b079c1e3e29c851872f
d743bbd532ef4159be20b36d20b19d20	foliar nutrient	विद्राव्य अन्नद्रव्ये	पानांमने अन्नद्रव्य	6bdcee12878b40f0b3f67a4175d2cb19
94e9593b133f4379ba6c1b8600721462	Electrical Conductivity Test	विद्युत चालकता चाचणी	विद्युत वाहकता चाचणी	9f84f62c4cac4de78367c33cbe28756a
278bc1795bfd4774bd4b3976c93d18fa	Compaction	दाबणे / ठेचणे	दाब	bba946d9155c43e3b5706b2b57e5df3e
1f0e656656a2482db1fe4f917298a6d3	Protected Fat / Bypass Fat	संरक्षित चरबी / बायपास फॅट	ज्याखी चरबी	99c6fb5296884a53807b27a8ceb4df0e
cb62deeaa41e4941b5d8e905bde73b3d	Progeny Testing	संतती परीक्षण	प्रोजेनी चाचणी	00e54d38efe0484cab91467cf09d78b8
a4ba5630cb624b1db9d4619ef8c5572d	Salt / Sodium Deficiency	मीठ / सोडियमचा अभाव	खारा खावूलो कमी	3c9a3ad5cf694b10a5d778147051d6ef
4dea6760f485485899be53e803a72f53	Meat Production	मांस उत्पादन	मटना उत्पादन	baaa2b86b5224517a86e1e4a02d3a1f1
31d70b3bd31c4e87a725f5a22b1aa4b1	Shop Act License	दुकान कायदा परवाना	दुकान कायदो परवानो	e096b81eef5f4fd8ae19d633bf03a6cf
0f151aa4838a43d4a38d36d979835a21	Cocktail Food / Mixed Diet	मिश्र आहार	मिश्र खावूलो	495c1977480e47988d69edd6d127b108
a4e34fe563294b6db85cbff04d3fb35c	Capital Expenditure	भांडवली खर्च	भांडवली खर्च	8cedf2c8cc7541d4a5b6dffd168c21b2
0496f8f296ad4d088053fff95cbca48e	Mange	मांगे (त्वचेचा किडा)	साबडाल  खानारो किडो	665f1413ab404b43819f6d96062653a3
3ff58623a8f24f31afe0316ecde3b82b	Loose Housing System	मोकळी पाळणी प्रणाली	खुला पोंगा पद्धत	d86dbfbc7d52475f9e36c72ca4c5b6d7
bcb56685ab9a43708d16dd5fe810cbb6	Fiber %	तंतू %	दरो	0bf277cbfac74217adedd82c694aedc3
000de9ed957745d684c3d6f8da6882b4	gall midge	गादमाशी	गादमाशी	4c393aa53dae4772a6a9ab0d5dee5c32
8658decb839543ffb35b109619cd9647	Quantitative examination	मात्रात्मक परीक्षण	मात्रात्मक परीक्षण	7bc8adca4fb749779ad30b2f51419731
08ac910103584abc9db47a2afe1d3426	Pupil	विद्यार्थ्याचा भाग / पुतळा	पोमरा पुतलो	81e0d474fa064862a40269e2e3bce0fa
5e04c09da30e4cc4b2e1496eae4c103e	Bioavailability	जैवउपलब्धता	जैवउपलब्धता	df97064561ce46abb54a0837153c7d9b
db4c0d8ff0c742d38a6ed75eb10a3b54	Tartar	दाताचा टार्टर / दाताचा गाढ	टार्टर	d80b853b04c74fa79bd4194e1965e311
31589f8c01e14ac49c44abac55d6c59e	Black Quarter	ब्लॅक क्वार्टर	कालो भाग	1313931c3f694f8682ae51f513ada5f7
8c72cdef149d46e2b9d6a9acb02880da	Booster Dose	बूस्टर डोस	वाढीव मात्रा	80c8139140d1432bba2acd906b4c742a
fef7400e7aec4a11a4b7b7b0aff087e9	Feed Storage	आहार साठवण	चारा साठवण	0e726a793bcb47b7a7dc177da8f883ef
65725bc25c464e28b79b89c7495823d9	Khoya Types	माव्याचे प्रकार	खवा प्रकार	ca02ae1653d447ce8adce182e2b862dc
af3752cd413645df85aae826503b737f	wet sowing	ओलसर पेरणी	पांयामेने पेरणी	1a3474d760714a9e836fc840d4f427c7
e4af1f49c2c344c2a8270fe01797e1ab	Data Recording System	माहिती नोंद प्रणाली	डेटा रेकॉर्डिंग प्रणाली	4662060147d54712a4e37eef170e348b
839a406091e34bf09a6872e2a6c46c49	Maral	मारल	मारल	d029095c1305418bbeda6e8bd2540a68
7045239bcfa64ed4bc9c18a14439a5dd	Dairy Technology	दुग्ध तंत्रज्ञान	दुध व्यवसाय	d72f50ac2a774607bce7a6e5dbe048d8
a5036d6a01634166b387b41ff0ecdf00	Limiting Amino Acids	मर्यादित अमिनो आम्ल	अमिनो आम्लाहांम मर्यादा थोवनु	69131e95ce02419ebbd5cf1dfdeee2b9
cfaf19d4276f4f65b1720ca9dc64e97e	food processing industry	अन्न प्रक्रिया उद्योग	अन्न प्रक्रिया उद्योग	c98bf4ad665243eab4c7792e93701ee8
51c8b5a5b0d84bd99ad1d270533e8fc8	Eye Injury	डोळ्याला दुखापत	डोहा जखम	f5bcc1ea1da34a21bc971f17817682d2
81e4cf164bbb44d7a3bbe282040d68a7	Synchronised Heat	समन्वित ऊष्णता	समक्रमित उष्णता	f474c262bf6d4bb8942ce766c4c117af
b8d05eb5fac94f629fde3c24dad816ef	Diagnosis of Skin Diseases	त्वचा आजाराचे निदान	चामडी रोग निदान	bffd4e115bef4c7f8783a1afd7bf492c
2e562e8d3dc0402383213e07c320477e	Teat Dip (Post-Milking Dip)	थनाग्र स्नान (दूध काढल्यानंतरचे औषधी द्रावण)	बुजला तुवणूं	413b452189bf4703bbbcc607088c5154
23301f933eb743c898d487584ce50647	Inflammatory Cells	दाहक पेशी	जळजली पेशी	023fee3df2044418b569da0775e807cd
38ca35cdf70347148c7528752d84c468	Farrowing	डुक्कर जन्म देणे	फॅरोइंग	497b72da5e134c3dbbb4a76b077638e7
6e23cbd73f204f3997c4ecfca202ea17	Double Toned Milk	डबल टोनड मिल्क	दुद	b46f56d2061e45208dc843c05fbc120c
ddfea2fd7ef047db84a6763996bb44ae	Contagious Caprine Pleuropneumonia	संक्रमक बकरी फुफ्फुसवात / CCPP	संसर्ग बोकडी फुफुसाहांवात	cf22e9c460664c539c8dfca694fcdaa4
d1a80105893c449e8117296287865fe1	MCHC	सरासरी लाल रक्तपेशी हीमोग्लोबिन संकेंद्रण	एम.सी.एच.सी.	0d3d17e325fa473aacb91174232ee2cc
f5c6ea17002249ac8ef12b326ec3886e	Embryo Freezing	भ्रूण गोठवणे	गर्भ गोठवुनु	9e6ab1cb833a44e7bbd0319365ea9e03
7932ca04d2de48c79394c0c6a1965e92	Cold Room Brooding	थंड खोली ब्रूडलिंग	हियालो खोली ब्रूडिंग	bafd10ea79c5436d80e83b38f75132f2
498c3d8b3ad94345984f169fe6a73d2c	DLC / Differential Leukocyte Count	भिन्न रक्तपेशी मोजणी	बिज्या बिज्या रक्ताहां पेश्या गोनणू	cd8fd99500d749e18bc552d11bee0a72
aaf67724918b482e8defcbbbade9fe68	Feed Palatability	चारा चवीचा स्वीकार्यता	खावनु बदल	2b9f5ca74c6d44b8996e05f9a6cede65
1c463f1639d34ebb8e8cf4923d3204f4	Grazing Management	चराई व्यवस्थापन	चारो व्यवस्थापन	eadb57a43d9e40fdba2c1cb4009ed9e8
cda64423cfb14a58916e45ced509c230	Gul Pedha	गुल पेढा	गुल पेढा	2653490ce5a944a3883b870cdcc10708
b260f080408842579a0086e32e04151b	Qualitative examination	गुणात्मक परीक्षण	गुणवत्ता तपासणी	a84ea55eb91444db8a5a7d706c68d84e
4d9f2f32df424d2eb038e7d854b67d87	Coarse / Rough Hair	घट्ट / रफ केस	ज्याडे शि ग्ये	427941cc5899481787eb913e19bd87f9
a1d7f84d769e42939e0c49530b2777ae	Magur	मागूर	मगर	6f9fb8669b864cdf9c4d12d536ed8661
03ac87a143864799a889277d9a7d9563	Temperature Requirement	तापमानाची आवश्यकता	तापमान आवश्यकता	234db7c1607a45a0ada6758f74e06b89
cae6c29a4a694d9e856935986aba76a2	South African Horse Sickness (SAHS)	द. आफ्रिका घोडा रोग	द. आफ्रिका कोंडा रोग	96f9e8557c4e4b3ca16a7b0727d9d6a0
b0cce450cf2b41118c0ef6534d227e67	MCV	सरासरी लाल रक्तपेशी आयतन	एम.सी.व्ही.	33bc7bdcb76d46098db27edc8153c590
d72e62237b6e4574bd49f5684293d789	Schistosoma haematobium	मनुष्याची शिस्टोसोमा	शिस्टोसोमा हेमाटोबियम	dea8949539844a4297ba7a0b4ccaa7c7
bb354bdeb6af40fc94ad944612b7fd8d	Blue Tongue	ब्लू टंग रोग	निलो जीभ	cee45fbd3b464f6086e84014da080d6e
eab24a52fad0422ca44ef0658a364835	MCH	सरासरी लाल रक्तपेशी हीमोग्लोबिन	एम.सी.एच.	1e796d738b434fe6b9e2b9c6bc0cda7f
818677e5d25c4a9899fccc4e0bf5f14e	Eye Discharge	डोळ्यातून स्त्राव	डोहामेने पांय निगी जाहे	6d3fa59c52db4e4c947ee8c4e2f52005
a15779e753f4497093d4046e625944e3	Weaner	दुध सोडलेले पिल्लू	दुध सोडलो वासडो	4ecdc53737cf4f44a7f34788102d50f6
1aef27c1dded4d4ea7ee09699f29dcd6	Clinical Examination	थनाची शारीरिक तपासणी	वासडा आचूलो तपासीन हेरा पडे	f1ed913d688d40a18532d9a86c1eef61
978a409178cc41b1a9a1008f81638449	Core Needle Biopsy	मध्यभागी सूईसह ऊती तपासणी	कोअर निडल बायोप्सी	fd5a7ee9f9a44df68390386b957ab97a
07032f222aed4a6e9a80cc032fafb8a4	Positive Energy Balance	सकारात्मक ऊर्जा संतुलन	सकारात्मक ऊर्जा संतुलन	a710155a66aa4ba0a344d2def73d6170
2f015938a4d3435187fdfd3864993d64	Contagious Bovine Pleuropneumonia	संक्रमक गाई फुफ्फुसवात / CBPP	संक्रमक गावंडी फुफुसावात	cc18f99e97824c7dbb685658e3acb222
e3ed7d65209a43bbbbd0d57ae9b9a3d1	Starter Culture	विरजन / स्टार्टर कल्चर	स्टार्टर कल्चर	f4f3ce5caec04f628d479190f11559a5
9b90c7bc358c45aaba35afda49c1ed87	Bacterial Skin Infections (Pyoderma)	बॅक्टेरियल त्वचा संसर्ग / पायोडर्मा	जीवाणूहू चामडी संसर्ग	8beb1b4b48714ddab967d194bc7452dc
068842708fca4f08b3b50da0373f9b6c	Site Selection	ठिकाण निवड	जागा निवड	e649d8a92743442d9bf179717daadf14
6e5c1554bed140c398782e63235ba125	Lumps / Pellets	गोळे / तुकडे	गोल वस्तू वाढीन थोवलेलो भाग	929c059ef80e43dfa25ae584e8db7684
7f4197d270b04c919a3d32b53bf1237f	Young Calf Deworming	तरुण पिल्ले कीडनाशन	हाना वासडाहां जंतनाशक औषध	8443413d5f5f48d7a8b901b7234019c8
c07a8f80d64a43d78b3f1eeb6718c268	Fever / Immunity	ताप / रोगप्रतिकारशक्ती	बोरो आवहे	772e7d384d5645fcbe20c770730aaa76
42802f10f9414f338f1085b824043739	Zeaxanthin	झिअॅक्सॅन्थिन	झियाझॅन्थिन	8ca685513f9f4b2389b4cddbef2bb1f0
d02471a951c9426582909d5b56672d51	Glanders	ग्लॅंडर्स	ग्लॅंडर्स	fe8d9db7a41d40d5b31e19c638279e74
f337d3ba21f14077910394a7dc562582	Theileriosis	थायलेरीओसिस / टिक बुखार	थेलरियोसिस	09df177eee52447a89c7bad2f6c6553e
395434feb5d144eebe3b2173275557b3	Theileriosis (East Coast Fever / Tick Fever)	थिलेरिओसिस	वासडा हा जनावारू गसडा किन बिमार व्हेहे	cc169840c27e402b830b9ab71ed8c2ce
db5d1cf50ef445b5906b5326b54496ef	Oral Administration	तोंडाने देणे	मुयामेने देवणू	71bc13bba8664321880291a482912b04
e66fea6b324141a3831a3ed9da22b3a9	Loose Tooth	ढीगलेला दात	लुस टूथ	6304b1420d4f4ec2b347db1bb3fe8c44
6269c6656dcd475ebd35096711eb1a8b	Technology Adoption	तंत्रज्ञानाचा स्वीकार	तंत्रज्ञान आपणावनु	737ab558a4b443e494b238afd0ad28f0
4b56d168b337452cba3a56b4a338d0b9	Head Down	डोके खाली ठेवणे	मुनको नीचे	4a62068bb7ed45acbf2ba937bf2bbfed
2a7b5256f79b4ad091baccc520598fe1	Intramammary Antibiotics	थनातील प्रतिजैविक औषधे	इंट्रामॅमरी अँटिबायोटिक्स	0920037e8a824a9396a3ec16dd2edb3e
d10c1f5f2a4e4df985b82f3e51585764	Direct smear method	थेट स्मीयर पद्धत	डायरेक्ट स्मीअर पद्धत	f4673f2ae9bb46aab3a4591f3530d90f
132de227c94e4c9498c8f332b17b8bf7	Liquid paraffin	तरल पेहराव तेल / लिक्विड पॅराफिन	चाबडी मऊ केरूलो तेल हाय	ba0a630836c14aa8ad6afae96686c6d4
fea2411fcc3147a7b5f2098d7473ebae	Distemper	डिसटेम्पर	रोग	51890843f6d74e5f901dd15aec6d982e
9985d7f46a18401cb37627de6e183543	Bacterial Disease	बॅक्टेरियाजन्य रोग	जिवाणुजन्य रोग	c54cff49adc141b6929493215c611b16
66c53fd31cf641a0a69ed59df433c8ff	Culling of Chronically Infected Animals	दीर्घकालीन आजारी पशूंचे निवृत्तीकरण	जुना रोगू जनावराहां मारणी	6a51116a6f3c4437a0b2e1422eab2572
dd30822ce1ed45008e85bdf641375f39	Buffalopox	भैंस पाक्स	महोडी पाक्स	9f36ca529b384f89a6978dd6e201c0e7
a9eab3c2a1a84e3ba926ba83a48b0133	Swab	स्वॅब	स्वॅब	89f83b3a12a74405896308f6ed9de33e
5df76fb71a3a4583b6bd6c0580f6dd72	SNF (Solids-Not-Fat)	घनपदार्थ (नॉन-फॅट)	हाना पोचराल देवलो फॅटू प्रमाण कमी रेहे तो पदार्थ	41ad5a13327644a1878124ee55925595
5358125840fc4b4a93386478b7776ad0	Frozen Insemination Dose	गोठवलेली कृत्रिम प्रजनन मात्रा	हिवालो वी गीयो वीयाणु मात्रा	2e53c005bb314fca9ea81bef1029da89
af7d6188359f4cd791b5570cb94c6350	Grass Carp	ग्रास कार्प	गवत कार्प	234a7649d93848e38988a9bce342b4bf
2b3740d8a93a4450bbef7d6e84126034	kohlrabi	नवलकोल	नवलकोबी	6fa11956421e48189c73848ec902b1ea
58f101a49c904092b67d02649fdca8ea	khesari	खेसारी	खेसरी	c58b096105d241e28760e6651c6cfb59
39f68fb69d5740ae94da164b02a9961b	Skin Scrapings	त्वचा स्क्रॅपिंग	चामडी कातरणी	73d57ee3fc054ea981cbc6e898b19841
7724fd1092dd432b9be20e61875bb3fa	Cold Mitigation	थंडी कमी करण्याची उपाययोजना	हियालो कमी केनू	58b19489adb8444fbc57902a0ea6f39c
a525512e0cf343bb8b7f0c4161b2a636	Thermometer	थर्मामीटर	तापमापक	bce075d187f945fcadf14f063aa0d5d5
b5767d1f30f4436abfd84c9fa57f2c0c	Hyperpigmentation	त्वचेवर जास्त रंग / हायपरपिगमेंटेशन	अतिवर्णकता	4a2e5214d33e47228d870bd3f52c41c8
91830db7616b404cb72abf59bdafaeab	Temperature Measurement	तापमान मापन	तापमान मोजनु	d4eaeadb6b1147a594c33716bc29f5d1
1e9d8b5f6cb149eb9b38c5876f34eb3e	Daily Net Income Increase	दररोजची निव्वळ कमाई वाढ	रोज़ारी निव्वळ उत्पन्न वाढ	1c4a8655870f430f954dfebab43eed31
60eca1b05bab4c85b788bcd510b9c214	Granular Khoya	दाणेदार मावा	दाणेदार मावा	ed3e04e9ef2041a699e86e73892747df
228199cb79c740c3988dc4c39eeecc39	Anti-stress Medicine	तणाव विरोधी औषध	ताण नाशक दावो	0a27f5ae70a047d98e5720b21bd5a755
76602d1e2a454bb1bedb469a444fa251	Risk Factors	जोखमीचे घटक	जोखीम घटक	b899485650944165a5210164562d83a1
f5bc30471a784e2482e4f7bf66344f23	Copper Deficiency	तांब्याचा अभाव	तांब्या कमी	96c3d328471a425eb5eb05bb316c479e
735cf059c6464e21bcbd57ceb3fa7447	Sedimentation technique	तलन पद्धत / सविस्तर पद्धत	गाळ साठवण तंत्र	120787b633dd49e98f607311832fe43b
fe1c086555a24ec39032f492291ffa8c	Bad Breath	तोंडातून वाईट वास येणे	मोहोडी	3fdd971a42f647bb9a47952f8829dcc0
13e8175fac434cedb9794fd668741924	Pox (Devi)	डेव्ही / पॉक्स	देवी रोग	f4a3585734ea4f30b7efbafa2b7241a5
4ee4afcb91dc4cf18cccd4ccfb10fc50	Skin Biopsy & Histopathology	त्वचा बायोप्सी व हिस्टोपॅथॉलॉजी	त्वचा बायोप्सी व हिस्टोपॅथॉलॉजी	e3457b93be4243358c5df4c233707810
23429b738bb84a8796f6e88fbaafbaba	Toned Milk	टोनड मिल्क	टोन्ड मिल्क	78750ec8b52c4ccf854eec41e774a6f5
f43a2ed05c304098b29d741aa8ea757e	Teat Canal	थनाग्र मार्ग / नलिका	आवाळो	c78d2a923e8841a986971a2d77869aac
0f1a198d33bd41e6861cf9cd87c42c95	Flotation technique	तरंग पद्धत / फ्लोटेशन पद्धत	फ्लोटेशन तंत्र	dac0f7dd73e04c70a532f1e73eaebcb2
650014f5733340f5a3b4d3b005b55b61	Fodder Fermentation	चारा किण्वन	चारा आंबवूनूं	392be490142647259c9c55403b7fad42
9100c399abfa4cdcb20d5a436b996a1a	Deep Litter System	डीप लिटर प्रणाली	खोल खत प्रणाली	f35eed3909484d069a3e0c1815aed415
b63bbeb59e854ef19fab2ab3768b4107	Ready-to-Use Products	तत्काळ वापरण्यायोग्य उत्पादने	वापरूलो तयार वस्तू	5a00af8fcbde408ab4ac70b977a6224f
4589ac9a0d5e436dba513386cb692e8d	Stress-Reducing Medicines	तणाव कमी करणारी औषधे	ताण कमी केनू दावो	1efc29e8ba2f423993feae57a76ab8ea
73584ded7e944f96a19c4d03ec67097a	Feed Palatability Enhancer	चारा स्वाद सुधारक	खावनु बदलूलो	b9d708978389465592c12ff29afb81f6
86d6466ce8c544afb835cba26fe54a9c	Mysore Pak	मैसूर पाक	म्हैसूर पाक	abd7c12a1bbd4163a0470f7b47b0298d
46ed269d4ad041ad9ebe59007943655f	Lifestyle Changes	जीवनशैलीतील बदल	जीवनशैली बदल	e218dfafa35a40a2b08d76a4c87771b8
dae2b41fda9a41a9b12bf509dd8548fc	Species-Specific Management	जाती-विशिष्ट काळजी	जाती - विशिष्ट व्यवस्थापन	870969e5f663497eac73ead8a9bec400
ba490150b51e4e1aa846052a7c1739e4	Trichomoniasis	ट्रायकोमोनायसिस	ट्रायकोमोनिआसिस	058b73472c5c4dc1b061a1be2ae525dd
87ba986f723a4942a7a3b54ce2ba1f24	Oil immersion objective	तेल इमर्शन लेंस	तेलांम पिगलूनारो पदार्थ	914c3862d64740fd8ee7affbb66bb44c
9089f5b221964feab9ee21e7af302312	Gas Brooder	गॅस ब्रूडलर	गॅस ब्रुडर	2a91d68e176f4647a3c754f7eaacbcdf
ca11f827e81f498babfd8c3f7817bec6	Chelated Mineral Mixture	चेलाटेड खनिज मिश्रण	चेलेटेड मिनरल मिक्सचर	5199bbba4a3846759fd6d84eeaeca174
c737ca218f0c4a0ea847d43b63958ffd	McMaster method	मॅकमास्टर पद्धत	एम.सी.मास्टर पद्धत	302b4c816dd149b3a777ec3f3511ce0e
2392273526b3444e9495759e6cba438b	Basophils	बेसोफिल्स	बेसोफिल्स	19b8ea798f964c1793af9be1a81ddf2a
8003cd397dd04b1282bf4588afea3058	gene pool	जनुक पूल	जन पूल	81e724e632be46f78cec5cecfee00322
a2552e448a064e0285c0b4072d853d26	Continuous Pasteurization (HTST)	सतत पाश्चुरीकरण / HTST	सतत पाश्चुरीकरण / HTST	bb56fead3a1943b88f0416f11fa11a37
f6222510ffac483493dfef03994ae766	Rectal Mucosa	गुदद्वाराच्या आतील झिल्ली	गुदद्वारा श्लेष्म	6a541bb3e5bc435f84184cf503342161
b36072d2c9844cc287b287dd8772394a	Fecal Sample	मल नमुना	नमुना	e574aff0382b45e4874b40d45cb311a4
d2a1cc1de6d34540aaff95dd5ab16e8d	Myocardial Infarction (MI)	मायोकार्डियल इन्फार्क्शन	मायोकार्डियल इन्फार्क्शन	68332008a9774af59f9faf8557ce9cbc
e1db44bea7cb426d9ff609d7a4a9d6e8	Clinical Enzymology	वैद्यकीय एन्झाइमशास्त्र	क्लिनिकल एन्झायमोलॉजी	c9daf843f8504cc38f6f52c923ce054c
7d1ee5e0435148468bc65073b49eff5d	Mites (Sarcoptes, Demodex, Otodectes)	माईट्स (सार्कोप्टेस, डेमोडेक्स, ओटोडेक्टेस)	माईट्स (सार्कोप्टेस, डेमोडेक्स, ओटोडेक्टेस)	e9ac05fc05e04f45abb84793e438a014
b430d9c79394461bae8187d078a383ba	Canine Distemper (CD)	डॉग डिसेंपर	डॉग डिसेंपर	8cd65e98a7c84753b7ba44d9674c11f2
143f735e29d2405796109836857ad238	Batch Pasteurization	बॅच पाश्चुरीकरण	बॅच पाश्चरीकरण	10e9dbf3fbb141bdad2a1802a5e7211f
0bf320f1592a43f3b1f8ad5ddac96b96	Botulism	बोटुलिझम	बोटुलिझम	8029f339cc564e35b06eb23680694114
f299d523e6094b9fa5861197b9395c7a	Intensive System	घन प्रणाली / शून्य चराई	इंटेन्सिव सिस्टिम	82b4b9d3a5e0459481db63c4ad96c8a0
09cc83964a2c46869ccd94cb2a87295b	How Aquaponics Works	अक्वापॉनिक्स कार्यप्रणाली	अक्वापॉनिक्स कार्यप्रणाली	46334a31094446c5922166f62e7e2f1f
f4c0d20f830447b3ad75609f08c1c9c8	Babesiosis (Tick Fever / Red Water)	बेबेसिओसिस	बेबेसिओसिस	279e9eef8b674aba8a546fbcbd65b3ef
9b30009109a44469a787c08ed797d8aa	Brucellosis (heifers only)	ब्रुसेलोसिस (केवळ युवती)	ब्रुसेलोसिस (केवळ युवती)	3ea377cce5944afaa750cd553ec749c6
1c3859bf604f4de7b614cd8d717c5830	Chap Khoya	चाप मावा	चाप खवा	a064ec0a7af14fbaae23cbabff6e887b
cb2de2090bd544acb19d49a957bc5f52	Bacillary Haemoglobinuria	बॅसिलरी हेमोग्लोबिन्यूरिया	बॅसिलरी हिमोग्लोबिनुरिया	cadfbe035d6e4b3dbf331593883b3f12
624de4d58f464897a1445f2b19ef790a	Giemsa stain	गिम्सा रंगद्रव्य	गिमसा स्टेन	6f326b0599a24c23bee2cae6ff2a2d24
bb98551dabbb4d2993f6c82705ab3b91	agricultural education and extension	कृषी शिक्षण आणि विस्तार	कृषि शिक्षण आन प्रसार	14c8731b08b447ce8522f326810eb344
9e113c6f00a045008f960d649aae4b64	Nostril	नाकाचा छिद्र	नॅस्ट्रिल	ec2a5b34ad7f4bcbb9d05b392b33ff4c
dadb13fd297d44a2846a7ea2971144b8	fusarium wilt	फ्युजेरियम मररोग	फ्युजेरियम मर	10b02dc09098481dbb5912c245a884f4
625a818bde2c4237993195db5eedf56f	Milk Vein	दूध वाहिनी / रक्तवाहिनी	दूद वाहिनी	05421e3ef8a34cf995024dcaf15e1011
f1e62f91bdc042c4a0372e870fb76790	Cloudy Eyes	धूसर डोळे	मेघालो डोहो	f334cd6376064580989fae691ac3b209
fa3cd89467724e7a843f3c439fb2e4b6	allelopathic interaction	अन्योन्य रासायनिक क्रिया	अलेलोपॅथिक क्रिया	dd11660a08e9471fb1b4e82059ec71b9
9775f499b9ec4067b5e2c561f494ba59	Bulk Milk Cooler (BMC)	मोठ्या प्रमाणातील दूध थंड करणारे उपकरण	जाखो दुध हेलो कोइलो मशीन	9463b82f06084324ad00b8a52ff55738
73270bc6ae2c47a8a82ef05465020ab3	mace	जावित्री	जायपत्री	ecb1b4952c5d4d55ab853a3b8e116f45
d9be7b8145444acfbef27b2d98d93c76	Secretory Tissue	दूधनिर्मित ऊतक / स्रावक ऊतक	स्रावी ऊतक	91716fe69381436983a56e717260dc45
7acb27a501af4de4ae1dfd75b391894a	hydraulic conductivity	द्रव वहनक्षमता	हायड्रॉलिक वाहकता	357a4383a9e54a4e98eef7612be017d8
b82edc1df7cc4f8591b8a96d10b8a3ee	anaerobic condition	निर्जीव स्थिती	बिना हवा स्थिती	9ab6f7c4ddc14f7a9e046ab250c1f7e6
706d6d330de342908bde7b578393dd2e	Milk Vein	दूधवाहिनीसंस्था	दूद वाहिनी	d7c73d85f04d49dc930a719465091b8c
92cd28c59fa34238a1c36539f3ecfed5	Harvesting	धरणे / मासेमारी	वाडणू	42e31f3404b943e2b8b603a308b84f7b
458f637fcd124ae2b7370274e6d719fa	fertilizer recovery	खत पुनर्प्राप्ती	खत पुनर्प्राप्ती	d02c0dd147bc4fe7bba9d6eefc22cd5c
dc938740c2724ca1a0846e64bcf8bd06	Mucosal Disease / BVD	म्युकॉसल डिसीज / बीव्हीडी	म्युकॉसल डिसीज / बीव्हीडी	9bf261c11a664ecf9be9ca70dbb1242b
aa7e5ac522df4637b378f352943754e1	kindal	किंडल	किंडल	56cd25fc5d6a47bfbfb41702ef5a247b
9b3ff09047ee4b50ac60fc253123791c	fusarium crown rot	मुकुट कुज रोग	फ्युजेरियम मुकुट कुज	a4c9f7ffa9b84958aa24398f6a468b4a
c1139273da6e49d98ce073c9933d691a	Nail Trimming	नख छाटणी	नख कातरनूं	a566d8561eb141c98af66d783f0ec66c
3cf46486485a46c890a18eaba264b3c5	Dehaemoglobinization	रक्तातून हेमोग्लोबिन काढणे	रक्ता कमतरता	781eb28aa1214696811cfd2a89684e37
46321457bbee41d3822d9b5d8fec515c	Sample Collection	नमुना संकलन	नमुना संकलन	626cf45cb8424f7e8370a4267bf9d363
103a2cd600cf468c8b88792ff804a388	gene bank	जीन बँक	जीन बँक	a4d1badf2b54415a9190b3235323f727
6ea839f02be549f79193b14cce2802eb	Clinical Mastitis (Visible Mastitis)	दृश्यमान मास्टायटिस / क्लिनिकल मास्टायटिस	दृश्यमान मास्टायटिस / क्लिनिकल मास्टायटिस	4082c0cc40984706a8ae263750427eb9
50fe5941ede14dfaa9c76385b89223eb	allelopathy	ऍलिलोपॅथी (एकमेकांवर वनस्पतींचा रासायनिक परिणाम)	अलेलोपथी	17181992c512462c9970f3b05472407f
a5cf500a81364fcb9d3cedb746193cb6	nitrogen leaching	नत्र निक्षालन	नत्र निस्सरणी	08afc9a967d540a795e047ef32f65b82
416645e57f0242f18308aada446f1f08	Hemolysis	रक्तकोशिका फाटणे	रोगता कमतरता	93d958140baa45c1a16118220afb8327
bdb8c5dc35604106b25c555f743e1f5a	Secondary Farm Products	दुय्यम कृषी उत्पादने	दुय्यम शेतमाल	e96debc071f14455862daf7fecc30875
61befdb5bf944fcb94fb7048b0eabe21	Sire Evaluation	नर मूल्यांकन	नर मूल्यांकन	2daed0e5ca3545b8b8fb49dff502f78d
3d74724ff7534b85a154b47b133d069b	Rinderpest	रिंडरपेस्ट (Bulkandi)	रिनडरपेस्ट	580f52885c394df29ee0259e2a236462
487ee8b909a247efb8958f1884f6ea17	Milk Conductivity / PCR Tests	दूधाची विद्युत चालकता / पीसीआर चाचणी	दूदोमे विद्युत चालकता / पीसीआर चाचणी	48612c8a0f5a4d0285434c9c852b191c
e290014a98714d3b9fb120a3f5136560	Haemoprotozoan	रक्तातील प्रोटोजोअन	हेमोप्रोटोझोअन	784eb0752c0e46e4af749f0dafe357b0
eed9420ba71b41abab662138771c3dbe	agri-voltaics	कृषी-विज पद्धती	खेती-सौर पद्धती	c8d7332a99ac42bd91685936db859d11
8663264bc19a4d479ff5b970b1997dd7	Profit Estimation	नफा अंदाज	नफा अंदाज	8f3dd6c1f6564920ac93071d7468ee49
69351a80db1f421cb67ce651f611d118	adjuvant	पूरक घटक	सहायक	d88e3dc2d2744b9b979a4593dcb04643
8f0fd80fe7f942968eb78af989e903cb	Dicotyledonous Fodder Crops	द्विबीजधारी चारा पिके	द्विदल धान्य चारा पिके	0fb360838c8b421bb9779128c13fde0a
83aa0bc5aeb74a2eb3f3bc56d72e9950	Monocytes	मोनोसाइट्स	मोनोसाइट्स	8c2e6aaf3fd44c93bb3cfbeb52b4da59
a214c2470ef14c0ab76f15cb38380870	Suitable Animals	योग्य प्राणी	हारो जनावर	3fdb0c20678a4603a9cdb6b97c817798
032709958d9747389d898e1c1204e265	Dull	म्लान / फिकट	निरस	412ad32168d34689b45f1f794f53a05d
a7d6cd110c674a94bcf2fcb7d0ded6cb	Fomites	दूषित वस्तू	फोमाइट्स	75fe36d1b0ae4fe1b1a361e8f5b114a3
7137e460fdf44c00842bb60078c1349a	Hemorrhagic Gastroenteritis	रक्तस्रावी जठरांत्र इन्फेक्शन	रक्तस्रावी जठरांत्रशोथ	9973f7564d8b4332bab239c9c89848e8
794c8214276c480ebdf7baab9977a3c2	gallardia	ब्लंकेट फ्लावर	गॅलार्डिया	19040737352349959a81d79af325060a
53a628e87c4b4b11bc07cf927f6bcfac	Anticoagulant	रक्तस्राव रोखक / अँटीकोॅअॅगुलंट	रक्त गोठो रोखूलो	62026c092163459d9d99095dd8aaf78e
1e2a6c0e99e84cbfbcddc90325ebaa71	kohlrabi	कोहलराबी	नवलकोबी	dc889d3278724f9398cb60b28f3ef1ca
2658b5a9faa844328b4d3d9d1fe53aa9	Sire	नर जनक	हांड्यो/ हांड / टानगो	052fda578de44079947738a309a7c162
bd2b745aec8948f3ae5950ef38888823	Sheep & Goat Pox	मेंढी–बकरीचे Devi	मेडा बोकडा देवी	9bf1bddf4c0943299cb948db75483054
6c76d88e71c64016a20025b321d34e72	Value-Added Fish Products	मूल्यवर्धित मासे उत्पादने	मूल्यवर्धित मासे पदार्थ	c6046dc5dffd4a3ba32063ce583f42b6
648bb68e00794af2b07fbe2d4692c50f	Secondary Farm Materials	दुय्यम कृषी साहित्य	दुय्यम खेती साहित्य	00980739edc14ad29e7a87ccc4da49c2
990accbf35fb49169578f93e02c1fa36	Bovine Spongiform Encephalopathy (BSE)	मॅड काउ डिजीज	गाडा डोगरा रोग	7c8bf9001f22487791eea73006bf88cb
ccaee12ab96f4992890a9b0e9d5f2e5a	Proper Milking Out	दूषित दूध पूर्णपणे काढणे	हारो दूध काडनू	489dd1ec624e4a0fac979f0ebfbdd427
6656cc99df9e4462a3dce8921dc57e13	garden cress	हळिव	गार्डन क्रेस	615b8e37577d47ddb3d1ff80bb861877
60d14ab71d9a48c98782a28daf647642	Anticoagulant	रक्त गोठणे प्रतिबंधक द्रव्य	रक्त गोठो रोखूलो	5d5f02e2122b487eb58243a9a089fb4c
9971c2e9a9d844ffb9bb5638ca8c8545	wind energy in agriculture	कृषीमध्ये पवन ऊर्जा	खेतीम वाराऊर्जा	50580b646af642c9a6f88d5f70614cb6
7a726886b000403bb225394601ec97e1	allelochemicals	रासायनिक आंतरक्रिया घटक	अलेलोकेमिकल्स	62912e7361eb4bf599e20d8e17ddc748
816148996f6144939b434bff6fceda43	nectar guide	मधदर्शक चिन्ह	मधुमाखांहा रस	484afe6cfc58484097446d3c4a94beeb
84e51018fb194dba9049d522761c7a99	Milk Hygiene	दूध स्वच्छता	हाजो दुद	345e8decdf534c9e9aec0283f3943779
c4c8a274934f41faa9dd8da107862444	Form-Fill	नमुना माहिती फॉर्म	फॉर्म-फिल	2c7a742062434d93be19c9bd6b0c4305
f97102b999af49678607e186b9deebaa	flat bed planting	सपाट वाण लागवड पध्दत	सपाट वाफा लागवड	42c9a8f7b67f4cf99774b16b80664349
241c998107d54b2397112efca2d1a150	Haemorrhagic Septicaemia (HS)	रक्तस्रावी सेप्टिसिमिया	रक्तस्रावी सेप्टिसिमिया	13e650abf72e483badf2b46fbd1db188
d3e1b10997e34ca391a1c1a2633c5db2	agri fintech	कृषी वित्तीय तंत्रज्ञान	कृषी फिनटेक	aea58adb36b94c989f1dc73b85e45020
ef855c7b5ea444d994c9bd33fdf8c069	Haemato-biochemical parameters	रक्त-जीवरासायनिक घटक / मापदंड	रक्त जैव रासायनिक मापदंड	54e070785ea04af8b7f9eac40eeab8f0
756017af6e604698b6a05fb6357087d6	Urea Treatment	यूरिया प्रक्रिया	युरिया प्रक्रिया	a3110cbed85c470fb065039f0ce0949a
f77f9ef381854237a422ce27d9b28f63	Quick	नखाचा रक्तवाहिनी असलेला भाग	माहरी	24e0a7bdba174b24b4e2339b3caf489f
fd8790d8c7b841d6a6512fe48df73699	Haemorrhagic Septicaemia	रक्तस्रावी सेप्टिसेमिया	रक्तस्रावी सेप्टिसेमिया	55b22f02e3d440b184366e593c39f962
1ac316d81d93495688b71dfe27cf2453	weedicide resistance	तणनाशक प्रतिकार	खोडनाश प्रतिकार	00740aaaed9d4fed8d714a18e2736cc5
e4930f770d7146a5b63878d6e4b771c7	agroforestry system	कृषि वनसंवर्धन प्रणाली	कृषी वानिकी प्रणाली	aa5a3aadd10f4a46b9b01fede3b248ea
8c9a9bca60334e9aa4ba7e1c6c9bf240	genetic erosion	अनुवंशिक धूप	आनुवंशिक धूप	6887d2b9d7964047bd91577155e6ae6e
46b1ba653cb04c74adda4ec7737ff734	Milk Standardization	दूधाचे प्रमाण संतुलन	दुधा मानकीकरण	5d6833d38c884b3d9bddc3fc9c5415be
a13c611421014f7ea2cb6b93c3ca0f3d	banana tip over disease	केळी लोळणे रोग	केलांहा टिप ओव्हर रोग	ad6fc2624b624031827beb3ee8632371
c404e861938b40ecb6a4c5a35f8c767a	Urea Safety	यूरिया सुरक्षितता	युरिया सुरक्षा	65f2d8de06534949af8dea4a4b531350
b6db2e8dea234f5480ef16ff9271b9eb	Nail Clippers	नख कटर	नख कातरणी	2926edf3e9184019bc9787ffad96d0e7
c0b4bb0c3f0e40999a6342ddbc60d1c8	Daily Feed Arrangement	दैनिक आहार व्यवस्था	रोज्या खावनु व्यवस्था	ab07eb6bb3cf4143b4239f6d59e59b4c
a6e211d9cc2c4313bb02af1eb7ba3f7b	Bloodwork & Endocrine Testing	रक्त तपासणी व अंत:स्रावी चाचण्या	रोकता तपासणी अन् माजमे श्रावो चाचणी	29967ab266cb4697a7f15e6eb23d9487
89cf1e5554c043eaa2491e2824b8da19	Clinical Mastitis	दृश्यमान मास्टायटिस	गावडी आवाडा हुजित जाणारू रोग	f4c9053d50a54c62821c567adbea121b
48876c2d30154e48bcffb1549aef4410	Bulk Collection	मोठ्या प्रमाणावर संकलन	मोडा प्रमाणाम गोळा केनू	c7a07514c7084c31a1cbc0f71767ed32
f96a2b13e27a42fabb5122e482bd4741	Visible Signs	दृश्यमान लक्षणे	देखाणारे चिन्ह	a5696e27b5724857bb19ad8fc77319da
f4e729e3458f434b92aa8d19dac439d7	knol khol club root	नवलकोल गांठ मुळे रोग	नोल खोल क्लब रूट	4ee78637b1c941fea4348aac01c1aefb
2361786857e74d9281191c75ee3d69fa	HS (Haemorrhagic Septicaemia)	रक्तस्त्रावजन्य सेप्टिकेमिया	रक्तस्त्रावजन्य सेप्टिकेमिया	40d60b35e15842569c99099ab48ad475
ba6a365b38ba4998b212c8e29aa074ce	Sterilized Dogs	नसबंदी केलेले कुत्रे	निर्जंतुक कुत्रे	a61dc98eb3e14240b9fd1f8870a0e1b9
36116d8515484936bc51a38af2fef37a	longan leaf curl	लोंगन पान वळणे रोग	लोंगन लीफ कर्ल	9d9c92b48b4b47e88db5a9ae0fcff5fb
9754d88625b8497a9f145c0268cb1ff9	Milk Handling Capacity	दूध हाताळण्याची क्षमता	दूद आथुला क्षमता	e88a684e07c642a89da561821e4f686b
2bd88a481157426e91320525f43985aa	Blood smear	रक्ताचा पातळ पातळ थर / स्मीयर	रोकता पातलू थोर	8f11a84275c746d6bb11a4f245525d54
9e3b1fcf9e0741168ec01382230f73ea	joint liability group	संयुक्त उत्तरदायित्व गट	संयुक्त दायित्व गट	60cebc6cfd564265ad783d9449809bd5
3188a5753abf48e98b0b42c5dc49e849	Nail Care	नखांची काळजी	नखांहा कालजी	752bf0e229bc464cb28b82fad57f76a0
90e92ab832bc47d1be913d3e5e26c77b	nitrogen mineralization	नायट्रोजन खनिजीकरण	नत्र खनिजीकरण	4352bffaac094d4bbb09118584b6cd68
65cf66a4fa254e7bb2d557614b5c4ab0	Liver Fluke (Trematodes / Fascioliasis)	यकृत फ्ल्यूक / फसिओलिअसिस	यकृत फ्ल्यूक / फसिओलिअसिस	c01e01c21ac9449789a6660ddbca4458
48005a4571da4be5bbc58aea6f9597a8	Anaemia / Weakness	रक्तहीनता / अशक्तपणा	अशक्तपणा	4c48db6ec0a24d86a85ac7877ca46324
adbdf3c1997d4e47869a68667c2d4e45	Liver Biopsy	यकृत ऊती तपासणी	यकृत ऊती तपासणी	b9fb94fa334149e99631e31656c7a1e9
bfed0bc7514d4e959bf88eff8e5ef6a4	Dispatch	नमुना पाठविणे	मोकलुलो	b0cd699ce4bd4fba9793a78342d0c5c9
0eb3817b6b8c4c82b449e8660f0c076c	Rabdi	रबडी	राबडी	035b69ee4d934f189e6b82185dbee8ab
f665dc4638984577b45d79b9832e145a	livestock welfare standards	पशुधन कल्याण मानके	जनावरां कल्याण मानके	4e20285be831435ab298a750e3fed5b6
6e36d607a71c43379bd45add163b1802	Cereal Fodder Crop	धान्य वर्गातील चारा पीक	धान्य चारा पीक	c0c299a9b5524ae08c7b2568887b3344
c8ebbe59fbbd4fe9a5f31c97ea2a981b	Biochemical analysis	रासायनिक विश्लेषण	जैवरासायनिक विश्लेषण	73b17e1f85cc4c60bb2c9cd8ad87b93b
1f7cfb0c3b7b4f7e9ec9bb4b24684b5c	Newborn Deworming	नवजात पिलांसाठी कीडनाशन	नवजात जंतनाशक	f64768ac78ad4d6aacd9a0434e0786a1
f3ceaaf1fade4a15bb9572c441eadf44	willow	वाळूंज	विलो	df07c9a1fa5a4500a3232518c55cdff3
98fbf6421a4b47a6b4673ec649d48140	flowering index	फुलोऱ्याचा निर्देशांक	फुलांहा निर्देशांक	c53d1a993be44b66865346e4b57d7c19
9483c14631a7447f8cc7399b926d1791	Constituents of blood	रक्तातील घटक	रक्ता घटक	4629da514bbd405c8856428854aa23e1
3a58a88d7eb547e0a670ed31045179bf	flood irrigation scheduling	पूरसिंचनाचे वेळापत्रक	पूर सिंचन वेळापत्रक	49ec81e6e6bc44bc9fe1fcaca2d0c374
50d0f50095884f65a44cc9b4fa02cc4d	weed control strategies	तण नियंत्रण धोरणे	खोड नियंत्रण धोरणे	a5e79201e6c94d3a853a910a350248ce
42013372d40e45ddab4af81fcb8f6461	Mechanization	यांत्रिकीकरण	यंत्रा वापर	ae0a894043e941ec846df1eb418ea10d
748d33e659f746c1b30ef1c19a196ad9	Mulberry Leaves	रांजणाची पाने	तुती पाने	f7b5af7f1db6476eb3b9076ca9516d9b
59ea83c636434a808e552ad5f790cddc	Hepatocytes	यकृत पेशी	यकृत पेशी	4de62149d7634921bc0fa0726e9ddf21
5bc0eeb493674e0b8a41afa71182bd62	Dicotyledonous Fodder Crops	द्विबीजपत्री चारा पिके	द्विदल धान्य चारा पिके	c84633a47a7c4043924a933d48d55ff2
6c8c7dc7ec394e6cbb4a44cd0845c03f	antitranspirant spray	वाष्पोत्सर्जन प्रतिबंधक फवारणी	वाफ नाय आवणू फवारणी	3a48bbda1e1c47c0814344e062176caf
ba6d411e950549f982026be02a1ec418	axlewood	धावडा	धावडा	efb75cf95b3e46b3a488aafc67f24757
e92f01bb4c694adb81f9461be36a322c	adaptive crop varieties	अनुकूलनशील पीक वाण	अनुकूल पीक जाती	a77d9900fde54137a7c6e69b75853983
4d6f85a4c184457e9250ea7f99b7ff6d	ash gourd mosaic virus	पांढऱ्या भोपळ्याचा मोझॅक	कोला मोझॅक विषाणू	26a13b8123e945e893e815b8556826ad
e63f17058b9b4852b930df994faf6351	agricultural biodiversity	कृषी जैवविविधता	कृषी जैवविविधता	623562ac65d04a72a99560d1e62dc328
1d61f8a16c354a08b49b768a97d42008	anther culture	परागकोश संवर्धन	परागकोष संवर्धन	337251326c56494a8ab35b72a68e68ea
24fb680f28b2471ab16f8cb8cb4cdd7a	acidity index	आम्लता निर्देशांक	आम्लता निर्देशांक	d8f6495b9190486da680017a2a135f1c
f6d7534ff13a470b9d9c6da11b19701e	denitrification	विनित्रीकरण	नत्रविरोध	0e22951a72a34ed2956bd008a96ff1ee
f64e49776b2a49a1945f2ff4cb1183ae	descriptor	वर्णन संकेतक	वर्णन	ccd85655c7d741c9b1b9df9b02aea761
3eecf24d89d742d580fbcac5f13746f2	agricultural drainage	कृषी जलनिकासी	खेती निचरा	ec1f35edd62e4a24a49470483e23975c
a8877611620142dab7db518af63b9a20	dormancy breaking	सुप्तता खंडन	सुप्तता भंग	28cb90c3dd604d8f95f2530ed51aa102
b48bb71ce8c3492e8e5b1b0d4044c8d6	genomic selection breeding	जनोमिक निवड संकर	जनोमिक निवड प्रजनन	335c8e1d6ddb4b06acda40f15642d68d
eb6eb62028234ca5acc86a05d182e326	adaptive irrigation system	अनुकूल सिंचन प्रणाली	अनुकूलित सिंचन प्रणाली	816f4299525f4873852af5418476710b
9bf4ed5ee9c1400aaf8852034ee7d2cd	agricultural policy implementation	कृषी धोरण अंमलबजावणी	कृषि धोरण अंमलबजावणी	fd98fb3a898448c0ba78021add32d1cb
b43d559b29f04cb2a306671152a252c9	assimilation	स्वांगीकरण	समायोजन	dc4fb5fcfcf14b0a8c4f6cc01140b9a1
ce8e4d9089064ee3b96e8342a20bb061	automated feeders	स्वयंचलित खाद्य यंत्र	स्वयंचलित खाद्य देणारे	3be249173aba44c1a835d9a9f0d582a9
b18b7d71332c46278cea8117ef0056f3	asparagus	शतावरी	शतावरी	f51c006aa5af4f7aad353069a8adb397
a1b408a62aba41588862e6eca785f01d	anaerobic digestion	अनैरोबिक विघटन	बिना ऑक्सिजन पचन	9926f27c03494ce2afb0d47350473bc9
d9bd96a1608f4325bf12af86876b177d	atees	अतिविश	अतीस	ae8fad46d9ef447fb51147e567543a1b
7ff55d4db0624ede8ed7076638c82234	agricultural policy analysis	कृषी धोरण विश्लेषण	कृषी धोरण विश्लेषण	41c20450704e446ab47447e122170cd2
de13537400ea4bc2be5a8558e56e7075	heat detection	माजाचे निदान	तोप ओखूलो	6cd6faa2d69a47f9bc8c37963b16ce51
bbb1785f619e4f7fb66b6fafe0736107	Lipemia	लिपीमिया	लिपेमिया	7942b14402d64d91a7bf035bcba553a3
110b915b1108425f9b9780848b00fb14	Rhabdomyolysis	रॅब्डोमायोलायसिस	रॅब्डोमायोलिसिस	4b338f069e0748ecb9624d1f774bf6ad
7791441393ca41f3a8165495fff79dac	halo blight	हॅलो ब्लाइट रोग	हॅलो ब्लाइट	d816807ab1004e6880f26b0b0fad6d92
1e07a3e710904d7b871fdbfddf6bf288	External Parasites	बाह्य किटक / परजीवी	बारेने परजीवी	2fce04a069444b69830c4592dd412858
6b4bcb97b05c43e28a9996208b1cc18b	Sarcoptes spp.	खोल माइट्स (सार्कॉप्टेस)	खोल माइट्स (सार्कॉप्टेस)	a36afcb5d0ae418c9bd1ff133a1b28a5
13b3e2b5adec4714aeec3dc1ddacfa2b	Bluetongue (BT)	निळजेवा	निळजेवा	1d94bd3143314e71a30404530aa8a298
8fe175ae167c45cd904bc237564c23ec	Buffy Coat	बफी कोट	बफी कोट	3f38afa670ba4c5d9cbfc7d9cae6946b
0b8a37f4dea649ba80b01a9591138d64	Ectoparasites (ticks, lice)	बाह्य कीटक (खुणी, शेपूट कीटक)	बाऱ्या कीटक (खुणी, शेपूट कीटक)	61c1a76d770a4ff08e901c4569a985e3
1622476144f74fbd9c5e6e15193b3fde	Lactose	लॅक्टोज	लॅक्टोज	376c1f32a7844e0da09f686f48d18844
8dc2a143168e4c008db01eacd49003c5	NutriFeed	न्यूट्रीफीड	न्युट्रिफीड	bde167d18ed4456280ef46f776bb56fa
ed49f27532764c438588e6a51680d08c	Centrifuge	केंद्रभ्रमणक	सेंट्रीफ्यूज	c8994920fa0646d7880f593c66999ec2
712c2eff6fe5401683bdcc7af9705e78	Neuromuscular disease	न्यूरोमस्क्युलर आजार	मज्जातंतू पेशी रोग	2e0b80e3f3314d8292e96f1fc4743a45
1a14da74f04a4894ae09d4be2359caee	Romanowsky stains	रोमानॉस्की रंगद्रव्य	रोमानोव्स्की स्टेंस	2cd2b8a445ab4ce899714fb0397e2d1d
425142c00a4542d5bbd61eb9835b729e	Laparoscopic Biopsy	लेप्रोस्कोपिक ऊती तपासणी	लॅप्रोस्कोपिक बायोप्सी	2fd7f75ccb804f1e9f3ebc2628d65026
7b224361b731467aa99218ec3358a2fc	Exotic Blood Level	परदेशी रक्तांश प्रमाण	विदेशी रक्ता पातळी	e1dca0383a854e6b8168bf77a087a3a5
885d2171fa4648f1b41ab0303513edc8	California Mastitis Test (CMT)	कॅलिफोर्निया मास्टायटिस चाचणी	कॅलिफोर्निया मास्टायटिस चाचणी	c40bdbaa9f1f4782bca50122bddfb87c
dcbd36c308f741f4a162bb5b4129cec9	Centrifuge tube	केंद्रीयकक ट्यूब	सेंट्रीफ्यूज ट्यूब	88cf1d45c9934a8294eed1b25fa3c2a9
28724b2f15924bc6acdc140235b86d9b	Canine Coronavirus	कॅनाइन कोरोनाव्हायरस	कुत्र्याहां कोरोना	7cd41a0ed3ad48cbb6928c5ad00037aa
5f5522093bc94adc979efe639fe81339	Selective Breeding	निवडक प्रजनन	निवडक प्रजनन	a83aaa8ef0e44e2b9507b1bfc18eeaa6
08b21fd01ba04d318cf1ffd0c715b761	Rectal Glove	रेक्टल ग्लोव्ह	गुदद्वाराहाहाटी वापरुलो हातमोजो	0fa08096e246454f839cd714ed1f06c9
1948faa212524703a3ab9518620aeff9	Environmentally Controlled Shed	पर्यावरण नियंत्रित पद्धतीचा शेड	पर्यावरण नियंत्रित शेड	97cf4d626f384667b8426d746092e9f2
7542ee1152064d208721adc0b01b188d	Antiseptic	रोगनाशक द्रावण	जंतुनाशक	2e507c80f7c9411b8eac3daedf67f0b9
d89b152b3a94481991095987d4894348	micronutrient chelate form	सूक्ष्म पोषणतत्त्वांचे चिलेट स्वरुप	सूक्ष्म अन्नद्रव्ये चिलेट रूप	3ca9e445b8b94eff966fc37ed9fb5307
603cb61be59a4e5ab9af6a785a44628b	Bluetongue (Neeljihva)	निळजीभा	लिली जीभ	f88636f586884bcfb19f1da5384f9f51
dc96ac297fe44a189fbce7a04f9448fa	Pellet Feed	कण / पेलेट फीड	पेलेट फीड	86205753eebd4ad7a2765ad777bdaeb3
3aad6603b7104fdea2a870a5bc6bb046	Creatine kinase (CK)	क्रिएटिन किनेस (CK)	क्रिएटिन किनेस (CK)	fc3dde83041546ba88f8e2b0ce525df1
c1b6e71a08814bdfbf63bcfb751a7d82	Parasitological examination	परजीवी परीक्षण	परजीवी तपासणी	1ab60d598a5d40ab8d5cf4e7ae834a66
0e5be56f99934069aacc6a5af4a16725	Chelated Minerals	शृंखला बांधलेले खनिज	शृंखला बांधलेले खनिज	3834f5edcd414083bed47674ab579f08
54f603bed2a948c992e704cdff9306d9	Peripheral blood	परिधीय रक्त	परिघीय रक्त	34320880a7e04788bfcb18d0e8c90004
cda7fbf17ed2499097936a27504b4128	head borer	स्तबक पोखरणारी अळी	डोके खाणारी ओली	891a03a9d5424d3ea0632140f7ff48d6
472b51f5b39f447780ecfbc6f9d8770e	Canine Parainfluenza	कॅनाइन पॅराइनफ्लुएन्झा	कुत्र्यांहान वेनारो फ्लू	99c81b0df63047afb09847df98e7a229
0ec143b212714b8d84158bbeb2a30253	Rumen Undegradable Protein (RUP)	रुमेनमध्ये न हजम होणारे प्रथिन	रुमेनमध्ये न हजम होणारे प्रथिन	4e6bc067c8f94162be40a39b16df5f0a
52ec009c0e7542a5a1992238b6a71d07	Lactate dehydrogenase (LDH)	लॅक्टेट डिहायड्रोजिनेज (LDH)	लॅक्टेट डिहायड्रोजिनेज (LDH)	b4688c5958eb4bcdb9415729919ba6ab
3ad33f9ae07b4d4fb91c55b639b7ce3c	beet cercospora leaf spot	बीटवरील सर्कोस्पोरा पानांवरील ठिपके	बीट सिरकोस्पोरा पानावेने टिपके	d612a1a744044302abc5bbeb257befd1
36b3a7a69a634f118ec259aa306db3d6	Rabies	रॅबीज / कोकेबाधा	रॅबीज / कोकेबाधा	9f870970e0c44061b2354fae31172819
3c4bc55283f14d1e8746efced8e2584d	Leptospirosis	लेप्टोस्पायरोसिस	लेप्टोस्पायरोसिस	410de830805d43b38bec4cd1a2c1d7e2
2391d5adde0d41668fd4d35811203940	Coccidiosis	कॉक्सिडिओसिस	रोगता जूलाब	38870c8f1250415ebacac9d34d0e0134
d489c962510244808b10b2c99162d17e	halopriming	क्षारीय द्रावाने उपचार	हॅलोप्राइमिग	16c6b6eb605a477385fd51f275d776d2
79baadaf5cf6422385f219536c88e277	Leishman stain	लीश्मन रंगद्रव्य	लीशमन स्टेन	9510e3850c6d480ea2bbd8428b09fea5
e95a14e6519e4ab29c1726a51145d2f5	Classical Swine Fever	क्लासिकल स्वाइन फीव्हर	क्लासिकल स्वाइन फीव्हर	5c518ccfa855449c9019d757fa8a4382
374da31c4b0f466c85b5e225a12e05a2	Lymph Node Biopsy	लिम्फ ग्रंथी ऊती तपासणी	लिम्फ नोड बायोप्सी	b3250e5dd5324e0da123d4e0b6879b6f
802611553e854a219956f00cbf1bd13f	Lymphocytes	लिम्फोसाइट्स	लिम्फोसाइट्स	58ac055743754a949cdec0f35c06060d
aa96005a239a41e2b93bedf511243f26	Paragrass	पराग्रास	पॅराग्रास	a4f3213193b44467962a13083c445aaa
0f3f898a0a1348468f48b23dc7c05dff	Lactic Acid	लॅक्टिक ऍसिड	लॅक्टिक ऍसिड	c37f8aad797e4ca18c71eda4da7f4b70
fd13260f2ce940dfb2937325d325804b	Colibacillosis	कॉलिबॅसिलोसिस	कोलिबॅसिलोसिस	d885d03f51424350852b48f57dcbeafa
6f5b18ece151497580a306d270d39867	Maggot Infestation	कीटकजन्य कृमी / मॅगट	अळी प्रादुर्भाव	c13cda42aa20481faed0db61cdf9e5c2
574c9ff17a944e1f8479badaddc1208e	Immunosuppression / Poor Nutrition	रोगप्रतिकारशक्ती कमी / अपुरी आहार	रोगप्रतिकारशक्ती कमी / अपुरी आहार	91b9907a295e47049c7ba4de21dff7cb
879afd9b8f3c475486e17a2c6ad6f596	yam anthracnose	सुरण काजळी	यामावेने काजळी	fce0fb56d2eb4b789300aedb6f5bdd9b
d0d0eaee3d7846b6959fc35505ce3a02	Listeriosis	लिस्टरिओसिस	लिस्टेरिओसिस	c66f8b05e14642f29050e6069b857130
e814e42fae534b3697122e1181ed2fb7	Alkalinity	क्षारीयता	क्षारीयता	477b90fc4f8e4bdeb3fcc01785436807
26070ec38b914323b773f41467a18381	Marker Enzyme	निदान दर्शक एन्झाइम	चिन्हक एन्झाइम	f6864d62f4944e38aacb9b38c2468321
05ad83c129b4470bb058e6cbfed432ec	RBCs	लाल रक्तकण (RBCs)	लाल रक्तकण (RBCs)	2f79858abb4145778cfc0549979b9499
e6399371043940c4837e2b49272d5785	fertility gradient	सुपिकतेची प्रवणता	फळधारणा उतार	93dd570866da48d49ee8ae164fb2a2ad
d0e4be4b2d4d47119e2747d565d75b48	Nucleus Farm	केंद्रिय प्रजनन शेत / अणु शेत	न्युक्लिअस फार्म	63a373b3d572430a93bfd013a109c15f
317f9c019a6a434caadc3137211c6dfc	Canine Hepatitis	कुत्र्याचा यकृत संसर्ग	कुत्र्याहांयने वेनारो यकृत रोग	4b4f1545afa34402b13223ef48c5a7ad
4383cf97a11e468c8a031cde9bc2b6e2	Neutrophils	न्युट्रोफिल्स	न्युट्रोफिल्स	95fe3aaa58f0403e909d31799172cd0e
cdbd659a4019426786c4633550182d92	Fertilization (IVF)	निषेचन (IVF)	निषेचन	7d483240fce44286ac809c8fff7ba80b
d7be6ca5bd2d4e20aa31cfd2686952b1	Fertility	प्रजननक्षमता	फर्टिलिटी	77491e9b3a074626b8733cc36b0f4111
a1ee0e5976d94633a06b18700b61d4d0	Fungal Culture / Wood’s Lamp	फंगल कल्चर / वुड लॅम्प तपासणी	बुरसी रोगाआ तापासणी केरुला दिवो	46b3cb99a0d149e3892cb537e74d122c
8549a97702a24242b538bf9aee7a4e35	Training & Guidance	प्रशिक्षण व मार्गदर्शन	हिकवुला आन वाट देखावुला	952d01de827e4fc4bd85deaad10f74fa
ebc2e1d8662a41c0a95b483278c4b6fe	Fogger	फॉगर	फोगर	027e599ecb2f4305b9019739bed77e6a
93138f5d700348838443c42668b2988a	Solid Not Fat (SNF)	फॅट नसलेली घटक / SNF	जाडी नाय रेनारी वस्तु	c44647166c8142a4baceefb7f66d2472
2684026f86ea4ba08ae39df2d874e4a1	Phase One Layer Feed	फेज वन लेयर फीड	फेज वन लेयर फीड	a1b7daddffd346e398384c313d157744
9183b7d58a924a67b67f441df49344fc	Deep Litter System	गडद घासणी पद्धत	खोल खत प्रणाली	a1e9555135874dad93f36bcde6808380
f3a794942db74db7a9069df67a081824	Nutrient	पोषक घटक	खत	81665f303755421b8f379c68a5b10e7e
c7eaabf9be5a4a56b67a4163f2aad314	Processed Fodder	प्रक्रिया केलेला चारा	प्रक्रिया केलो चारो	b95d66ee251f42b487ab3c5e6b677d83
384ed870f84d45eaa4ffb219a1e17b94	Lighting Program	प्रकाशक्रम / लाईटिंग प्रोग्राम	प्रकाश योजना	cfbdbab324a848359de6a3b9dd0f851c
b1af9b0320e74ab69a9786cd87f45a08	Causes of Male Reproductive Disorders	पुरुष प्रजनन समस्यांची कारणे	पुरुष प्रजनन विकारा कारणे	271890e221d140a4bfc04ca09d05c1c5
9e65b841f3a84cbbabe11aa9fde07f46	Supplementary Feed	पूरक आहार	पूरक आहार	cb4807f903744cee8e5221135ebb5a62
de26ad36aacc42ac8a23f7785aae51a4	Finisher Feed	फिनिशर फीड	फिनिशर फीड	9c2d14bd225344cc8c5254acf454535f
2e9a4d1bcbde41e1bc9ac669308ec47b	Nutrients	पोषक तत्वे	अन्नद्रव्ये/ खाद	4fcd1d9645e84ce88a649321613497da
54a9f52a661249729f15f7b8fe1c3d9b	Fungal Skin Infections	फंगल त्वचा संसर्ग / डर्मॅटोफायटोसिस	बुरशीजन्य त्वचा संसर्ग	31a285e3f31e4a92bd1fc3cd92f778d6
6a248263203e483f95fcbb0071626dae	Fleas	फ्लीस / खुरट्या	खुऱ्या	2319f2fc63e14c1684bfb4afb3004acc
739564b7a5cc4920b8999976b8eeab27	bottle gourd	दुधी भोपळा	दुदयें	574bff3bc1174f178a213eaa24ed3a6c
f79d96b4ecee43e9aa6ae245618d434a	borer complex	पोखरणाऱ्या अळींचा समूह	बोरर कॉम्प्लेक्स	be60dbb987d5495f87a1491fa13e5778
3df62390d2d342879c5da6dd40831e65	host plant	यजमान वनस्पती	आश्रय देणारी वनस्पती	d55ff86a830e4851bf1c0b771a86aadb
eb9fa86f92fa410fadb25bc9d8607d59	seed coating	बियाणे कोटिंग	बियाराव लेवनु	255a36b06da345e181ed542479b0f094
39bcb4c1dd8d4b10961d5f1c386446b0	seed multiplication ratio	बियाणे पटीत गुणोत्तर	बियारा वादनू प्रमाण	31f8b786bfd84d46bd655f64e14e3e58
572a978a174444cf93220ae2d94686b8	longan	लोंगन	लोंगन	af80855f39ed433a8901dc7789bd34df
07fc6c95aff249b883b7adf2891529e9	quarantine measures	विलगीकरण उपाय	विलगीकरण उपाय	e9326383ab9f47d382b8edb0cb311456
9023d41c1c83474494afbf35b9acfc19	drone-assisted crop mapping	ड्रोनच्या सहायाने पीकांचे नकाशांकन	ड्रोन सहाय्यक पिक नकाशा	fbded4e598bc4484b1aed9950958f907
98d3754e086a4df591a41878711cc186	breadfruit	ब्रेडफ्रूट	ब्रेडफ्रूट	74ed3da36f614054837817912170910a
072a11f3efc54a44b1d5b6e2ab75e98e	breadfruit leaf spot	फणस पानांवरील ठिपके	ब्रेडफ्रूट पानावेने टिपके	8c7886bbf4ab45059959a78fd3ba75a2
756126316edc47ba9d13d1ff446f7812	botanical pesticide	वनस्पतीजन्य कीटकनाशक	वनस्पतीजन्य किटकनाशक	ff9cc7b89a5b46afa3e4756fb541c2fc
86023ca5fe4e4264a4910125c0f6e351	bottle gourd fruit rot	भोपळ्यावरील फळ कुज	दुदें फोलें होडेंहे	3677b9b738824a6fa3cd73a975cd531f
cabe74a87bf34998956b258b6e5cac7d	breeder seed	मुलभूत बियाणे	हाजी जात बियारो	04082858381244ce86407e1dcb32e645
cb682a86ae814cd9821490a3ab9be0a6	high-efficiency irrigation	उच्च कार्यक्षम सिंचन	उच्च कार्यक्षमते सिंचन	f5b97dfec5534d16bed281d9eb551d05
0641f70d559141878797acd45e759900	market intelligence	बाजार बुद्धिमत्ता	बाजारा माहिती	05c74b9cace5499ca84cd09d7132653c
0688e5be7ead4770ae938c59a8068ee4	bottom watering	खालून पाणी देणे	निचल्या भागाम पाय देवनु	5f44c8b9a39e444fad4eefb4bd612b16
89e15cf03b9949208c763661ec4e1902	botanical garden	वनस्पती उद्यान	वनस्पती उद्यान	d19f483b13294ce1905b0dd7969127af
d52237d773854b2b99f15fdd6690bec6	livestock health care	पशुधन आरोग्य सेवा	जनावराहा आरोग्य सेवा	e5fa14237c8d417c93509e3e1a927bac
1b1d251682624cf9b9fbde40a0596a09	macro-nutrients	बृहत पोषकतत्त्व	मोडा अन्नद्रव्ये	e1b569d5eca74cd6b2a8401f5549fa68
718ae86ba987462283a36e9de80de795	sclerotia	स्क्लेरोशिया	स्क्लेरोटीया	d8d90e87a0d74baf97522ff4fbdbfa37
f22d43e775c04275a57396f204cb90a2	gps mapping	जागतिक स्थान निर्धारण प्रणाली नकाशांकन	जीपीएस नकाशा	ecbbeb03f07c4515b717ebd9f168afad
84fab26c93134ad0b2c64b99faedae4a	germplasm exchange	जननद्रव्य देवाणघेवाण	जर्मप्लाझम विनिमय	a4b0a886c80b40028a37f41a23f79449
ea799618fe86486384f977d4d59adeb3	canopy architecture	पर्णसंभार रचना	कॅनोपी आर्किटेक्चर	a143c3aab14b4bbd967223401a16be1e
509637d5751e42e797e5c26cad632d06	bonduc nut	सरगोटा	बोंडुक नट	a0d6a936cdf448809e5b4658d9d9dc3f
6250ef4df3854b84aa6e6b7a410cf72b	boll weevil	कपाशीवरील भुंगा	बोंड भुंगा	a9b3473c5dd8417ca03da767096e4b77
6eedeb4efbee4cb19a94bc3d3cb8b0bd	breeder	संकरक	ब्रीडर	433ff75411c74c2cacf3c1243981cdc0
6e80c170c2b44604b244496248ff6bf3	drum seeder	ड्रम बियाणे पेरण यंत्र	ड्रम सिडर	dc65e18f19ff464fb0f3abb99188b281
51d3ce20e92047caae48dcd1eb6e9b94	cold injury	गारठ्याची इजा	थंडी चोट	741ec9cdbad443b6bcd01ad4e45ca065
7ed4099937974b94ac0dbe97083e7178	boron deficiency	बोरॉन कमतरता	बोरॉन कमी	f994306616f545ada500fde9bad15e5c
f784c04a7ff74214a152ac015d634163	dry matter accumulation	कोरड्या वस्तुमानाचा संचय	हुकालो पदार्थ साठवण	22b5c049088847fdaf2741a052bc80e3
16502991b9d54c51863a2fddd9310020	dwarfing rootstock	खुंट्या रोपांसाठीची अभिवृद्धी	खोडवा वाडनु	32876fe707834b81a46e6ee6a7ae9260
21ceccdc045f43c89fa3285018b45e9c	drone swarm for crop scanning	पीक निरीक्षणासाठी ड्रोनसमूहाचा वापर	पिकांहा स्कॅनिंग केरा खातोर ड्रोन	62cec690f04c440f84d1e43f3a92d5f3
c0bb7a4f58fe45bbae48eddad4686c0b	nitrate toxicity	नायट्रेट विषारीपणा	नायट्रेट विषाक्तता	132a462e86c145a89c1c503effe62e66
0722408ace9140298a1ffa312bca172d	border strip	पटटी सिचंन	सीमा पट्टी	baf2948c9e4447bdb12e9b2182b3e401
95556620b48a4778aa011e42888e6004	drip fertigation compatibility	ठिबक खतसिंचन सुसंगती	ठिबक संजीवायन सुसंगतता	35020049e6d248599d5136fe754015a1
67a78ee5ded8411a824a21ab7f83b40b	bottle gourd mosaic	दुधी भोपळ्यावरील मोझॅक	दुदें मोसॅक	9f4bac88900248adb10918632cbb6579
0ad191581bce495cbfd7ab0783ea71a0	borewell recharge	बोरवेल पुनर्भरण	बोअरवेलांम पाई पोरा पोडी	37077564ca8444fa9e802456f095b502
faa6419ae7f4498b8aa6082d9a16c2b8	livestock-crop integration	पीक-पशुधन एकात्मता	पशुधन - पीक एकीकरण	c4d14b25908b423396b057f7ddda039c
e59bc2180292428686e7866af0dec636	green biomass	हिरवा जैवभार	निलो बायोमास	82ae61b8baae467197eb673ce14c8840
ecf79ebb1bb641109f3cbecf3a06c607	border irrigation	बांधा सिंचन	सीमा सिंचन	638db6fd2b1d4b91b8f8d1274e2e66bd
9b60ec7737e34eafa977c0021925591f	quality standards	गुणवत्ता मानके	गुणवत्ता मानके	d218617b727041f5a802475b88b64628
573ee90a382f481597cb9b8e65b59795	borer control	कुरतड किड नियंत्रण	ओली नियंत्रण	9214ba368f8f4b2bb629a11c8a3fd621
9d751952ea3c4591bfe7c6d1ef7d6134	Fogger / Micro-sprinkler	फॉगर / मायक्रो-सिंकलर	बारीक पाई फोवारुला सादान	6f460c07c31143509339a02665b30e5c
d1ca822f79e8438bb92f7ab2789236a2	Per Capita Availability	प्रति माणसाची उपलब्धता	प्रति व्यक्ति उपलब्धता	7beb3097303a4086bd66232bb15fbf41
e3a296e84cae4dcbb94db9dd58cd5877	Hot Room Brooding	गरम खोली ब्रूडलिंग	गरम कोठामे ब्रूडिंग	c16294f8772c4ac3a4360198202f0836
d0987148d7134f08ab8b8c94022b59c5	Fleas (Ctenocephalides spp.)	फ्लीज (Ctenocephalides spp.)	पिसवें/ पिहीवें	fffdf272d50749b7ab83d5d0a71eb202
965bdf1440bb4de699d554e4a60e3fb5	Probiotics	प्रोबायोटिक्स	प्रोबायोटिक्स	746b0ab279bf43b9a846d7464747b66b
a3a6a6a5b76d499b8b1553056cb1e529	Quarantine	पृथक्करण / क्वारंटाईन	विलगीकरण	da06c26d38c7463b8fd477efa00d69dc
18f2162b59124661b780c315ed981abd	Lighting Program	प्रकाश व्यवस्थापन	प्रकाश योजना	e6ab3838be464c99a473a37a2f954e97
880d5448f9ef43edac101a3f8b50331d	Paragrass	पॅराग्रास	पॅराग्रास	44092167647c435680d980b2909e402f
121f8df56fda48acbb685ac448596192	Nutrient Availability	पोषण मूल्य उपलब्धता	पोषक तत्वाहा उपलब्धता	465b7064c913440d8d1471f70f909c47
931a07b58f854baeabd4da795d72c399	Nutritional Analysis	पौष्टिकता विश्लेषण	पोषण विश्लेषण	f1f9aaf92e3c4d9783c8e833e558bb30
633ad41e340346a4920616cc46377a72	nitrogen cycle	नत्र चक्र	नत्र चक्र	4cf26244d348428084df711808745fcf
1ae5354339ca4c85aa9b93a53cbfd8bb	nigella	कलौंजी	नायजेला	af9e4794ebda4f65b77f6dac87f829e3
764430025093436a93cc77242acd26f5	narkyaa	नरक्या	नारक्या	b36e03fefe3d441abfecede4c549275e
84d66313b5c945f48633a7a77eb08de9	gravity separator	गुरुत्व विभाजक	गुरुत्वाकर्षण विभाजक	ab0accf29dd348a89b53df2ae4cfeb47
d18a2402cc51429391e6c135d837395d	push-pull strategy	पुश-पुल रणनीती	पुश-पुल धोरण	c0a13f693cd04338bee9e6835c7a9e40
6c1094c8e9d74dd1b71338320883c6b7	nakfal	काफल	नाकफल	b3fdb3eb4e59499dac3337ded345d253
1052405c47544c45aaea6f6244472272	push-pull technology	पुश-पुल तंत्रज्ञान	पुश-पुल तंत्रज्ञान	3d20ecdd64b64be3afc50e97fd6cab67
2ceffd9e309b4daf9cd7214b9d677c62	nitrogen fixing	नत्र स्थिरीकरण	नत्र स्थिरीकरण	44b7b928cfb84fbf8238eeff3dea6a94
211746c2e1c54e4ba4971c2dd4808301	Protein Value	प्रथिन मूल्य	प्रथिन मूल्य	c3837849199641bd831b4aa8addbcf6b
5c3b1e729d1b401e96423e1731fff988	Early Lactation Period	प्रारंभिक दुधाळ काळ	सुरुवाती दुदा कालावधी	dc73bde5eaa241479ced2a2745e0f670
3d942ea5cade46b8a24a6c9d43ea7a69	Retained Placenta	प्लेसेंटा न बाहेर पडणे	आपुज थोवली गर्भनाळ	a8d4eb4fc04245e597d495028e4758fe
35a5e9a98c2846bd8091fa9e03b07eab	Shelter / Shed	बकरी/मेंढी घर	डोगरां - बोकड़ाआं पोंगो	97912494094c46fa90e8e4a8bea0ae06
6085793d7c944331a2fb658bcd6f6a6d	Recirculating Aquaculture System (RAS)	पुनर्वापर मत्स्यपालन प्रणाली	बार बार मासलाआं पालन केरूला तोरिको	205fd380592c425895f2cf2646ffe0b3
43be1c6b741c4441ae24a122a1119e43	Preventive Healthcare	प्रतिबंधात्मक आरोग्य व्यवस्थापन	प्रतिबंधात्मक आरोग्य सेवा	9d184ff9a2cc4302ac39dbc8286a74f4
dacaaa42f427445caf819ce160be3094	Psoroptes spp.	पृष्ठभागीय माइट्स (सोरॉप्टेस)	तोरतीप रेनारो माइट्स	81b1b91a429246a28206103089816f79
66da28a3c1b247f6a1473f7970973916	Nutrient Deficiency Prevention	पोषक तत्वांची कमतरता टाळणे	पोषक तत्वांहा कमतरता प्रतिबंध	95616055a1a34d11b7203b679c624694
dc3d0fa1ea8743e1a3b83f188fc19b1a	onion purple blotch	कांद्यावरील जांभळा डाग	कांदा जांबलो डाग	4f5c638d54894ac590d85631a401ff68
39e3f65b4cf241afac476f986b670d34	ear bearing node	ओंबी धारण करणारी गाठ	लोंबी धरनारी गाठ	2cce79f9bf8f48cab71b68e7b0d8d4c9
b607d402f32f4fec99b2a39cd257efe0	water quality management	पाणी गुणवत्ता व्यवस्थापन	पाणी गुणवत्ता व्यवस्थापन	bdef7dc3cf794ffdb467ec27dbcb35fc
06eb8083c338406f8b71d97764aecae9	decomposition rate	विघटन दर	विघटन दर	d9312807445448df9a11b65fd76341a4
69d78691085f43259e60359c0ff92f3c	agricultural research and development	कृषी संशोधन आणि विकास	कृषी संशोधन आन विकास	9ef969d20983404dbeba1025952b71e7
051882f08e554341a73e0bc12d48103a	bacterial ooze	जीवाणू स्त्राव	जिवाणू वाफ	857674531552441e89a0fe1c1123b74b
4418b9fa31974c33a7bd546fe55e5a39	bacterial disease	जीवाणूजन्य रोग	जिवाणुजन्य रोग	23cd49c189bc4eb9b104a93bb19bad20
2ad75f3b244d4cc7973889c384a3f0ff	agricultural machinery	कृषी यंत्रसामग्री	खेती मशीन	169abe5b44ed41d5b151813323881eea
e80954391c054af49128a193299e6f79	water recycling	पाणी पुनर्वापर	पायां चक्र	76a4c4d029b64eb6ac37e978ecdfadc4
bd821f5e7f5a40f48f82ac7a89178cea	agricultural market	कृषी बाजार	खेती बाजार	759fa4ead4eb4a948c230470347163d5
5a67a51cd211429f9ff10e08c2f974b4	organic matter decomposition rate	सेंद्रिय पदार्थ विघटन दर	सेंद्रिय पदार्थ विघटन दर	f7209da436624727a10fbc5812c3e3bf
efd54c14937240218dfd552202799a4a	agricultural investment	कृषी गुंतवणूक	खेतीमेने गुंतवणूक	d58eb0f44ab14d9e8145b6d6a55331d2
8ffbe6d56cb341869cbb20225f3ced4d	agricultural machinery maintenance	कृषी यंत्रसामग्री देखभाल	खेती मशिनांहा देखभाल	3057940c187c4b56b2152db830b1ca8f
2a7b566ca28e43e699c53f0ad3e80529	bacterial wilt	जीवाणूजन्य मररोग	जिवाणुजन्य मर	2c224cc13ab44f1a8a715fed9402a84e
ec8d628ba6534a79a35462aabf26baf8	bacterial wilt (tomato)	जीवाणूजन्य मर रोग (टोमॅटो)	बॅक्टेरियामुळे होडणारी टमाट	e68ce43cb0d4466cbca875df7c580a20
f5e9cda6900a4619a01f74b4a1eee21c	open-pollinated variety	मुक्त परागीकरण जाती	खुला परागीकरण वाण	e3bfe0be88c54dd4b3004a9bc65ab04d
2036ad7ab88c400d8483c33e9c25b186	day-neutral plant	प्रकाश-अवधीत असंवेदनशील वनस्पती	दिही-तटस्थ वनस्पती	d506352f297740568c1f2a2a77e07c73
8bba15bb0761445bb852c9bbbbc12749	water-efficient irrigation techniques	पाणी-कार्यक्षम सिंचन तंत्र	पाणी कार्यक्षम सिंचन तंत्र	b51c57efc6fc4f7394758fc25cc2f4c3
fbf4bc3f809842b990fed3f79eb364d8	water soluble fertilizer	विद्राव्य खत	पाण्याम पिगलूनारो खत	baf6835ec5c74a08bcaa7412bcd8a371
3e17444627cb469f95af0104cbc143e6	organic mulch thickness	सेंद्रिय आच्छादन जाडी	सेंद्रिय आच्छादना जाडो	e5e67e2225e5493290ed352ccb5da0a9
0b549fce6534450cbeadf88a471c5a77	water retention curve	पाणी टिकवून ठेवण्याची वक्ररेषा	पांय टिकवूनू वक्र	2fdc9afae03f48028b84027b135f2cb8
27de0d6ac4064a00b35c1c1cc667167b	organic load	सेंद्रिय भार	सेंद्रिय भार	1fbcc9a2ef4b4bbcb0b83c398a5e12ae
2584489c90c64c76b3f7e97a7163098b	nutrient management plan	पोषण व्यवस्थापन योजना	खूब हारो खावनु	69982603114640a8875b98596fb6587d
7a0b62f617f448cdb4c4bde7f8fb03e5	water-efficient farming	पाणी-कार्यक्षम शेती	पाई वाचवूनू खेती	8dc6636fd877480c8343e470f59e6cac
ed55922fba0e4ceabadc0be3b4a4d8ad	agricultural research	कृषी संशोधन	खेती संशोधन	270941a66c20418db4e5461323195b05
74031238c75b4c69ad19454b71a3f93b	bacterial spot	जीवाणूजन्य डाग रोग	जिवाणू ठिपके	6d3dacf5fcf343ab96f7ec4afb78f593
def81eaec73c4e5a85a0016513281202	water resource management	जल संसाधन व्यवस्थापन	पाणी व्यवस्थापन	cff5978f8b074ca998e7bcc529b9e130
ae84f370a0dc4ef1925fa199d43b2db6	bacterial leaf blight	जीवाणुजन्य कडाकरपा रोग	जिवाणुजन्य पानांहां करपा	9971671b572048b0a82a648c60f8d1f0
b0ec50699e1743718a982f1d48a060bb	water-efficient crops	पाणी कार्यक्षम पीके	पाणी बचत केनारी पिके	db7286486c484c7e86583b559c63a2c7
1745f3b4620241c5b977d7cc52cf6ea8	agricultural policy development	कृषी धोरण विकास	कृषि धोरण विकास	ce414592ffd441fc9dfa3f7bf78c2929
d25d7550ad8a4789a76725140d328c79	water saving technologies	पाणी बचत तंत्रज्ञान	पांय वाचवुनू तंत्रज्ञान	e9d0ce7dac7a4623afdfbd2520a0b220
49777438c29247828fd316ad4d3e2d6a	organic certification	सेंद्रिय प्रमाणीकरण	सेंद्रिय प्रमाणीकरण	48d53d8058e04816b7f2949ea24f9144
f40d22679e0543cabf1d5c07bcd504df	bacterial blight	करपा	जिवाणूजन्य करपा	863fa8af2eb640508b6b9479bb32ebeb
b877dcb1ac6a4722bbc64e3b5d3c5243	agricultural machinery operation	कृषी यंत्रसामग्री चालवणे	खेती मशिने चालवुनू	4ed2c49e0ec340cd9d45272435f4ee0e
3624b2d7af1645e48888e6b20d41b3d6	offset planting	अनुलंब लागवड	ऑफसेट लागवड	dd5ec01928be49e09ac5ca3d37a1133a
f65efe0b23b54e11bb58ce93b13d33a8	corm dormancy	कंदाची सुप्त अवस्था	कोर्म डोर्मन्सी	3043c618e8f748f88d5c017a35bdbd11
e9f1403128b649c5bdd837cd9bb59025	agricultural knowledge exchange	कृषी ज्ञान विनिमय	कृषी ज्ञान विनिमय	a5ec04e45e8e4cd89ba58d69088cc8fd
ad69d55c949b4f2282d7486f0d5ea33e	organic certification agency	सेंद्रिय प्रमाणीकरण संस्था	सेंद्रिय प्रमाणीकरण संस्था	02408b7234d848b2a7968d202f8044ce
083b1225103e4a109fed61d7a4b078f3	food sovereignty	अन्न सार्वभौमत्व	अन्न सार्वभौमत्व	66243b5a85444c2d9cd1deeb46b3971e
25fc47fdd37242a5a982d16680d7c9ae	agricultural policy	कृषी धोरण	खेती धोरण	9965c9ca57594c96aee5321d600222b1
01ccacfb20b44fb0b726da556ea0de91	food supply chain	अन्न पुरवठा साखळी	अन्न पुरवठा साखळी	82f979d63a1f4e4d95d62aed4e7ed642
672e3b79262447a78f20900f6bf83d1d	water stress in plants	वनस्पतींतील पाणी ताण	वनस्पतींम पाणी ताण	a1d921de39f84b9b85402963dbb2ecee
d75a75855c3944c99ee51125df0be0ba	cover crop	आच्छादन पीक	आच्छादन पीक	93a3440d27ec47bda2260c8509724047
a76188f87d4f4620bd8d51c942a1c258	oomycetes	रंदुक कवक उपवर्ग	ओमीसेटीस	3b36dba7fb8f4410b82ea6da04336f49
f2d8e6e7e4cb4d9ea2251e57cc6703f0	water quality testing	पाणी गुणवत्ता चाचणी	पाणी गुणवत्ता तपासणी	c294d38fb5e24411a41a5134657562fe
cbd1abed074f41bd9ddc9fe3125ec802	agricultural pest resistance	कृषी कीटक प्रतिकार	खेती किडी प्रतिकार	dacd0a894bb44dd2b1f1ff09de752db7
9f95357f69954679b40e9a5c9294ef20	emasculation	नर भाग काढणे	नपुंसक केनूं	905bc4868e33422bb76916f0e62be2fe
ca9a85c369bf4ac898f313d58894e8fe	cotyledon	उपरिबीजाणू	कोटीलेडॉन	e9fc7be0815e4b6ea5e8dfbe0afc8ebb
92783e6f9fbd4b5686596c99330eb20d	agricultural meteorology	कृषी हवामानशास्त्र	कृषी हवामानशास्त्र	7358c131136c4b8982f87baadb5ca97c
3c4820945a364b52a3314d53909fd693	water use management	पाणी वापर व्यवस्थापन	पाणी वापर व्यवस्थापन	8dad2bb002704f6b9d0b2c0f2b8449e3
b4f4d4ac963d444dbb9b841343c88172	water retention in soil	जमिनीमध्ये पाणी धारण क्षमता	जमिनीम पाय टिकवूनू	c739b704eda645c7a12cd531b1afe8bb
9f17d4dc3ec94deab7b9097ebcd9d065	bacterial soft rot	मृदुकुज रोग	जिवाणुजन्य मृदु कुज	6c1c838213fb4e53808979611433a6ac
1e03e24159c94c3eb1098767df7518ba	water retention	पाणी धारणक्षमता	पांय टिकवूनूं	bfaab407336845ea827a1482b6d0c7da
60ba2627c1d2438a80d6ee0faf0c8e75	water-efficient crops	पाणी-कार्यक्षम पिके	पाणी बचत केनारी पिके	ca5982ec9610494c92c73fbfdf7097e6
6cf8677de54e42eeb292795d03966b27	organic matter content	सेंद्रिय पदार्थांचे प्रमाण	सेंद्रिय पदार्थांहा प्रमाण	8a546f431d5844a786bac2856678322b
38a24dd0492641ef9e2172124d580a58	Conception Rate	गर्भधारणेचा दर	गर्भधारणा दर	23fa31a7ec3c45cba96f64b64fdec187
f793a90896754111a32bbd8e07816a40	Uterine Infection / Endometritis	गर्भाशय संसर्ग / एंडोमेट्रायटिस	गर्भाशयाम रोगजंतू पोसरुला	1a964c7435e7432b8f6b64d22dfe0aa9
9d4f6b0b4c3442b3bc2c8a7dd1ff141d	Polycythemia	पॉलीसायक्थेमिया	पॉलीसायथेमिया	b08cbd3d01b2441882612860f495f893
f4b3320d4aea4b77a40c60668a441b35	Laboratory Maturation	प्रयोगशाळेत परिपक्व करणे	प्रयोगशाळा परिपक्वता	15fa19b0ca87452d963b3d3c8b4c0c91
380ea289dfa5465290e3c5f8dbe980bd	Full Cream / Buffalo Milk	फुल क्रीम / भैंसांचे दूध	हारोपुरो दुद/ पाडीइ दुद	a16344d2b3ef4f82adec9bd98168cebb
831ff0183d16484d8805bed6c9313be5	Protein	प्रथिने	प्रथिने	3bf4052941c54b1189f95c30be515d09
ff0df6e0650f4ead9f62815cecc8747b	Antibiotic Residue	प्रतिजैविक अवशेष	अँटिबायोटिक अवशेष	4310a429a76d43a78236a48b2281a984
48bfd9cc64914199b0b7ef9b3c5a97df	Prevention of Male Reproductive Disorders	पुरुष प्रजनन समस्या प्रतिबंधक उपाय	पुरुष प्रजनन विकारा प्रतिबंध	a56e5a226ec74b3b824a2ad09e615060
bf798ca1e5cc45ed9e8320493d31b291	Airtight Covering of Processed Fodder	प्रक्रिया केलेल्या चार्यासाठी हवाबंद झाकण	प्रक्रिया केलो चारो हवाबंद केनू	97271b13a6714670b86cc61dc1ac3c41
99b7798820c54cbe88067acb5de0b997	Primary Vaccination	प्राथमिक लस	प्राथमिक लसीकरण	a9d52edea47a40918d54c80256cbb7bf
8ca38b3bee2348c6ade5e6abb265aa09	Pre-starter Feed	प्रारंभिक आहार	आगला खावनू	b29c676251854d92995843f09a897333
3c364fd07980458dad6d91a00801ef11	Cellular Damage	पेशींचे नुकसान	पेशी नुकसान	c1760825f0fe4901a5f455e1b1ae86ef
757f406727d9443b904aa32145473667	Packaging & Storage	पॅकेजिंग आणि साठवण	बांदुलो आन गोड़ा केइन थोवुला	2545eb25d11b48d08f117684b98e020e
3d589555704845cd8eb100607a45bf68	Prevention of Uterine Infection	गर्भाशय संसर्ग प्रतिबंधक उपाय	गर्भाशया संसर्गा प्रतिबंध	a6027eb91bc84e6c91f7f958483f4987
4868a7195d684c8cae880ee2d8506f3d	Gestation Support	गर्भधारण काळातील पोषण	गाबी वेनू मदत	b8c795145a704001af2a5cb9c39a10a5
4a67c94951d846ab8567fb4c5d2dee24	Prevention of Prolapse	प्रोलेप्स प्रतिबंधक उपाय	अवयव नाय होरकांआं जोजे आखीन उपाय	003f92ed673b4729a8bd87f3dcabd09c
b2bfb4b4375c45e6b7b0b7a11c0db0e1	Protein %	प्रथिन %	जिवनसत्व %	4f81085be26741b7962f4412290749c6
340a847ca82e4c219ecf76c61c7921f4	Full Cream Milk	फुल क्रीम दूध	फुली क्रीम दूध	c5eaee54549749efa380981de1b89b50
42bd2f5c02af457195680ac9725848d6	Prevention of Abortion / Stillbirth	गर्भपात प्रतिबंधक उपाय	पोयरे पाड़ी टाकुला बोंद केरुला उपाय	bf0837a78e114fd1a9f490758b57be3e
4565b2ede11441f6bae5ce30eedd1b95	antibiotic	प्रतिजैविक	अँटिबायोटिक	60e9df8acd204c2eaf9e8af396b43c37
b6a9a55f551d4094bb8eeab5b314d7ef	cross-breeding	संकरीकरण	आंतरजाती संकर	20c74ea86aad402e8b951de103e8b88d
4f3c35191d1b48198fd5cc147d64b961	agricultural economics	कृषी अर्थशास्त्र	कृषी अर्थशास्त्र	a9a0df8a078a4bb7b0ff224f628b5fad
0c2966fadfde41e289b8d68b5c58d52e	agricultural development agency	कृषी विकास संस्था	कृषी विकास संस्था	949a7b5148e441e18d90912fc4a130c6
23169a37ac0a425bb5559850f916f4bb	animal disease control	प्राणी रोग नियंत्रण	जनावराहा रोग नियंत्रण	751f5c86021443819a946edd622b032f
c2c47ff2db23426eadd85c97b514f8ad	agricultural advisory services	कृषी सल्लागार सेवा	खेती सल्लागार सेवा	af858a3144a94c6089a23d59a0b5a2e1
fbaf64c5f6d740aaa4ed05c9e67f7b7e	agricultural development	कृषी विकास	कृषी विकास	2956c7f834df4a1884f1ce3483ff89a3
56a7da793c44400c9646e2d53128247e	agricultural greenhouse	कृषि हरीतगृह	कृषी हरितगृह	8d0bb9bfa5664d8ca1646e825f00fe12
aaf580f6d87f420697c37952c5b8ce2c	abiotic stress	अजैविक ताण	अजीविक ताण	74a3e9dd4d114ff09884762e2988c6f3
901cd10975ac41eeb7deae4fa26d5e77	acid soil	आम्लीय माती	आम्लीय जमीन	c093027588554f72b1f666e8734cbb6c
bc37734e06a14b48a1567555e8fb6fd6	automated irrigation	स्वयंचलित सिंचन	स्वयंचलित सिंचन	8cf61093732540daa75831b7bf06e429
e1f05c4968fb43ce82999abc8b6fd349	anti-transpirant coating	पारदर्शकताविरोधी कोटिंग	वाफ रोकोलो कोटिंग	3af53005f9df48828348e5334335462e
68f4637ab619437380106cc8f9268d92	arugula	तिखट चवीची पालेभाजी	अरुगुला	87df9d09fcbc406f94b54cde6285333c
31fbbd9aa7da4d7a97056cb9c2afd0b1	animal breeding programs	प्राणी प्रजनन कार्यक्रम	जनावराहा पैदास केनू कार्यक्रम	01fc0f563fb049b8851c6e4a264cbf1c
b2b662165150410fa7a9fb716e4796c1	agricultural engineering	कृषी अभियांत्रिकी	कृषी अभियांत्रिकी	b86824a688e94a13a467d13d21eefe36
e6ae19211dcc4ee29552d9ecd4ed33d0	high-tech greenhouses	उच्च-तंत्रज्ञान हरीतगृह	उच्च तंत्रज्ञान हरितगृह	ac7a7659c7764c3bb85c5bfacbe6e982
3a18cf92cc024282b8fb7e7479a2cd77	crop lodging resistance	पीक निवास प्रतिकार	पिकांहां रोगप्रतिकारशक्ती	a3d606cb671b4a669d1bac1030766913
9b0222ba56dc4eaf8715b4c50a672e7a	agricultural education programs	कृषी शिक्षण कार्यक्रम	कृषी शिक्षण कार्यक्रम	c8a5755ee80b4625b2a6e4c3e77ae5f6
86a342d0745c4af18711862db0aee113	attractant	आकर्षक	आकर्षक	829931387aaf41ed92591b2dd431ccf8
e107316ccf5040abb90d10308b26f2f3	agricultural consultancy	कृषी सल्लागार	खेती सल्ला	b58b965f8f434d38ae6af93df6ed9a40
1af652f8d775443691ca7b9c3f0f3f47	azolla cultivation	अजोला लागवड	अझोला लागवड	1229192494f74b53b3151bad2d8a6f64
834d8e2611bc430c977836ab2960fefb	auxin	ऑक्सिन	ऑक्सिन	fee9dc38dcf541de95043eb2b0004c3a
9ea3c45796064b9196d47e4547cb1cfd	available water holding capacity	उपलब्ध पाणी धारण क्षमता	उपलब्ध पाण्या थोवनु क्षमता	6d72c4abb4a94580b681ff4ccfa5fcf0
6331e40caadf408da8d674aae5ee97dc	agricultural chemicals	कृषी रसायने	खेती रसायन	9e2c7671ab1b4a009784aa9253c64176
9e74f3a4ab034b4a854d8c915aed654b	artificial wetland for irrigation	सिंचनासाठी कृत्रिम जलाशय	सिंचनाखातोर कृत्रिम पाणथळ	8f2877813c2b4e03bca70b0f97e60464
b87c5862d07f49ee995ed67ad01b85d4	auxins	ऑक्सिन्स	ऑक्सिन	ff180a5b8ab34ff282425116d3735e85
e5acfe8bbb9c4f8eb1c71173420eacec	agricultural drone technology	कृषी ड्रोन तंत्रज्ञान	कृषी ड्रोन तंत्रज्ञान	319484689ec84f52bb03f548e0ccd19c
e2bb8c7bc01d4102a023cceecd0e429a	axil	पान-खोड जोड	अक्सिल	426522e9c8e24eaebad80b0491262eb6
f883eb533d9e41bf8d7d6102fbd0b232	agricultural equipment maintenance	कृषी उपकरणे देखभाल	खेती अवजारांहा देखभाल	b95963f5df4247cb9ec2aea974c2c01c
54baa76706c5400bb0d54a156cc6924e	agricultural automation	कृषी स्वयंचलन	खेती यंत्रांहा वापर	2111187a936b4de992d6d69ee45487f8
ce35439f8fa444f19b8865ea6b6040fd	low tunnel farming	लो टनेल फार्मिंग	लो टनल खेती	fde04d8ae3d144e6abe9b660d5eb7577
711e5122667e4c2d84f36472330d8cd5	anti-transpirants	बाष्पोत्सर्जन प्रतिबंधक	वाफ नाहा उडणारो	b158a29aa05841189856b1e2e04642d8
38cf67c7c18c4d68bf45bb2abe2b2caa	agribusiness management	कृषी व्यवसाय व्यवस्थापन	कृषि व्यवसाय व्यवस्थापन	3e436ebd64c2427ebaaa00dee28c0397
e8a23c7a09014d1d95c9df40ff9c1eca	cross breeding	जाती संकरण	संकर प्रजनन	c6ab672eb6a94d93bcf0083870f72095
68c13866cfd54066b3309e8918d49d2c	agricultural innovation	कृषी नवोपक्रम	कृषी नवोन्मेष	d38ad881824f41b6890cd1f092cb14c3
2ec0c2dda013464da538010d75f22ee4	henbane	हेनबेन	हेनबेन	a41e290b2075484789e4d48abef758f8
d3281bc6b26141d2bc6abf98d8d41a96	exudate	स्राव	सोडनु	e1b4a53bdf6c497c9f2ce75867ecba73
478ba81b2ca04c42a2bfc9dd91431866	integrated pest management system	एकात्मिक कीटक व्यवस्थापन प्रणाली	एकात्मिक किड व्यवस्थापन प्रणाली	b7620ce48746462c9d651ca0f896d7c4
b465e0d8686443158802dee4bc6d5d1e	eutrophication	पोषणतत्त्व अधिकता	सुपीकतेचे प्रमाण	a9009a2bb8c64439a73dfc04b4dca91d
4c8f1c56c00f4b3f9bd0af39dbfe5adf	fair trade	निष्पक्ष व्यापार	वाजवी व्यापार	cb87d826a19442d0beca444c2abd08cb
507adae50e7f458bb30bf29320797b9c	agricultural drone regulation	कृषी ड्रोन नियमन	कृषी ड्रोन नियम	ecab7b79b97d423982ece9ccf45d1ea0
c7b54ce3929648e69eb63a6ae1aeb911	cross-pollination	पर-परागीकरण	परागीकरण	04ca22c05e984b1786d78bf25ca445b7
e6a8510e9a3c474c86e67f9f30fc25c5	ndvi	एनडीव्हीआय (वनस्पती निर्देशांक)	एन.डी.व्ही.आय.	e42da70d947745368e891960777f9e2c
f51caef21e5443b3ac15acf317523090	agricultural extension service	कृषी विस्तार सेवा	कृषि विस्तार सेवा	3de1a55321e645c6b6664fe37ff0d00a
cc24df32ebac482988e2e8caab26c7ea	avocado root rot	एवोकॅडो मुळ कुज	आवोकॅडो मुळकुज	f20b3aa2ae1a48ef82736a1e8905cd41
7959d5d8cfc54cee84f1ad4ca112b42a	avarekalu	पावटा	आवरेकलु	66887535a1d246a3b3bf26aa98d7caaa
d5e061c69f694cfda5cc08a54ed515fd	itk (indigenous technical knowledge)	आयटीके (स्वदेशी तांत्रिक ज्ञान)	आय.टी.के. (देशी तंत्रज्ञान)	18ad78352083432f832fe5db2405b6aa
d5da2cebbc2f46098d1a5db1c16c24fb	agricultural hotline	कृषिविषयक हॉटलाईन	कृषी हॉटलाइन	1d325021d5f94ee7b9901f7c3e9db9f5
889a3446a5b94617bc3f3fac267b1de9	agricultural diversification	कृषि विविधता	खेतीम बिजा बिजा प्रकारा खेती	75f3152cf6ca4117bdbf135ca5ebd02d
dc64a9d4f51343a89646b4628b4cb26e	alfalfa	लूसर्न	अल्फाल्फा	38aa2d6ff9884d5fb0da7c76e352d409
867a428862b14d019e82d5d78eb66a1b	clone	सजातीय वनस्पती	क्लोन	e95f478ccfb8486faa75d91c4d9f864d
c2a049108c3648f2abd628d7ccad21c5	agricultural innovation policies	कृषी नवोपक्रम धोरणे	कृषी नवोन्मेष धोरणे	69dc7df3e92c486da88207b082cc1b34
0814b0e8b780431c99849ffb070790ca	aloe vera soft rot	कोरफड सॉफ़्ट रॉट रोग	कोरफुली नरम कुज	b36bb0e200734a0a844bd156eb11f922
d8e8c1b1e3a84ed495ab8c73cab7cd92	animal health monitoring	प्राणी आरोग्य निरीक्षण	जनावरहा आरोग्य निरीक्षण	9a35ad3c5ebc4ddca24d9a077cc24711
977b9ef691f94ab8be93f87ea34567bb	crop breeding techniques	पीक प्रजनन तंत्रज्ञान	पिक पैदास केनू तंत्र	5264842743be4cffa8982cc07e726348
1668e58b79194d439b175b658d5b8077	abiotic factor	अजैविक घटक	बिना जीव घटक	428dcf1b05494dfb92468aa5b9bc1dd0
1211cfe8d09d46509b84aced36c14507	chirata	किरात/काडे कीरात	चिरता	2eddf528ada548f48104ac4e1f11a393
e33441e8fd6c490cb3554b045a7f326e	axillary bud	पार्श्व कळी	कक्षीक कळी	423a1db1f6bb496cb897ec5cf32e26ce
53acb8ad38724185b2656da2cce2207f	crop vigor	पिकाचा जोम	पिकांहा जोम	2ed9e63632d94817aaceade169622197
626d4b03456d483b8dba9963da1c8ca5	autonomous tractor	स्वयंचलित ट्रॅक्टर	स्वयंचलित ट्रॅक्टर	5398423c0fc74c50b74e854deac0eb95
2ced2f8ed2ec4276b98db25f876bc116	avocado	एवोकॅडो	एवोकॅडो	ec858f346a464b25ac0aad99b31a123b
3f6ad078955f45f7896843fcc9ffa883	agricultural credit	कृषी पतपुरवठा	कृषी कर्ज	d7540d4698d94f0aa476cab798d3a689
d6b3e0365b45432abba0b2137308ee42	anantamul	अनंतमूळ	अनंतमुल	ceb4a2ac01114448bf75211138da25d4
1f3f7ac84e2748598133e2b30fd266a0	artificial rainfall	कृत्रिम पाऊस	कृत्रिम पांय	74e432d31c1f4aa7aa49ed532750dc06
ce00c5f78221410d88b2c6c2a3c7ebde	agricultural export	कृषी निर्यात	खेती माल	5021f45fe9814ab38b3bdebf60cbfb04
6c4cebd3247a4284a05ea9f713799865	water use efficiency	जल वापर कार्यक्षमता	पाणी वापर कार्यक्षमता	f729f78f224d4788881eba627cc050f7
f1c1fcbb3ad2488aae11814a1251f8bf	agricultural marketing policies	कृषी विपणन धोरणे	खेती माला वेचनू धोरण	ff7ec05255c5499db95498e2a32b9405
f4638103bd324692abb6cab0fa4da0b3	agricultural policy framework	कृषी धोरण चौकट	कृषि धोरण आराखडो	32a7dc064f164b8bb006a00e4a100a73
837b174c94044c60b38a9605e00fbeb9	organic standards	सेंद्रिय मानके	सेंद्रिय मानके	8ba1185234bd471fa951719b6a676665
2103285c5b0a4bac88354da0b43111b5	agricultural mechanization	कृषी यांत्रिकीकरण	खेतीम यंत्रा वापर	11d54f4a558041fbbb0b08213c0dc0a9
64fca4dd08b94941afd901ea8a66e65b	free living fixation	मुक्तजीवी स्थिरीकरण	फ्री लिविंग फिक्सेशन	02e6cd3809ad414faad319b0ae4ca9f6
783124030bd547b491e45d160c93adb7	water-efficient irrigation	पाणी-कार्यक्षम सिंचन	पाणी बचत केनारी सिंचन	e7677a1f9068415f956bd8ee66bf195f
f33e44124e4747038ea8be63f60f4675	osmopriming	अर्धपारदर्शक द्रावाने उपचार	ऑस्मोप्राइमिग	245e2d0ebb6b46fdbb2f3b082bc2aa23
111bf517508b491eb72679abdcffc013	bacterial wilt	जिवाणूजन्य मर रोग	जिवाणुजन्य मर	58e23ede056b47f8b81983c5164693c4
603eb0e8412e4174af390ba34808ee61	nitrate leaching	नायट्रेट गळती	नायट्रेट लीचिंग	365a38933da3480494bf467561448f84
2911f02351f8453cad0499ab82356827	bacterial streaming	जंतूस्राव	जिवाणू प्रवाह	edf7582b50a64fd592e1b92aed0de79a
1cfc96d1b1f84938833afbbf8169657a	nutrient film technique	पोषण चित्र पद्धत	न्युट्रियंट फिल्म तंत्र	2067ec9ac4c44ca4ba11af9db75701c8
b33926f6fa654f3caaad31c89dca2ab8	open pollinated variety	खुल्या परागकणयुक्त जाती	खुला परागीकरण वाण	e3a7136419fd438c9a78514552a04830
620d39438f2e4899afc216229c2ece6f	bacterial oozing	जिवाणु स्त्राव	जिवाणू सड	6c29340d76294dd28870204d5fb84e56
5fa95ae5360247f5bf4b6d00110d3f3d	agricultural product certification	कृषी उत्पादन प्रमाणन	कृषि उत्पादनाहा प्रमाणीकरण	a92e33ed09d4489aa79194c74991eee6
bd92bffed074436e8c00b7e63887fae7	cover crop	आवरण पीक	आच्छादन पीक	738699dc8a7e4ea4b602a733c9e0ada2
8f758d65768b4aa3af391b98b1706265	osmotic stress	परासरण ताण	परासरण ताण	99f9fdd77fbb45d28663808c7835cc52
6fd0ebe92ee7478498336c393b0cada4	crop load management	पीक भार व्यवस्थापन	पिकांहा भार व्यवस्थापन	e766465e30d54379b9bfc1a7dfb23c79
9fd1119b9851433584440364fead509f	ecological restoration	पर्यावरणीय पुनर्स्थापन	पर्यावरण पुनर्संचयन	1541062c427a495bbe402a2e233df1c8
cd3f52e72c4e4b79bc4147fcc73d16f0	hybrid vigor	संकराचा जोम	हायबीड व्हिगर	3482bd31ab2c46369c9dd89f7b687cba
8ba2bce52a9e4aa6820aff495ee65cdc	hybrid vigor	संकर जोम	हायबीड व्हिगर	32b84c5d97554a10b64660b63e4fb08e
3a6a0a71b5e04843b128c11078ac3209	crop cycle modeling	पीक चक्र अनुकरण	पिक चक्रा मॉडेलिंग	7780f3127f674ea0b2b13c9f1a94f454
e54043742ba54701b21c5c3fda93f864	crop canopy management	पीक छत्र व्यवस्थापन	पिकांहा आच्छादन व्यवस्थापन	a414bdd5c23147dc9d257b6902c2470c
b852867580b94ea8b7b4d8331c91aecc	organic certification standards	जैविक प्रमाणीकरण मानके	सेंद्रिय प्रमाणीकरण मानके	54f7d8b6f8574bebb950a8256a1518a7
caa38dcf936246a1be11da87e55565bf	critical irrigation stage	निर्णायक सिंचन अवस्था	महत्त्वा पाय देवनु टप्पा	23332a62076e41fbbccda37d1d84090a
5f8c2e9a7a7b4530bef577bbb66b83f6	cover crop rotation	आच्छादन पीक फेरबदल	आच्छादन पीक फेरपालट	ef522a51b2c74221a1a0e1fde68e3cca
6af5846cf1d1465a9fbabc3671393048	elephant foot root rot	सुरण मुळ कुज	खोडकुज	0411a32fbc10478984d579d26e697e05
2c5567adea704e4a995ae72ebd89e985	organic residue management	सेंद्रिय अवशेष व्यवस्थापन	सेंद्रिय अवशेषां व्यवस्थापन	815ea394c4534cb9a7947b8ab36ef83c
dfa5a0d9e2094ec6bcc3ce95f5652ca6	ecotone	परिसंधी	इकोटोन	19f794e2cf6a4aa09dca889da1ec7841
15cef960777b4bbab8c5578768c4ebc3	organic certification process	सेंद्रिय प्रमाणीकरण प्रक्रिया	सेंद्रिय प्रमाणीकरण प्रक्रिया	8c9adf73c59a41d885a0fd7f0341606d
c6bcbd7105ba48b3a608412143ee8d2a	hydroponic nutrient solution	हायड्रोपोनिक अन्नद्रव्य द्रावण	हायड्रोपोनिक पोषकद्रव्य द्रावण	a7c1fa8cbbeb4361a450d540f9a7e9b6
522120825d364b5fa34530998e24901c	natural pollinator	नैसर्गिक परागीकरण करणारे	नैसर्गिक परागण	8842ecf6e1384c8181807c8f61406751
46f5dc36dfb54112bd8dffef46100609	nitrogen volatilization	नत्राचे अस्थिरीकरण	नत्र उडनू	56aa6b917706480e8b321b5171bffc05
2cbfd2b1b3d24688a4b0af60c447a7a1	economic threshold level	आर्थिक उंबरठा पातळी	आर्थिक उचली पातळी	390f7e5247134fc2b85f4ede82a6f4d5
a8c82d97e92f4350923fa771fa53ac86	cross breeding	संकर प्रजनन	संकर प्रजनन	e6e722b94b1e4f97ace9acbbd62da4d9
5f0c70431fc34017b034ffb3cf93b840	integrated disease forecast	एकात्मिक रोग अंदाज	एकात्मिक रोग अंदाज	7545c9ed5e1d471dbd5f64e9b143e523
ff15434aa1744a6bb18733c36f4a7039	environmental impact assessment	पर्यावरणीय परिणाम मूल्यांकन	पर्यावरण परिणाम मूल्यांकन	1ebaf3c779d04aecbb39cebd566caa9f
ddc34d14e6e64bb998f6e03b63263fa9	osmosis	परासरण	परासरण	f4765c0a28b44b5084886bd701348b6b
518ea28d8eac47d688f8ea878f86c8a2	integrated crop-livestock systems	एकात्मिक पीक -पशुधन पद्धती	एकात्मिक पीक-पशुधन प्रणाली	6f58dcc113d34f598d56cfe0d6e0cd12
b3bc3cd933b440968749d2ab7c0de0c4	crop phenotyping	पीक गुंवैशिष्ठ्यांचे निरीक्षण	पिकांहा फेनोटाइपिंग	0beb150bb10f4030b1184fc7caf45b7a
079fe5eaf98c4471a0dd9ddffc563468	integrated nutrient management (inm)	एकात्मिक अन्नद्रव्य व्यवस्थापन	एकात्मिक अन्नद्रव्य व्यवस्थापन	0640f27d81284cf9bbe3b9111e9e3c48
099c21852bba45ae946b70a9652ba320	endosperm development	भ्रृणपोष विकास	गर्भाशय विकास	98233a08fdaf44aebb82868019692121
675ebc6cc8d448d297d74a5d785cf1ba	false smut	आभासमय काजळी रोग	खोटों	515605a5c19f4efd84795c7ac6087f66
0f608e79db944302ac597bed3e3087b2	chamomile	बाबुना	कॅमोमाईल	97576fb4afeb4382b0b02a02ce5d8657
5af22edf3ccc4b0bad8608a9990bbb20	ESR	एरिथ्रोसाइट सेडिमेंटेशन रेट	ई.एस.आर.	ba96167ce6f64be7a53837ac97c1a3c4
9905e739717049bbbb28a75665ab68d6	Puppy	पिल्लू कुत्रा	पिल्लू	b70ef3d7342940bfaa90dba590b8e864
6b17a6d2a2e24f439de7d8760328a743	Safety Precautions for Cage Farming	पिंजरा मासेमारी सुरक्षा खबरदारी	पिंजराम पालन केरा खातोर सुरक्षा उपाय	275b14e69caa4981899c239a4362e74c
fcaaeb366edb4880babc367eb96e2e39	Hydration	पाण्याचे प्रमाण टिकवणे	पांय	02fd00bab5c54c7db20139656b2f39a0
8edb81c44a1f40e68d69831d79eeee12	PPR (Peste des Petits Ruminants)	पीपीआर	पीपीआर	550aa79396064a349f127fee31cc5eac
19fd17c7d38e44679b38850d89d63ad6	Biofloc Technology	बायोफ्लोक तंत्रज्ञान	बायोफ्लॉक तंत्रज्ञान	cb29450c5cb0493481fa9a166ac71937
fcb257d2a4394dafaddc8d7397497f88	Deep skin scraping	खोल त्वचा स्क्रॅपिंग	खुप खोल कातूरनूं	3da8137b8e604e7ea3ae26fa21653647
8841f9bf56ae441faef0bb7e28a405c2	Leukocytosis	ल्यूकोसाइटोसिस	ल्युकोसाइटोसिस	d7624ccfe63a49ac9d175b44b2090953
6d5622022f404f59a1757c2d0c328ee6	Environmental Management	पर्यावरणीय व्यवस्थापन	पर्यावरण व्यवस्थापन	bde1d91d769d4ab6a5996f2803b5f88b
d3ae870c068f4a4c8dbca5bc80f38643	Cage Site Selection	पिंजरा साइट निवड	पिंजरा जागा निवड	148f6a25b16b4fefbd35fdfc920e080a
81b43865d98945e79e43b8cd93a4e4f0	Berseem	बर्सिम	बरसीम	2d6746c7ac8d4ebd909956a55650da5d
e6583a8e02314a87abae4ca826ec9740	Pedigree	वंशावळ / वंश नोंद	वंशावळ	8a02079eb98541db8afcbea8b62404c6
f693f38375d84ba9a00113a769cc3c13	Veterinary Advice	पशुवैद्यकीय सल्ला	पशुवैद्यकीय सल्ला	80736c29a4394e0baf35f983119a4700
5f76885f6aa34d9ca8d41fe7d363aeb0	Enzyme	एन्झाइम / एन्झाइम म्हणजे जैव रासायनिक उत्प्रेरक	एन्झाइम / एन्झाइम म्हणजे जैव रासायनिक उत्प्रेरक	2d8c58c6b6ca45dd8fa036d987149213
ddb5b4406a9d437da663103eac2e9440	Mastitis	वांछनीय स्तनशोथ	स्तनदाह	b8b1c777685c4610ba1508884e6c380a
fcaf6bad708042ec8fb0d90ffe6d2fb4	Rainy Season Management	पावसाळा काळातील व्यवस्थापन	पावसानूम व्यवस्थापन	8bdf02e6a5d446c0a29d0d10deeb02c3
4d6207db1f3448428eddd9f6ed3aec68	Leukopenia	ल्यूकोपेनिया	ल्युकोपेनिया	2ba4fe988a8943ef8a96ca85f60914ba
00277db466d84abd88a1f448e01f8328	Veterinary Care	पशुवैद्यकीय काळजी	पशुवैद्यकीय काळजी	b1a6057d0a7b4f31946686293439a519
ef53e03dba7842998cbad6a0ec729d9b	Water Efficiency	पाण्याचा वापर कमी	पाणी कार्यक्षमता	acce92fb63af4b489219f82c586b06af
3f4527359e78448d94f6c1a1b2da54b7	Suitable Fish for Cages	पिंजऱ्यातील योग्य मासे	पिंजऱ्याखातोर हारो मासो	64aba1a423e541d4ab6c66f1249583b6
8992cb6507a94ffbab024197a3eb237e	PCR	पीसीआर	पीसीआर	d21a40bc5efe441ab9e82ee1e0edbd81
1928db833684417e960a2405e08a0153	Sex-Sorted Semen	लिंग-विशिष्ट वीर्य	लिंगानुसार	cab105e325f644dfb1a510844861e384
16c95750c676465db47f1a0838596172	gudmar	गुडमार	गुडमार	643e1c5e180e42afbbf9bd9763205dd3
935420b51c8e43c0b0e5f4594ea664ba	Pasteurization	पाश्चुरीकरण	पाश्चुरीकरण	85150c0dc18e44d1afcd5babd7bfcb49
5869df491a4c4f8c84cdde1e1f313158	Erythema	लालसरपणा / एरिथेमा	लालपणा	a529da33cddf4bccba74b08c86ad6e33
71919eb4d11647839c9fd427b7d568ef	Berseem	बर्सीम	बरसीम	da00158af32c425db70fd32b0b7a4d38
405cf22a75ca4e5886c1474330ee803f	Environmental Sources	पर्यावरणीय स्रोत	पर्यावरण स्रोत	ad27a1ab8577475194322b17f80f3096
c826cf7506ba4639adb074e42255ef7a	Age / Productivity Specific Feed	वय / उत्पादनानुसार आहार	वयानुसार / उत्पन्न केहकी देहे तेहकी खावणू देवनू	63fae5dfd9224e5abcdd280d74dc8f36
884154792fa64b08984517341fe7b1dd	Anthrax	एन्ट्रॅक्स	अॅन्थ्रॅक्स	57d6918054394d47b6523ea8ea03d4c7
33aad20ded3946a8a83cd4eae627522b	Parasitic Skin Diseases	परजीवी त्वचा आजार	परजीवी त्वचा रोग	a8dea1ebc82e4294bb599799ed9024d6
958dd6ceda9749eb876ebf60508eb531	Crop By-products	पीकाच्या दुय्यम साहित्य	धान्यपेने बिहऱ्या वस्तू बोनऊलो	46666b491be7469dbf55d2842eb2b5a9
1dfd3715e7fa48ad8037d1553861216b	In Vitro Fertilization (IVF)	कांचLaboratoryमध्ये निषेचितीकरण	कांचLaboratoryमध्ये निषेचितीकरण	785cc75e64cf47148bc37e3f7692f317
b148b76388664b58becddf0281849b34	Cage Types & Materials	पिंजरा प्रकार व साहित्य	पिंजरा जात आन तियाल लागणाऱ्या वस्तू	d14a14f8e4634fc1a27db0257333cba1
13ec2f35d03b4f568b81ad013c2fbb5b	Water Quality	पाण्याची गुणवत्ता	पाणी गुणवत्ता	6328d4991b854cadaca08c66be4fd079
d73c88269568415ebfa99b541e56e800	Parasite Control	परजीवी नियंत्रण	परजीवी नियंत्रण	e334e7d122024f6383ff9260ea442f17
fd38106aaf9f41bdb282332c267c4cfb	Water Trough	पिण्याचे तळ	पांया कुंडो	30197307026749248c55527519344657
d86398f952ac42f9a5c003ab3b1b41fb	Enterotoxaemia	एंटरोटॉक्सेमिया	एंटरोटॉक्सेमिया	5acf222578084905a8ace590964a41e1
d6fe9180c05d41358195fa7ae9506111	Behavioural Changes	वर्तन बदल	आचार बदल	94ec562d0e6b48b8a4a9e36a3e37c892
b95f0953387043ebb75ffb30d1e4dca5	Stephanurus dentatus	किडनी वर्म (सुअर)	किडनी वर्म (सुअर)	d07177a8b158499dbe5b0c956140b5e9
d3e85053ebf0436786ad6cfc1dd969e8	Pet	पाळीव प्राणी	पालतू	c0410d187bbc4edba189ebe0edc42610
e09baaa824344cea8e958c6f4319121e	Water pH	पाण्याचे पीएच	पायआ पीएच	db15011d50d4443c819a95d430579e3d
5c80953e7e5d490689dd2d7a73fa42a0	Coal Brooder	कोळसा ब्रूडलर	कोळसा ब्रुडर	b886e693509b43d792ba70508012e8c4
83d25f0a45ed4a818a879cb34cb1f886	Recirculatory Aquaculture System (RAS)	पुनर्चक्रीय जलचर प्रणाली (आरएएस)	पुनर्चक्रीय पाअयाम रेणारी प्रणाली (आरएएस)	62ceaaed841c444e8352b50af5ee7ef4
cb05a9c927c6414194dddc28c88ddb53	Buffy coat	पांढऱ्या रक्तकणांचा थर	बफी कोट	5dec51f8e5cf4ac685f646805741f0f0
17b5dde26639484394a63c68b14ce438	Rainy Season Management	पावसाळी काळ व्यवस्थापन	पावसानूम व्यवस्थापन	12f64e96c4fd4af0b6c072454dd2f030
91d99c2af0ec4937be331576705f2767	Post-Calving Problems	बछडा नंतरची समस्या	वासडा फासला समस्या	cdb22958848247b2a79c847661316edb
2b5ebf3a064448b3bceec84235a97d5f	Lutein	ल्यूटिन	ल्यूटीन	9ee6835be4594aa796b01bce3c618591
62b8a03603df4e5195e768608df2fbb3	Animal Feed Technology	पशु आहार तंत्रज्ञान	जनावराहा खावनुं तंत्रज्ञान	be518eff68384a848d25892f2f57f9de
e31561e7f6cd456fa1b7212bd77ac445	Total Mixed Ration (TMR)	एकूण मिश्रित आहार	एकूण मिश्रित आहार	45dfdd8c2f384bd49f866d2556a61f9c
457ebdfce9f84644998394b0514ff2e4	Iron Deficiency	लोहाचा अभाव	लोहा कमी	cffb6fbc9f5f471f84b4aae1ba83066e
5b9ab88f42da4e5a990bcc6202c58f57	Livestock	पशुधन	जनावरे	f8cc05479ec64412aceef34aaa5e4098
9e3b4e1f060144cebcf13bb522d566d0	Weights and Measures Certificate	वजन आणि माप प्रमाणपत्र	वजन आन माप प्रमाणपत्र	85fe16e7dd354c2286f4ed26dcd7cf98
ae21f816b8df4a2ba4c39fdb26aa180b	Carp Fish	कापर माशा	कार्प मासो	47b92e4fa18940189cc5f4c610698027
4260aa5996c24449a664dd1b18d8b27e	Vaccination Schedule	लसांचे वेळापत्रक	लसीकरण वेळापत्रक	88fc7f731f5c46fcab2b46ec4223bd75
c47355a014de4b06aa65f076d49b1c77	Chelated Mineral Mixture	कीलॅटेड खनिज मिश्रण	चेलेटेड मिनरल मिक्सचर	1d644f8006a0474e910d50241292d507
3f28d6718a8746feb5254474543e8362	Incisional Biopsy	काही भागाची ऊती काढणे	इन्सिजनल बायोप्सी	1cc1f5a82e5646ae840ac37add540567
21583352d5b141b48529f96bd3ed6e14	Causes of Repeat Breeding	पुनरावृत्ती प्रजननाची कारणे	पुनरावृत्ती प्रजनन कारणे	cb86690a873d42dcb93009abd39566df
9990e6f1ca184be5a5732c31a0bd6947	Repeat Breeding	पुनरावृत्ती प्रजनन	पुनरावृत्ती प्रजनन	43f41926fd15485b82af5473f19e507c
1a08f63f930241f199a3e089f169aaa6	Grower Feed	वाढीव चारा	ग्रोअर फीड	1dc7419eecb94d8c990de560190a20b1
f36cd70f03674b2d97c14f4cbd14dd3f	Lucerne	ल्युसेर्न	ल्युसेर्न	16b0b1e561c443b3900e61f5512a049b
587ddb4f8faf45afb7bc68042fba64a4	Sex-Sorted Semen	लिंगनियंत्रित वीर्य	लिंगानुसार	2d62eb204f134617abcb920bcb26964d
ba38d1ee96ec474a86f44e559c6c73f0	Black Quarter	काळपुळी रोग	कालो भाग	12a5a925535b49f99307f4666ec6493e
5144b848e41c4fa692c3098f72172550	Wool Production	लोकर उत्पादन	लोकरी उत्पादन	14c25c08640945bf8516ca513145f4bb
6e4e8a0ae9144207b91a57a6b9d635a6	Pedigree Selection Programme	वंशावळ आधारित निवड योजना	वंशावळ निवड कार्यक्रम	d63afb29c0f64cb3af926b445a43da05
2af096464b764953aeb90743149ada7d	Centrifuge	केंद्रीयकक / सेन्ट्रिफ्यूज	सेंट्रीफ्यूज	595174b353184b19a03c0b270e8c1d6b
1f4cad025cbf4aedbaf15985eac46484	Weight Management	वजन नियंत्रण	वजन व्यवस्थापन	bcb474ae1b2849cf843937194cc4e693
fda24383c21b436f9e1c5ba0ba638756	Prevention of Repeat Breeding	पुनरावृत्ती प्रजनन प्रतिबंधक उपाय	पुनरावृत्ती प्रजनन प्रतिबंध	de2f930636e74d7696494c6ecb31819d
3286aba422964e4e91e02f2d8b469b49	fertility restoration	सुपीकता पुनर्संचयन	फळधारणा पुनर्संचयन	d449373d675a4f8d9c7076938c875ec7
3b304f40446a4961a1e79104614c6f43	Lucerne (Alfalfa)	ल्युसेर्न / अल्फाल्फा	ल्युसेर्न / अल्फाल्फा	718a9826c0a140fca957b3c86f31f0fb
71bc1063e72844ff9fa06dd8794610c6	Water Space	पिण्याच्या पाण्याची जागा	पांया जागा	3bd26f40249c45a0b6d800c5da24ab8b
4eb9d982166b4034a07052a42023730c	Cage Aquaculture	पिंजरा मत्स्यपालन	पिंजरा मासे पालन	db9bdef819694a2095cc811ea700d07b
05d91a09211845c79a42cf3f87907bdf	Rumen Degradable Protein (RDP)	रुमेन मध्ये हजम होणारे प्रथिन	रुमेनाम पोचणारो प्रथिन	ec90de94d84c41409378bc6073ef54c7
c32d4bc7f90f4ed6ba5deb2a18d9fe82	Clinical Thermometer	क्लिनिकल थर्मामीटर	क्लिनिकल थर्मामीटर	7b0a5ea840b7445b8ed7e6b086ee6f35
ba61fe53539e4cb9ae42de4018f64fb3	Animal Husbandry	पशुसंवर्धन	पशुपालन	7e0a5cd2ef3047749362a1f6067b8b67
a86bf147e4b44857a2a5d3f8a1797ece	Thin blood smear	पातळ रक्त स्मीयर	पातलो रक्त स्मीयर	5537d0bbe7c744aa8e20801168f7120c
21c4010cb8f54d36914186433170acd3	Sterile Container	निर्जंतुक डबी	निर्जंतुक कंटेनर	c619538c2be44039a88b42e2aa9f235f
46442d9db8b34242bcf88f7006295275	White Reflective Paint	पांढरे परावर्तक रंग	उजलो परावर्तक रंग	7176c249a5284dd0a2a4ade35ae722f2
6bf6c42b6ed745c58ea7492d955c75e3	Sex-Sorted Artificial Insemination	लिंग-विशिष्ट कृत्रिम प्रजनन	लिंग - क्रमवारी कृत्रिम रेतन	8da0afde811446ae8e2eb55c926b7d2c
e365c4b825b0449ca307d3e17b9e7914	Parvovirus	पार्वोव्हायरस	पार्वावायरस	315b0828a14944cda3aff111204d919f
767c80cefa9540e8a080df25084e3b74	Prevention of Infertility	वंध्यत्व प्रतिबंधक उपाय	वंध्यत्व प्रतिबंध	28f95697b66542958ed3ba40b491ea5a
8d7d9522e9fb4eed9addc63ad7d654c2	Functional Enzymes	कार्यशील एन्झाइम्स / क्रियाशील एन्झाइम्स	कार्यक्षम एन्झाईम	cf3104831d934fcc87f046494a587362
d6e44cc22dc74653b87921c80739b8be	Water Conservation	पाण्याचे संवर्धन	पाई वाचवूनू	7a1ca7f77eb447b6b359965031d609a8
0d8c00f00d724e5e85ee25d20848e370	Causes of Infertility	वंध्यत्वाची कारणे	वंध्यत्व कारणे	76f76de46f6c4848b54123b3defbee82
8671aa7a07614aa7acbab8786e03438b	Mercury	पारा	पारा	1bb70153054d48b8868fcfa903b02006
ef983ef3e8864beb8593742fe74d010c	Iron Supplement	लोह पूरक	लोह पूरविनारो वस्तू	8e95fdb601524109bf2f919952f36c9c
92102d8187ad4cb6bcc9b0e6f4ac25fa	Piglet	पिल्लू डुक्कर	डुक्कर पिलको	0b98b8ea9dc04a8cb172760a647cca1d
4d5ed2c7cc6d4e0e8d0f0517dafa4972	Grower Feed	वाढीसाठीचा चारा	ग्रोअर फीड	51e2d8eb4bad4965b67be46488b8ac28
1c1043a5dc6847bcb1f6d8a7a22a2fc2	Supernatant	वरचे द्रव / सुपरनेटन्ट	सुपरनॅटंट	c4969a447e98476caf841891800275f8
c4daa9c6263a41a3bdc3a4a06e850665	EDTA	एथिलिन डायमाईन टेट्रा ऍसिड	ए.डी.टी.ए.	6769465eb99640ce840ccfb0fdc7556a
607e434c51db4f88b9de75fb47683ae5	Weight Loss	वजन कमी होणे	वजन कमी केनू	bdb2d6890e0c429cbcf00ac3b366cf04
e33dde3026744018a1357c3fff2cb63f	Endoscopic Biopsy	एंडोस्कोपिक ऊती तपासणी	एंडोस्कोपिक बायोप्सी	172462590c96475ab636e0cbf1d77561
3edbcb3b59ab4815a0006bf2cd5e2bd5	Veterinary Intervention	पशुवैद्यकीय हस्तक्षेप	पशुवैद्यकीय हस्तक्षेप	c028abff28a84cc199fb88eedf17001d
5fc756fa49984b1fa4025e9dad2dde19	Pasteurized Milk	पाश्चुरीकृत दूध	पाश्चुरीकृत दूध	43a27b338c514e078903cf164181d620
76ab72e572964f6a8ab57aa7f598d517	Pindi Khoya	पिंडी मावा	पिंडी खवा	4c69615a7b5b45d7b8255bed92079f55
549da4748e7b4e21bf8c77f92d04a105	Veterinary Dentist	पशुवैद्यकीय दंततज्ज्ञ	पशुवैद्यक दंतचिकित्सक	1edf90c484ac4c86bd71f5d2c8bdb6c3
87dd0f7579534d6ea6dfad39c0bbfa3a	Benefits of Cage Fish Farming	पिंजरा मासेमारी फायदे	पिंजराम मासे पालनू फायदा	a64d03d2cae8417583200b8d3c75160e
a745728d3f2d45cea0e6bf8d6fcd2f2d	Cracking Sound	क्रॅकलिंग आवाज	फुटनू आवाज	689460ebfa8f4447b587ea5b2d0844ab
bdb5fab3300543b38f4b550ae18350d2	Foot and Mouth Disease (FMD)	पाय-तोंड रोग	पागा आने -मुया रोग	fd6ee6a171ec44d2bb68ef094bca9679
9b2da99dd447445fb70b35a998614529	Sex-Sorted Semen	लिंग-वेगळा वीर्य	लिंगानुसार	ad13b4b1fe6046d5812a07aba176e37b
a196f176002549b4bf5d6376be12c5d6	inoculant	जीवाणूंचे मिश्रण	रोगनाशक	a2a54e7805e04f2cb5dd66c8e9ccc5de
1c90a16af5a746bcb70472095a8092b6	runoff management	वाहणा-या पाण्याचे व्यवस्थापन	पाय वोयायनू व्यवस्थापन	c4f63754cc1f4e9fa3c0ffaeaaf22dac
1d3befe095cc45d7938ee6b41eab2ce3	precision fertilization	अचूक खत व्यवस्थापन	अचूक खत	44a9511b49424e78a05c9f65c94212e8
848cb6462b4845b0b306ef40f3f52980	precision irrigation system	परिशुद्ध सिंचन प्रणाली	अचूक सिंचन प्रणाली	427646e8a3d04985b1426bf7e8de45a5
1df414ab9c7f432aa22bc4b5cce3eab7	precision farming tools	अचूक शेती साधने	अचूक खेती औजारे	37c144999132485d8b70a9f6deada9fd
1d7ec6f630c6442c9e478558fcf23993	bacterial wilt	जिवाणूजन्य मर	जिवाणुजन्य मर	beb149cb1c2e49fa9573ebe9c45fa21c
087e9520a1c841a1a156ba51d3af724b	dormant bud	सुप्तांकुर	सुप्त कळी	1ce883f3e9cc4582a113b81957a5bd2b
f7c7e059f3104d3db0ee4fc6a60ae5e0	cover crop biomass	पीक बायोमासचे आच्छादन	आच्छादन पिक बायोमास	f2905d56dbdf41169780faaff8ca2bf3
daf6c7aba4ed4573bbf5b70c32ece3ad	backcrossing	पुनःसंकरण	बॅकक्रॉसिंग	d45b196ac0bf48249282a4df02044358
1a09cbb8c71c4e1ab7cb62eaf9ef852e	agricultural land reclamation	कृषी भूमी पुनर्निर्माण	खेती जमिन हुदरावना	fd24d2e8a18f459f8f4e73f15c314963
aa7bb205a22b43099e16129b0550619b	decision support system	निर्णय सहाय्य प्रणाली	निर्णय सहाय्यक प्रणाली	f9cedfb6a85d4ca5963c2e9fa9a62e41
946ff9bdb6a34ac987df88079117c32d	agricultural productivity	कृषी उत्पादकता	खेती उत्पादकता	20e39e0203064b84ac071ab58c91a8a0
0e09ad69d42d4ebe827fff3e90dc07e3	organic binder	सेंद्रिय बंधक	सेंद्रिय बांधणी	dacd1c8dc9c54f589724945864672e50
2d4a088801d64388bc4997f29b3b19b8	agricultural marketing	कृषी विपणन	खेती माल वेचनू	5e509629255d484ea23472661bce8ac6
3f8923242a114d0d915137eab0d9b3c4	bacterial canker	जीवाणूजन्य कॅंकर	जिवाणूजन्य काकरो	ed92f652a2ea47109729e9917d3a6ee2
c9ce84e70f0846b084953a5f2fb17bb7	runoff harvesting	रनऑफ हार्वेस्टिंग	पाय वोयाय जाहे	5b32e17b98f149cc8f93bb5e6a3f87f8
d323f25843724f58ae750a3681693224	precision harvesting	परिशुद्ध कापणी	अचूक कापणी	7e3e610be7fc4e2b8a0ce362f33918a8
3b54a8b5d6194f9abcfd843b4c1a7cb3	precision crop management	अचूक पीक व्यवस्थापन	अचूक पिक व्यवस्थापन	a32b68f849684a41a42a4f8c2e779c13
31ce936cd9404d49b8f3ee3f61df13ad	row orientation	ओळींचे दिशानिर्देश	रोव ओरिएंटेशन	751c5554b1624f5b87dbbb6e99f903a6
445c577755e649c5b7bf6565f1ce5520	precision irrigation	अचूक सिंचन	अचूक सिंचन	6e3b24c92d46414398790e7079f175ca
2ce6a661df0841e88bb1ab27c5eaf9a6	precision agriculture	अचूक शेती	अचूक खेती	3f03915d8a784d928bc24521968bb2fb
04d2ac9170e2474eb4e5e63cc186e4b0	precision agriculture tools	अचूक शेती उपकरणे	अचूक खेती औजारे	495c3b77f3444296b4e53600658798f2
c7d3e993a0ee4e41bc0f745963eedef1	precision farming technologies	अचूक कृषी तंत्रज्ञान	अचूक खेती तंत्रज्ञान	27a3933d38224ffb9fb3277dd55ee330
5791bbe028e44b4b98544780b6b8a1f4	osmotic stress	ऑस्मोटिक स्ट्रेस	परासरण ताण	4971fe17e7ff46fda13a7678ac20c57a
8cdeb1d7659a4b66b7d265da4177381a	antifeedant compound	भोजन प्रतिरोधक संयुग	अन्ननाशक संयुग	d8a4e171b5e44f6081248af93e37944b
7d834503fd4f4ec9a4257e58da6f0e44	field emergence	क्षेत्रीय उगवण क्षमता	खेताम उगवण	d1611f1de6d843f6a6c533966bb626b7
307c233f8c994105b375ef99cddd04d3	davana	दवणा	दावना	6d7d63c885e34df89b6001a22e6e1a72
7e39bbd744004ae59c15182bd4ae07ba	abiotic stress management	अजैविक ताण व्यवस्थापन	अजीविक ताण व्यवस्थापन	de1b0dd35a354dfebca147b8c1585774
538e7daa5e6f4b7ab9ec5dd0d2889c3b	pre-emergence herbicide	उगमपूर्व तणनाशक	उगवणपूर्व तणनाशक	228f8aa0398d4d6f8486bf588a2f01eb
8b818a43d4944830b4e7661492db7bb5	root collar	रुट कॉलर	मुळ काठ	746f3e9f36034f19a0dc80b6d691658d
d3f77a7244dc445bbc6c05d8708e8e49	root nodule	मुळ्यांवर गाठ	मुळ गाठ	598c88b471f048a2af787f81948c1ea9
3bdf8beeb82d4d2d98a0e5c3179e5624	pollinator conservation	परागण करणाऱ्यांचे संवर्धन	परागीकरण केनारा जनावराहा संरक्षण	3fd714b5477041b48c12ad2842b3eee8
08dbd3455f8843abb772d40af95be78a	flood tolerance	पूर सहनशक्ती	पूर सहनशीलता	1a33a2efdf6e4cf19d8fe25eea972593
ad2f7f3e82634ac3906bea49bd96513e	foliar nutrient application schedule	पानांवरील पोषक तत्वांच्या वापराचे वेळापत्रक	पानावेने अन्नद्रव्य देवनु वेळापत्रक	482667e925d6432cb22bd64965b7e5b9
7dee177c7b8d4914a37ba8640afd492b	Giardiasis	जियार्डियासिस	गियार्डियासिस	15a356a8e5a347b4a0a16f31dbc2b8ba
1d508bdfe30b416a96871857de649e20	pheromone confusion technique	फेरोमोन गोंधळ तंत्र	गंध भ्रम तंत्र	266b3878a5d64e3f9cb50616cb47a020
f6b92c7474ca48e6ab5a8058d4c0b6b9	fish health	मत्स्य आरोग्य	मासा आरोग्य	c02ec86e7f59417ba2f96352fa93c55f
fc7eb7591f2c4af6bc703b7679f9bb53	floral biology	फुलांचे जिवशास्त्र	फुलांहा जीवशास्त्र	a5f930d2e3604a5089e26dc4fca05315
3aeadc8aca31454eb94c1b6a996ee267	agri-food supply chain	कृषी-आहार पुरवठा साखळी	कृषी अन्न पुरवठा साखळी	c3556b0508ec422c87b22e84bfb56044
f856c2ea8f1e4aff833e752fae308511	estrus cycle	जनावरांतील माजाचे चक्र	माजाव आवणू	b962f1cb627649e5b9f67df69102b144
0be78f4d62b04e079f8d267d9f5e06b4	boll rot	बोंड सड	बोंड रोग	9ec34bfea5e74bbca0fe535603fc6b15
3d76c692611e4399ba631732809833b6	agri apps	कृषी अॅप्स	कृषी ॲप्स	116c0877bfb8411f9f8d12f8eaffc60f
1444dd7b99ed4147b44a730db5066625	Shiny Hair	चमकदार केस	चमकदार केस	8b1dcf4132734f3e8a486c9221348bc7
0dc0b67601f34a6eb29dfc552c785793	integrated fertilizer use	एकात्मिक खत वापर	खताहा एकीज जागो वापर	759fad7ab10245aebac1463a7044529d
0c7213f7510d4e028f57b06215352200	indeterminate flowering	अनिश्चित फुलधारणा	अनिश्चित काळा के फुलो	55652d4228e44cb38b1c45e7363acf54
bdd22d670c724e40b9ee3436444b7361	insect growth regulator	कीटक वाढ नियंत्रक	किटक वाढ नियंत्रक	4605897c6ec1462781845ec7d6bfbf81
5821fa813f234bf9af0438b6eca915bf	insect net	कीटक जाळी	किटक जाली	fff7105a0e944666b9f726aec21cab07
efce58ffa71b493891d5cef17ed41e56	Ingredients for Processed Fodder	प्रक्रिया केलेल्या चार्यासाठी साहित्य	प्रक्रिया केलो चारो केरा खातोर लागणारी वस्तू	1515507839934d328b609efe35b124ee
24a985939a484aed96a363d7fd7aa8a2	drought-tolerant rootstock	दुष्काळ प्रतिकारक्षम मूळे	दुष्काळ सहन केनारी मुले	d111fd90d62e46cab080fc477541c29f
5acfcf2c0b5842508b0cbe6bdb91fc1a	Sustainable Milk Production	सतत दूध उत्पादन	शाश्वत दुध उत्पादन	5c092b83dea54d158066e5f1a6b51699
b5eacf2b400f4bc58116bf2d93646634	fertilizer application rate	खत वापरण्याची गती	खत देवनु प्रमाण	647f1937935d4351baaae90772a53811
1ad6c5ed049a4a158cc9b78037ae48ce	field heat units	शेतातील उष्णता एकके	खेतामेने उष्णता एकक	fa900d64265848d5a291779e60549125
0dba4777ed184d779c47f662913ae672	fertilizer schedule	खत वेळापत्रक	खत देवनु वेळापत्रक	01db76e8fbbf49789bc46fadcb7a47fe
fa0ad1627f0647aca7ea7b6e2a6176c2	agri-inputs	कृषी निविष्टा	खेती निविष्ठा	0c339b82c13b4460ad65254e860abbf5
5f3757a11c5e4e5583cd09a2c6f65e3d	field scouting	शेत पाहणी	खेती	fc07f9b1e6304da08d2a3f203b107db1
1f00f211a5f44546a305e8d172e6ca2d	Donor Cow	दाता गाय	दान केनारी गावडी	cfe649b3d8fe4adb89687aba8b33d002
bc2508e6c028442a9350301d761ca4cd	Vibriosis	विव्हायरोसिस	विब्रिओसिस	46974a477fba4a5a95eed49135615326
a1bc1840711c4c2288fb13a3194a31e8	fish culture	मत्स्य संवर्धन	मासे पालन	bbc00195f99945958a76e884872c52c7
adade8d69b004ee1b6b2abe9e0cb4afd	apomixis	बीजरहित प्रजनन	अपोमिक्सिस	595ca24ff4524c2c95702b96cec31a01
9de6f5b4d66a478ba4b2422c59535c4f	agri-research	कृषी-संशोधन	कृषी संशोधन	4edaafb9f7804634b922ff156960abf4
4a6d01bf797d46838c187089c1551a13	apple scab	सफरचंदावरील खपली रोग	सेब काजळी	6af0c98d0c1046098ac364548122f2c1
8462688f22d94ac4bf6a5f43d90fbfab	field boundary	क्षेत्राची सीमा	खेतामने सीमा	8b91df413d4d43eab13cf90fb74e68bb
a6afb99f9ee74b8fb2efd7de92cdc703	puddling	चिखलणी	पडलिंग	403c854323c348ad9074189b49752a0e
a4b469da708c44b9a55f154c866216bf	crop rotation for pest management	कीड व्यवस्थापनासाठी पीक फेरबदल	किड व्यवस्थापना खातोर पिक फेरपालट	1ccb9b9a3ef34ae5b14d9a0ba6db5338
bdaa50b985f84505bb43c88b19c3249d	field rotation	पिकांची फेरपालट	खेती	2b40d3a2deb5490bade351c9be0bab9e
ede7fda1a7054392821210c512be3a02	aggregate stability	ढेकळ टिकाऊपणा	एकत्रित स्थिरता	f68a9f93ba544df5b903194767f54be7
5c688188e1a94f0595636749d5c3aad0	fertilizer dosage	खतांचे प्रमाण	खता मात्रा	03cd7b166c7f4f3daf9ea191efa25501
63f33b0ce8384c268350b5fda54221de	herbicide injury	तणनाशकाने होणारी इजा	खोड मारुलो	b78005ac7c6b4543aa9f359e3d1fd813
1095e2ce9bd145f4b0ed8a67072c62d0	heat units	उष्णता एकके	उष्णता एकक	f7b67daa874245799d18bc1c4536217b
8074c20855aa4a69a43e901c7a8c093e	approach grafting	जोड कलम	कलम लागवूनू	79fdf702680f4ca6b407d22d26575031
33db9cabb2bb4549893d4c8ced99f5cb	protective irrigation	संरक्षक सिंचन	संरक्षक सिंचन	094ca4dc507b4f428bca4c717a6c3db2
60502ece19c2487384c168ca4a23f051	rooftop garden	छतावरील बाग	छतावेने बाग	044c6e2180ec4a2d9bd19bc00aa2eaca
93a2b80a58cd434dacdcf19ff6899760	Uterine Involution	गर्भाशय पुनर्रचना	गर्भाशय संकुचन	d5e4484276c94542ad91d8ab820eae20
9dc869f8603e46fc9155dede69af1482	Bedding	झोपण्याचा पृष्ठभाग	बिछाना	3841f28e74aa45388630ebcd874b166f
53b32d726f5f4ae881587d9f3e18b482	precision seed drill	परिशुद्ध बियाणे पेरणी यंत्र	अचूक बियारो पोअनु यंत्र	90b89d51dc5043649e689019298ef424
0db3ba5b3a45482da1100735122703b2	field drainage systems	शेत निचरा प्रणाली	खेतामेने पाई निचरा केनू व्यवस्था	05452888adf74643b04e2deb23393ecc
234e560c5e49464da5b2ddf881445622	crop scheduling	पीक वेळापत्रक	पिकांहा वेळापत्रक	d88a395e77a7488982558fda706e4b98
48824372f4e4446aa4b65512c961f745	Reproductive Efficiency	प्रजनन कार्यक्षमता	प्रजनन क्षमता	d6dc7dd68e724ea8b572b137328ad4a6
dfbb290cbed042c3b44e28100b3e3a47	Fertility / Conception Rate	प्रजनन क्षमता / गर्भधारण दर	उबजाड़ुलोअ ताकत	8989610686fb497b9d832a787c246b5b
de076e1f506c4edfbe377edac04bf416	induced mutation	प्रेरित उत्परिवर्तन	प्रवृत्त उत्परिवर्तन	298974309ad34d2e951152020814311c
66ffbe3c55ff49f2aec4e338988aa1c3	sap sucking insects	रस शोषण करणारे कीटक	रस चुहनारे किडे	876609e8b06d4e7bb178baabc4fe1304
5dbaa157e0f147e5bf84c187f93f30dc	nagkeshar	नागकेसर	नागकेसर	11b2fa5aa5cd41a0b4f79b9e78bdafbb
6fdae9da443d43178c4c16df7ce547e2	beet leaf miner	बीट पान खाणारी अळी	बीट पानांमने किडो	17b585a2e4514cd5a244ede39efe97e4
cf6002a8ef504fa19bd7261c4db34608	integrated soil fertility management	एकात्मिक माती सुपीकता व्यवस्थापन	एकात्मिक मृद सुपीकता व्यवस्थापन	2b1175fbd5824982a2cb241c26c245c8
9bf79ee51d14473bba10bb7c314ae247	fertilizer burn	खतामुळे झळ	खत जळनूं	5ccb74f944be4b00a6465e2ef7a4fcbc
7e52cbab004647f78ea94b88accdd192	Animal Breeding Technology	प्राणी प्रजनन तंत्रज्ञान	जनावराहा पैदास केनू तंत्रज्ञान	02ffe547412b404f8cb3b71222816670
868458ead2b44abcb1da4e9da51b3c7f	integrated crop-livestock system	पीक व पशुपालन संलग्न पद्धत	एकात्मिक पीक-पशुधन व्यवस्था	55c95a8882e84d3aba0639b035054b0a
c69c2c3dac1e43f1b982ecc8aac0d918	Ephemeral Fever (3-Day Sickness)	थ्री-डे सिक्सनेस	थ्री.डे. सिक्सनेस गांवडी / मोहडी ईया जनावराहानं येणारे विषाणूजण्य आजार हाय. याम साधारणपणे तीन दिही बोरो अवेहे, हियालो लागेहें, डोहामेंने पाय आवेहे, पुख नाहा लागती, गलामने फेस आवेहे, चालनुं अडचण ई लक्षणे देखातेहे	5fa87b51f8394087bb0dc55e915c6814
5d4308dfdd3f4c40a16935b766d091a9	agri-residue burning	शेती अवशेष जाळणे	खेतीमने कचरो बालनूं	80a74c7186224a23861ba5c34a1d6181
f6370bc9ec4e43bda17638679df5a6bf	agri-tourism	कृषी पर्यटन	कृषी पर्यटन	446b489a872a4779bddc9d141592b5fd
5c092f8091f845bcbbf1de58d33d3bdb	Feed Waste Reduction	चारा वाया जाण्यापासून बचत	खाद्य कचरा कमी केनू	ce6014345d42432e8922727348e7ad7e
2a59fbe9eb9d433fa5ce7e14f18ca9c4	erosion control	धूप नियंत्रण	धुपो नियंत्रण	ea7cab69b69d46a6a3f32a347b0ef377
9a2ec75b3c174e129e7e934138211caa	oilseed	तेलबिया	तेला बी	76ad25e01dba40d9b58db1383b2819a5
8b4005e8a097428d8a60874bddc14875	soil ph adjustment	मृदा सामू समायोजन	मृदा सामू समायोजन	2ad4eacdb56b4052ac394b1a3cf59158
a6e0122c898a448bb25505f43bf9ec40	field experiment	शेतावरील प्रयोग	खेतामेने प्रयोग	c7d111c15ebd4b4f88ce0c4a916ae25b
e3bc3031c3a3408182610d5ce99fc492	fertilizer storage conditions	खत साठवणूक परिस्थिती	खत थोवनु परिस्थिती	8962ab0e20dd4aedbd96f9429f58f29e
bfd6b9a5fb51407b800db8a28fd7c36d	herbicide rotation	तणनाशक फेरबदल	खोड मारुलो	50b69d89d3a0433385f9d9d6bf866d68
85ac9c78fbf5455a83ec89c18757651c	Phosphorus Deficiency	फॉस्फरसचा अभाव	स्फुरद कमी	ba88a5b318e34b2a928c57ca4b614fcc
e5cb127099c64a329eb4011f91a6d225	intermittent drought	आंतरदुष्काळ	अधूनिक दुष्काळ	41df1769a0644544a1fd8075f9976048
15a8d59e114e49e09dc9ff2a114f2b03	agri logistics	कृषी लॉजिस्टिक्स	कृषी मालवाहतूक	6aa21fb24080463dbb73fea527c8cb96
81d686861644482ca0385fd9171a5ddf	aquaponics	एकात्मिक मासे आणि वनस्पती उत्पादन	मासे-वनस्पती सहजीवन	f1f5f4685b0049a7b705370139f975f7
aad7e93512a04a9fa4a2e679450226d8	herbicide resistance gene	तणनाशक प्रतिकारक जनु	खोडनाश प्रतिकार जनुक	cc884aea709246d19d6f20675b659816
da1d33042bd844078de245b1b596e01b	proso millet	भगर	प्रोसो मिलेट	028f5a684e904f2d8af03065c7f85386
f032a8a8728d4ffba21d3dd0c7e63dec	aerobic soil	प्राणवायूयुक्त मृदा	हवायुक्त जमीन	cebeb4ae971145d1aae17ee0cb9529e2
dc2ed521dc0e49509a673a173442e8f4	aeration	हवा खेळती ठेवणे	वारो	9a483827939848acbbd6b6cdf10bf4d9
9dc5da1c8b68439c85cb95bc2fb18142	apple coddling moth	सफरचंद पोखरणारा पतंग	सफरचंदांहांवेने कोडलिंग पतंग	054ac6a506db401ea0bbcd5c43e93ad2
d74e429d75234db6b432a255b135077b	fish feed	मासे खाद्य	मासाहा चारो	a952c1a0d2064e0fbbf58db5b48b301c
905932fed1d24c58b4a4148f004eef56	hoe	डवरा	खुरपं	6945e5e9c8804fccb543d728e6308d4c
a1d6f479b267486faaac9e6f8ddd3871	coconut bud rot	नारळ कळी कुज रोग	नाराल्या कोबरे होडणु	ed084689bb9848949c0d3a748c1f7fd6
0280d79c20644da6920e5417fce11e64	high-yielding variety	जास्त उत्पन्न देणारी जात	वाद उत्पन्न देणारी जात	a534903899994f1db690c86c43e0dca4
900cf55b023a45e9bc1ead945bfefef7	insect resistant crops	कीटक प्रतिरोधक पिके	किडहाम नाय लागे एहडो पिक	32f7241921ca4c85ade666d8b2a29131
6e6cc17cfb774e359c0ebd60008daeff	herbicide tolerance	तणनाशक सहनशीलता	खोडनाश सहनशीलता	8c74f1eb51d343ac84e88b31a144cd3f
69c60fa923654a7c95e841bb43cfd253	oil yield	तेल उत्पादन	तेला उत्पादन	ebcc50c17cf344ad9880a20c84539c5a
ce5cb3269c854d9fae6794b4350e0476	herbicide damage	तणनाशक हानी	खोड मारुलो नुकसान	9725a1f70ccb419fae8f2eb2372c7252
5e69e0c8e8744e71b2b6b8ecef59dad6	salt-affected soil	क्षारयुक्त मृदा	खारट जमीन	bd80a43f5e8b4b0787591eeac4375b20
595307324c0141179956a953402eaee1	inter-row tillage	ओळीमधील नांगरणी	आंतर-ओळी मशागत	f8daf48a2e024877b59c399aa370f3a1
31625eea577e4f89978f2762ea59e7b9	integrated pest management	एकात्मिक कीड व्यवस्थापन	एकात्मिक कीड व्यवस्थापन	064dc51e8f2b4e15913655b260350e32
6312de0f36bf4e128362a3e1b0f6cde8	Antibiotic Therapy	प्रतिजैविक उपचार	अँटिबायोटिक उपचार	dd8c7dd8163c467f9846479a1da61f62
1110e75b3de64fd7bdbc0ca0bc46bc2a	Measured Feed	मोजलेला चारा	मापाकी खाऊलो	35aa30694fea4552b4784ead68c46627
441dea3d2b2844838b9fc791afae59f0	agri start-up	कृषी स्टार्टअप	कृषी स्टार्ट-अप	add1e70395e9441dbde48e9b895f85d7
55b6080f5431432eb3d46cf91dfcbd3b	orange rust	नारंगी तांबेरा	नारंगी रंगा रोग	196899347caa4aa99079c75cbc2f46bb
37897be2a2334ca59bc427ea14f6663d	oil expeller	तेल काढण्याचे यंत्र	तेल काडनूं मशीन	e62cbb2e6b30423abf731edf3c41257a
017c77ea18f24092abc07b4a078a8922	foliar disease	पानांवरील रोग	पानाहा रोग	00a134bd3b8443d4a85be35f8aab32e1
1df7a5a56947477cb73a01cbba124645	aquatic weed control	जलीय तण नियंत्रण	पाण्यामनी तण नियंत्रण	fc91b78b33f04b3c90c05b24f1d5f3a5
ef419d98314942f98a43ad9bf8dd4be8	insect-damaged seed	किडीग्रस्त बियाणे	किडी की खराब वेअलो बियारो	238c9d32ddf64941bb510a7614cf2e26
8df42e4f13ac4e4cba24efd2b5ce9266	agri-clinic	कृषी-चिकित्सालय	कृषि दवाखाना	290730797a94442488745af9e81f0aa7
3e1c873dbec349a29b31866b034282db	field border crops	बांधावरील पिके	खेतामेने सीमापिके	d599f5fc1e53413d87b58b82648f32ff
f3eba386759c4a5ea32c5248b198b324	Balanced Diet	संतुलित आहार	समतोल आहार	605a04c6c6864011850bf140b98ef164
89fb9d01edde4858a7ceb61bb63c0741	sapota	चिकू	चिकू	a3775baf6c284bd4b4396a68528280da
b1e01bb58fc741ee99886f88ae09665c	drip emitter	ठिबक उत्सर्जक	ठिबक सिंचन	573ba877913845caa65652c6a9d7ac58
d857b6764b974e9398bbc0060e82a63c	organic fertilization	सेंद्रिय खत	सेंद्रिय खत	9ff451a065b94a5bbb744c79720b9a16
37d8b442cdf64070bab7f728a259280c	green farming practices	हरित शेती पद्धती	निलो खेती	1df26ab495434543b8a495e04cb7db00
dfa5a29cf8ba4b81973278d5c3fabf72	aquaculture disease management	जलचर रोग व्यवस्थापन	मासे पालनू रोग व्यवस्थापन	dda5e19e587a417cbc2205a24cedf6b8
4491b653cef54327b6f911fdeee4464c	Fowl Pox	फोल पॉक्स	काकडी	0f90376ee243491c9e2afa1088356bb6
af516895374b4c259d61acc246c3a85e	puddle transplanting	चिखलणी करून पुनर्लागवड	खोड लागवड	dd91feef440241959821c3c1e5ebd272
52faa02adc3b4848a33d02ca07bee624	Cold Stress	थंडीचा ताण	हियाला ताण	3df9fd08e1c44a1a9dee4a9b9be1b0a3
1aad63fbb2184f918257870375fd6c70	herbarium	वनस्पती संग्रहालय	वनस्पतीसंग्रहालय	b9b1f8dcf260470ea6789ea841ea1d64
fbd76522a7ad4ad4b84682b0cf9e5a38	precision seeding	अचूक पेरणी	अचूक पेरणी	4b93bbe7ddc1498ab3b372cacb281a62
bb6dab7fd225490590c6dd8889219b56	aerobic rice	एरोबिक भात	हवाम पिकणारी भात	7857b4a0743645ceb26583ff2c8c7445
09e960a27168413a8bdb0cf755f208d2	price fluctuation	किंमतीतील चढ-उतार	किंमत कमी जाहाकी वेहे	df839aaf22c64deb95aa827b57abe101
e42835e917e84d51b2ced9fda39781e5	indigenous poultry farming	स्थानिक कुक्कुटपालन शेती	देशी कुकडी पालन	64f0f7f58bd1435faf0cef2ded0122e2
b319254dbdd64f758aa0bce13c980275	heat wave effect	उष्णतेच्या लाटांचा परिणाम	उष्णतेच्या लाटाचा परिणाम	2ac1f780e2e140ac9a5cda82ae3e3871
182e0c3d702240e096aff290d354c9a9	branding	ब्रांडिंग	ब्रॅण्डिंग	d41f0893a34f4438b6a60caae8e83f4a
616a244a3600458e8ece2e66df787818	evaporimeter	बाष्पमापक	बाष्पीभवनमापक	b7c3f5c5c71c48889bd34ad5783d1064
dbf0a47f76474dacb0542cca98528145	fish farming	मत्स्यपालन	मासली पालन	71be21a4d36d4bb7ad2a6725e5ba5595
b9a3cbbb465942158e0dac5eeb16ac36	adventitious root	अनैसर्गिक मुळे	उगवणारी मुळ	efe7dbb8149140cca56e3395e2ec7280
e199dde927a54f748a159b3400d47e12	field water use efficiency	क्षेत्र जल वापर कार्यक्षमता	खेतामेने पाणी वापर कार्यक्षमता	512e4d2627c545d4b098fec34e566ce3
e7443feafa124be6a0ad5f07ea06e4dc	border crop	बांध्यावरील पीक	सीमापिक	d0b62963cc274922b11d7362cb908e0d
63642952e20e4c54aecd97f398796b77	okra jassid	भेंडी तुडतुडे	पेंडे जासीड	98a24322646e41f5bd8eb5503fde7a4f
e625a75547ea4bbf9bdb71023827fee3	Nutritional / Environmental Dermatoses	पोषण / पर्यावरणीय त्वचा आजार	वातावरणू मेने चामड़ी रोग	0199e73e6e4e45b9ad8c5dececae17c2
e118e28c9638420ebacb669d6191399a	Ornamental Fish Farming	सजावटी मासे पालन	सजावटी मासे पालन	ba86d737dc194ba3ab49f2a96bcac9ed
abe6c6d2df8541409aafbea8abb93c00	indian bean pod borer	वाल शेंगा पोखरणारी अळी	भारतामने सोयाबीनाहाव पोड पोखरणारी ओली	7b8b3853e4f54562844562d2457b84e9
c655e30e0513473f8246e78008e35243	apricot	जर्दाळू	खुबानी	f269d15651224bc189ba80c8b22cc567
b2c5f033ff9248de97b11c5ffced42e5	fertilizer blending	खत मिश्रण	खत मिलवूनु	e43a34e7be8946d3bb2556d4f2448763
bc51b2432187442db2cf3bbd35a6b6da	heat units accumulation	उष्णता एकक संकलन	उष्णता एकक साठवण	2454e0453c6b4b8f939a1b018df68f57
c8ea6a4bd8a14a6da8e5a32d7267ec3d	indian elm	वावळा	भारतीय एल्म	2e4a885cb7064e369338ce2cc21fc8e6
6eb16392c7694f32aeca2d4b497ed241	organic residue	सेंद्रिय अवशेष	सेंद्रिय अवशेष	0188ae41649e4063aa16b61b097a580d
e19dfa5e8550477b98d6759cea7ac818	integrated pest management practices	एकात्मिक कीटक व्यवस्थापन पद्धती	एकात्मिक किड व्यवस्थापन पद्धती	a2dd0da85c164c55a70a3e4a0200d13f
4beae63a8cc2465d922297ae00ab42a5	Semen Freezing Facility	वीर्य गोठविण्याची सुविधा	वीर्य गोठवूंनूं सुविधा	8652cb2df4b94df1933d563cccc87445
65493aba9d8149cf80f1a882bb766035	fertilizer management	खत व्यवस्थापन	खत व्यवस्थापन	359f3aaaaaf445d3af80cec12d74c029
23d287b4d58c45e38c86d1d25cbd8bbe	sandy soil	वालुकामय माती	रेताळ जमीन	cb9395ad9ce6499e8e45f8e44acd7847
ea0b8b7cc62c4d9aa04134035850257c	pest control chemicals	कीटक नियंत्रण रसायने	किड नियंत्रण रसायन	7a6a37dbba144d06ad9d609b5cd1ddc8
59c7523da13b4999b2c98a3d265d58c8	insect feeding behavior	कीटकांच्या आहाराच्या सवयी	किडीही खावनु पद्धत	f3822545ac4f477fa03e66a5413addd8
00c47ab011844aa88de12cf4a82aae38	indian ebony	तेंदू	भारतीय आंबा	ebd7854feb0d4bd4ae08fcde46eaacc8
90ba59d91c2847f48016b556282f28b1	metarhizium	मेटारिझियम	मेतारिझियम	58490846143d485daa39e2f1a3ac20c5
81794ead55ff4c7488a262acc19b9bb6	intercultural operations	आंतरमशागत क्रिया	आंतरसांस्कृतिक कार्य	9c57383a75954ceea172799d372ec8d8
07d47014c74f4ebb8326dd435fbbd1c9	branch dieback	फांदी मर	फांदीं मर	e98a928fdf724596b898e02653865a46
7d21853c214e459fbe8c6f361f0d34ee	Inferior Fodder	कमी दर्जाचा चारा	खराब चारो	e566523560ce40bf8745c023b445849d
68bfc1b850e54eb6a528d89e6d97adea	Complete Feed	पूर्ण आहार	आखा खावनु	7e4b1ba8ef3547398869d6dd61931c74
f1329053d93c4a1fa228ecd351969208	apiculture	मधमाशीपालन	मधमाशी पालन	1f8ab29d64a74d3ab76b1b6b59b69a8d
5e428336891641c087bd68a973782e6c	agri-export	कृषी-निर्यात	कृषी निर्यात	42be4f21a46a4737992c8021afbff003
d0faed94c5674953ad45b10344a3e96f	sapota seed borer	चिक्कू बी पोखरणारी अळी	चिकू बीज पोखरूनारी ओली	b44417ac08374ad68085a01dc3ae014e
45e8d13e60cc43cf92281c2dd5f26af1	arabian jasmine	अरबी मोगरा	अरबी चमेली	a30325246945473fa48f42fe015d2c22
e8d7bd7b7be448dab94d2315fcd9b055	insect oviposition deterrent	कीटक अंडी घालण्याचा प्रतिबंधक	किडहां अंडी थवणू प्रतिबंधक	ba74fce8fc894b8f9beb1eaddc2f90dd
fdee6bbcb33745a98b27c4848b0a27cf	adaptive varieties	अनुकूली वाण	अनुकूलित जाती	2cb8bbd0f4224b38a062288493f37576
5ac81161423a4ff2bd611707be467bc3	agri-waste management	कृषी कचरा व्यवस्थापन	कृषी कचरा व्यवस्थापन	5d85a0ed09f24fdfba18852fa64b4563
c80bbbf8174941a88e9656095f83be88	boom sprayer	बूम फवारा	बूम फवारणी यंत्र	6434462ac121464fa46e6297c1af0e5a
13b2f2da513e4633b67907fbf6aff9f0	brackish water irrigation	खारट पाणी सिंचन	खारा पाणी सिंचन	d4a3b082d80542d9a84cd21f7d3e83fb
2816a28daed548649c6fea6d58ddb406	intercultural operation	आंतरमशागत	आंतरसांस्कृतिक कार्य	7781509e09b347d584737b30aca27515
ef8e8c539577435c9336e784e9b2e118	inter-seeding	आंतरपेरणी	आंतरमिश्रण	af7c308cdade48d197c09c435e4c2f93
50702211b4b74fea91ac43cf40c37fca	crop monitoring technologies	पीक निरीक्षण तंत्रज्ञान	पिक निरीक्षण तंत्रज्ञान	9e20a12a75a34e53ad863b9f51e0da64
a240a743289d4d928a397200f7768b32	heat-resistant varieties	उष्णता प्रतिकारकक्षम वाण	उष्णता सहन केनारी जात	e5e4c18a9a5d4a0f896eeca05906b24f
c51b738b15fc48a19ee9993ecb83a623	insect emergence trap	कीटक बाहेर पडण्याचा सापळा	किडें बारे पोडतेहे तो बंद केनू	d8a06966cba24df6975a2b8f224360fc
996722466c6741c2942b85a17e34e9e2	fish emulsion	मासळी द्रावण	मासाहा इमल्शन	d4c448679d0e4d6f9b7e1b3451118a9b
868a6c04b62c4cd2ad2ccf3036772dc6	propping	आधार देणे	आधाराव थोवनु	95c1827adbd2496795a71ceb7bd3c012
98938bced9014773a16bbc4094d15ee0	aquatic plants	जलीय वनस्पती	पाण्यामनी वनस्पती	71c016ea99614008a9deec55a4155a07
6852828118ec4436bb0751deb9f99d0a	flooded rice cultivation	जलसिंचित भात शेती	पांयाम रोपड्या लागवड	2304971f6dd445938f55fc94f798a403
6a21580f52d347edad60f0c27d130c2a	insect vector	कीटक वाहक	किडहा वाहक	cc818b75034d497d9adf6da5b011deaf
ad22a3c4e48e4ad3b571a99014a84556	rodent damage	उंदरांची हानी	उंदराहाकी वेनारो नुकसान	67b53c8fe2fc4021a40c4155b8cb1d77
174af5b282ea416999f4ad427071c5c9	artificial intelligence in agriculture	कृषीमध्ये कृत्रिम बुद्धिमत्ता	कृषी क्षेत्राम कृत्रिम बुद्धिमत्ता	b42280f2e0f24a6ca10e72fb23fd9553
301bf9f65543422f810ca7c1fcc5b5c9	agri-finance	कृषी वित्त	कृषी वित्त	dea333fb00ab4683a7e5f596c8b8ac93
925b1cf8b7b4431da1e5e735eab0f8ac	field emergence	शेतातील अंकुरण	खेताम उगवण	5942d6e55590405b82c24c42281be316
ee609d1e31614b209cd4fd3be71b7c88	manual seed dibbler	बी टोकन यंत्र	आथाकी दाणे फोडनू मसीन	030c364d24944afbbd685b1953668756
a9f5a4b4eb1e4a74abaad2c15468dfc9	sap-sucking insect	रस शोषणारे कीटक	रस चुहनारो किडो	79a309ab7d1845b6967eba05f659b181
cf00215adc434eafb9fb658b4d854e2e	postharvest insect management	कापणीनंतर कीटक व्यवस्थापन	कापणी फाचे किड व्यवस्थापन	9f6113ecc0ed4c039fd1aac493e5d9d6
e1e131000cbe4a4098e069aa008e0be3	gray mold disease	ग्रे मोल्ड रोग	ग्रे मोल्ड रोग	27e01e7a96db45f5a03766b57336cb69
4b9ab25710774f74be1e6444d245f085	rural entrepreneurship	ग्रामीण उद्योजकता	गावांम उद्योजकता	15aa7a2a7e5449d2b1fa4a997e0b0ebf
01c31094a4bc4d14b504261f6dea34f9	agri-input	कृषी निविष्ठा	खेती निविष्ठा	f12b4085d1a74c57882b402a4fef023a
d4eecf07fc5b41829f5e4821b6af4071	precision agriculture practices	अचूक शेती पद्धती	अचूक खेती पद्धती	1bfec272e8c34ac9b276200aabf709c2
c34c309fddbd4e0abdf770b56c48b01c	organic fertilizers	सेंद्रिय खते	सेंद्रिय खत	01e716a41e874cfcb5d2ecaab49f57ab
378b9ed5df2d496ca5b370e2c2301de1	off-season cropping	बिगरहंगामी पीक	बिगर हंगामी पीक	ca6585db13f246daaaf5d14554e02087
34206eb86c104476a14ef7ae5831b57e	Regular Screening Programs	नियमित तपासणी कार्यक्रम	नियमित तपासणी कार्यक्रम	8e0d2e47a44142a589f1b5ff7ae4349b
0e63ffaf79344eb68513b0a1d0d24047	parasite	परजीवी	परजीवी	c31fb27188c34b1091c36f4997189e8e
1e523b17c8f0441ba93798a7b17a9599	sal tree	साल	साल चाड	c44bd8d3b30a4cfdadba0e8b9c15b43d
e3e1deaf83e34a9f8bf7434aa1bc68f9	aquaculture management	मत्स्यपालन व्यवस्थापन	मासे पालन व्यवस्थापन	873e7cdbbd3d4686a78befc96b725d41
c54e882a179c443e95d4c38df72b7d34	aromatic plant	सुगंधी वनस्पती	सुगंधी वनस्पती	2291be6de3134379a6d5bc2853f05abb
3bc2c79a1f264bae92b155b308d77583	Breed Association / Society	जात संघ / संस्था	एकाज जाती लोकांहां गट	b64a659a7fe647b59d2de148d36e86e6
e3173dfe41d14b5daa538d7eb4680635	Chhena	छेना	गावडी / मोहडी दुधाम लिबां रस टाकीन ताजे आम्ल सेट केलो पनीर तियाल छेना आखतेहें.	a820e14ba82049dfbc0cd7e69116cd94
de431b63a7404c42a58f07a349e8095a	herbal garden	औषधी बगीचा	औषधी बाग	0575f40f58684031b8668feeb429051b
1af622817d4647fbb3ecef26149e352b	rice mill	तांदळाची गिरणी	चोखाहा मिल	2df5afbc6d5a432ab0c2da5d8db7ad22
1ec327b902b44b4a84553f3449068c35	agri-tech innovations	कृषी तंत्रज्ञान नवोपक्रम	कृषी तंत्रज्ञान नविनता	22e4ae12a7894829900c0fe9473006d8
40bf3c64e113493fb3758ac86dbabc74	onion set	कांद्याची बेणे	कांदा बियारो	929929352bd24c73a5f95cfdea6223b0
0931ed0a099c471e8a65baf78d54e610	aquaponics	जलकृषी प्रणाली	मासे-वनस्पती सहजीवन	c1421a7144504f4db005f22740bcfa2d
1d3ded7535c3415e9060b1b262de3d18	apical dominance	अपायकल डॉमीनन्स	शेंडाव वर्चस्व	9798a1eb9e1a445390458c92025c90a0
a891c7106b784de7b6443a9ba3b23af2	cold frame	शीत पेटी	कोल्ड फ्रेम	40a0121f7a094a80aef0af4ef12c5ca8
4899820cac6c40a39926e9365d064c21	Complications	जटिलता	जटिलता	3b8bf1acf7ce45bda8a6b85d33e1a7fe
b7ef3e1442da4ff5b56d4abc34f9e6c9	Toxins and Enzymes	विषद्रव्ये व एंझाइम्स	विष आणे एन्झाईम	b394af6b82db41699721645d252b4979
cbfdab10199341a5aa10216e622724a6	marigold	झेंडू	आजा-यों	ca9123524e6847769c4b03ec11b526b9
2556d49d3a3140c8b9460c49e49db108	Protected Protein / Bypass Protein	संरक्षित प्रथिने	संरक्षित प्रथिने	ac8a19345c91479eae3531cf0781d984
b9f0bc44c76c4c86944c18df23b5ad17	integrated water management	एकात्मिक जल व्यवस्थापन	एकात्मिक जल व्यवस्थापन	338eb1239a6d466dba40da429102dace
6804d39d88f14eada0d69cf383068d30	oil extraction	तेल काढणे	तेल काडनूं	3b477bfb7e2b455683e0b57801f28e5a
b84e53617eed4717b7aa40fcc72c9c33	herbicide drift	तणनाशकाचा फैलाव	खोड मारुलो	6ffa9e33944e41569fe8ca4b4b40e22d
085bab79f29e4ce4b446050e25f87535	input cost	निविष्ठ खर्च	निविष्ट खर्च	7734b518864d43ecbe01e93b428810cb
dbae9738c9204e269f1635094e024c58	sand filter	वाळू गाळणी	रेती गाळण यंत्र	5e3a8b26594e41bd81ca9607d524f04b
98b660769a8e41b59ab15b7eb9bc03fc	arecanut yellow leaf	सुपारी पिवळे पान रोग	सुपारी पिवलो पान	f5f626b5afbd4d11b1567f47bb41d181
8201d07b79f74853b89a4fdf06be4224	milk chilling unit	दूध थंड करणारे यंत्र	दुद हेलं केनू मसीन	40593590fa364ee9a0299c002f5dc848
f523291c368342748f2a283fc6dcb250	heirloom seeds	पारंपरिक बियाणे (heirloom seeds)	वारसा बियारो	7d01a167b90d479b930e4c233fad60b0
88102d42fc494be2921556cabce056cc	salinity	खारटपणा	खारी	c9cdc2eddc0b4fa58db9a97baf6370ee
046576fe554d406eb0407cef32225d95	crop spacing	पीकांतील अंतर	पिकांहा अंतर	3a0793593050477eab3bdcd32183005c
e37809362c5142fca81aea29628bae0b	green agriculture technology	हरित कृषी तंत्रज्ञान	निलो खेती तंत्रज्ञान	4f0a387ce5e746a4b62d1eada6a73305
cdd6157d188f40a89d883a09ee1bc44e	mango red rust	आंबा लाल तांबेरा	आंबा लाल तांबडा रोग	9fcac9f873b7499dbf61ab22147ba093
75dd216e8b664866ae83a6e68a0e8d23	herbicide application	तणनाशक फवारणी	खोड मारुलो	aab6ef54b2b64eecaa59f182f944b425
45c0e74d01fe41a6897ca11b4bcd4ec8	precision livestock farming	अचूक पशुधन शेती	अचूक पशुधन पालन	a666c4db4ec549a59fc7a4a083b1c121
f1377044aac84e5aac5eb36f8417c1b6	artichoke	काटेरी फुलकोबीसारखी भाजी	आटिचोक	ecaeb987dfb54242a8b280f7e943e144
739302f388ab4b12853853ff5208d208	medium farmer	मध्यम शेतकरी	मध्यम शेतकरी	1e5c47a549cd4c4a977bdfde8816fdfb
1fe577e758f84d79944745dc4249ea65	inter-row cultivation	ओळीतील मशागत	आंतर-ओळी मशागत	bd0680867e684cc8bfd9323c51e04cf0
9c0ecde81ab947c4990496e9287b02aa	mulching materials	आच्छादन साहीत्य	आच्छादन साहित्य	4d5036d975b84498826344619cbd44b9
a741c11ee6564c67a49683a0806fae8e	horticulture	उद्यानविद्या	फळबाग	a387fc8bae574b6ea045f690334b5bf4
2057625a746a405688606ab12dfb28ff	herbicides	तणनाशके	खोड मारूलो दावो	51eec449b38e482faee4acdc09271097
bf769ed85f1c456788716decde92e96a	crop diary	पीक नोंदवही	पिक डायरी	6c4bbede722e47a78803e886558b4e70
abbfefcd31d64e7088cd0d76288c113f	okra yellow vein mosaic	भेंडी पीवळया शिरा मोझॅक	पेंडो पिवली शिरा मोझॅक	a5872907f742412492ee720c096fbaa0
026d227c1ef4444fb0d8ce1c0089fdf2	coffee leaf rust	कॉफीच्या पानांवरील तांबेरा	कॉफी पानावेने तांबेरा	d47332f3f0f7459cb6033993b47d9c55
7486aebaaaf1474494c76c3b99c2a878	organic farming methods	सेंद्रिय शेती पद्धती	सेंद्रिय खेती पद्धती	d2873b70ad544637bad108841d0f97c5
477e767d148a40a4aef45f069921ec64	milk production	दूध उत्पादन	दूद उत्पादन	cc0fd70c5f2b409495a3d515efd33e8c
09aee0d6214243979249f32025db3a4f	fertilizer usage efficiency	खत वापर कार्यक्षमता	खत वापरुलो कार्यक्षमता	5346518690e14cb4b9ddd327282ed5fd
5f588bfcfa8b41f2993d2977a8a9d97b	onion thrips	कांदयाचा फुलकिडा	कांदा फुलकिडे	bc1060deba6f4deba964b200a3156ce2
5fdbda6cd7c3491fb74fb4b79f2bb1ad	saffron	केसर	केशर	8601594dea904bc4970d4175015aba49
2f816422351e4652ba283ed85a5df398	field monitoring drone	शेत निरीक्षण ड्रोन	खेताम देखरेख केनारो ड्रोन	e8ef02bcac584b189bf5d46820216bee
a850c3ab2ce3492996ac16a4f58adbb4	filter unit	गाळण यंत्र	गाळण यंत्र	fa016be83490465f837917b7d5f6dcfd
6412e2df7ab54d89875d468b611be04f	moisture conservation	ओलावा संवर्धन	ओलावो टिकवूनू	eeaedff74caa4ce58de86b77c686d72a
63dd197c34a64d209d956e4033d23d2f	pulse	डाळ	दाळ वर्गीय पिके	36dad85a535c43fa80606d62f92b3a0b
763dff000cba4c43a845cc4007ee8472	apomixis	बीज नसलेली पुनरुत्पत्ती	अपोमिक्सिस	600afa2f0b7248faa9c45e25e6aa5579
7ce74de3c2794aa080436037795649fe	host resistance	ओलीस प्रतिकारक	यजमान प्रतिकार	70bc5df209d942929012db8ad2ceff20
fffbea3cca5a40fcbaf08fd59ac639de	integrated water resource management	एकात्मिक जलस्त्रोत व्यवस्थापन	एकात्मिक जल संसाधन व्यवस्थापन	484cbfde035143b686d8bc3301bd5e93
c5bf394e449342f2a5398a23c920a83d	sapota leaf spot	चिक्कुच्या पानावरील ठिपके	चिकू पानावेने ठिपके	cee8709109b54125a5d9284b4bbc5340
500026c7c89d4ce1b7e0e5bba815424a	arjun tree	अर्जुन	अर्जुन वृक्ष	0be40fd700c6408cb5d08a822ec97e80
6289f3d09ae74598aa72e057fb8117d8	mango hopper	आंबा पिकावरील तुडतुडे	आंबा मोदरी	cb7363fbe809408aacbeadf204ef868f
5c0b49c9d669461a8d9326d38a775c80	inter-seasonal crop	आंतरहंगामी पीक	आंतर हंगामी पीक	ab8173dc5221449396c91db6189d0d7e
9447bb9c7ffa486981a14c01c6c996f4	Peste des Petits Ruminants (PPR)	बकरी/मेंढीचा Bulkandi	बोकडां/ मेंडा माय पोसरूनारी एक बिमारी	f717af9f4c254ad6af47dd7a83f56f22
129b2a2724884814b28cb56033453a68	Total Mixed Ration (TMR)	संपूर्ण मिश्रित आहार	आखो बेडालो आहार	05a61b1c9f7e446ea04f42184a5cf37e
099b310831264285b5428a420a2ea2cb	precision soil monitoring	अचूक मृद निरीक्षण	माती अचूक निरीक्षण	c8643ee22c514cd4b42d6016c9fcb3a6
8c8b36e2c21e453bbffeb5485aeb6789	crop residue mulch	पीक अवशेष आच्छादन	पिकाहां अवशेष आच्छादन	c18dff9b04f34b558e475459df44fd0d
27fafed045ab421ba8941b070cb2da6a	aeroponics	हवेतील शेती	एअरोपोनिक्स	8de5b98e30834a3fb05209db8f44bbef
359fb6e553d542748356e0f652b7a94e	indeterminate growth	अनिश्चित वाढ	अनिश्चित वाढ	aaf37b9beaa1481081b263c684adcdf6
757709863b234b75a07e9d8d1de64dff	Stress Management	ताण व्यवस्थापन	ताण व्यवस्थापन	1482c7c8b6eb400abb53526a48a49507
162b51d1042c4b859439017d069dc65d	field bunding	शेताला बांध घालणे	खेताम बांदणी	99641c655fdc4e2eaca47c712a439c4e
3a7583cd0e144fd0971a67247225db3f	mango sooty mold	आंबा पिकावरील काजळीजन्य बुरशी	आंबा काजळी रोग	83ec0298fcfd4f25afdace47948133fe
eb302c75442b4c93b0a602a5d8f99a01	adaptive research	अनुकूल संशोधन	अनुकूल संशोधन	bf2aabc38bfe4941b3476147a6658b11
394a1e9c19184ff0a92651c3e637b3f5	macronutrient deficiency	अन्नद्रव्य कमतरता	मॅक्रोन्युट्रिएंट्स कमी	b5df56385bb6478495224ddafa70b8cb
f508117d5c72403782f992b0a34ea952	sandalwood	चंदन	चंदन	5976c481d7dc44a08d52c1a43ea1a208
7592cb84089a488dabf7e659c18e5aae	agri drone	कृषी ड्रोन	कृषी ड्रोन	deb65b0ff2164dd497a1217710c8f0cf
d1e38fe7f65c450dabdfdd2ccc3dc3f1	inflorescence	फुलांचा झुबका	फुले	6e62f5820dcf497b93068faf82bc7474
cfacbac65e6a48fcb2397c2a11db7776	fertilizer run-off	खते वाहुन जाणे	खत वोयाय जाहे	6226015c187f4329908ee166e7c0c823
3e38f0d1631947c8addb813b78ca7dcd	Breed Conservation	जात संवर्धन	जाती संवर्धन	1782e4b37bcb4806b6994f0efeea00be
a43eeceb0148415c9227a1e07fa75593	nitrosomonas bacteria	नायट्रोसोमोनास जीवाणू	नायट्रोसोमोनास जिवाणू	bdc3e7d86a064120b19b3a79442308bb
03dad077636a4cee8ae1edbeb492868e	agri-input management	कृषी निविष्ठा व्यवस्थापन	कृषी निविष्ठा व्यवस्थापन	d5f711726a734c1d8da8f227a7d58e02
ac8a3661ae264e24a60fa5d6d26bc3f4	fertilizer application techniques	खत वापरण्याची तंत्रे	खत देवनु तंत्र	c3af3a1e0ec8494ab5edfe04bf6b7fe1
3c79e27821a04b6697511ad13103943b	aerial yam	करंदा / डुकरकंद	हवाई यम	1d89d756245748cf826ce6175e907049
9ddd6d9b2fa1448b87a91a490cb44044	export quality	निर्यात गुणवत्ता	निर्यात गुणवत्ता	49a64a763e0d4d2f989173d8fa1a93b6
5e45bdcbdf574b2a8cb47bb389f7a185	photoperiod sensitivity	प्रकाशकाल संवेदनशीलता	प्रकाश कालावधी संवेदनशीलता	4695dd83e3eb43f49152fae512b9c0b9
8ce9c975e99f481e8fcdeaa06edb5d43	secondary nutrient	दुय्यम पोषण घटक	दुय्यम अन्नद्रव्य	5980725911ca4610a4759135902ab3de
d56fa86194244627bf017d982ea3e7f8	inland aquaculture	गोड्या पाण्यातील जलचर	अंतर्देशीय मत्स्यपालन	00bb566740b34bab9cbd75fd82da9fcf
2d0edd4aaabe4264a5183e1d00b7db6c	Adult Cattle Deworming	प्रौढ जनावर कीडनाशन	मोडा गावडाहां जंतनाशक दावो	88369b99333b4daa9ba25a3c016dc7fa
c5aea5987db046c98a345fa5f4768715	price volatility	किंमत अस्थिरता	किंमत अस्थिरता	3cfaf2b2a5ca4a1eaf2b7768131e2aa5
8dfaece1017c4f898611ef2884984462	fertilizer placement technique	खत साठवणूकीचे तंत्र	खत देवनु तंत्र	d4702a16093e490ab76da9bedd406095
4606060684d54c07b50002aac7b9c3b7	gmos (genetically modified organisms)	जीएमओ (जनुकीय सुधारित जीव)	जीएमओ	81863e5994c54be6a0d07ea0ff54a6ea
d011561547d1450fad8d992508cd1bed	agri-marketing	कृषी-विपणन	कृषी-विपणन	e2f049a1f046427f8f451ddc7ac5776c
178b968cb00646b9b1e1abde6b37647f	insect repellent	कीटक प्रतिबंधक	किटकनाशक	91e92250664345a2b14aac3ff7607aca
97a3c406836d4c4da13002268801f3ac	high yielding varieties	जास्त उत्पादन देणारे वाण	वाद उत्पन्न देणारी जात	630bf7693b0240ac949d759d7beec6df
fe937c42f1764b2dbd02952994229379	marginal farmer	अल्पभूधारक शेतकरी	हानी खेती केनारो	cccea22180c44164859ae88f24361a19
05f63eafa9f14e6fb19d5bcc35bcd3c8	herbicide resistance	तणनाशक प्रतिरोध	खोडनाश प्रतिकार	9f2ceb9afb7841eba7a02ea38442b8af
42d9f113d77f4e89991c53a72580deff	heliothis	हेलिओथिस पतंग	हेलिओथिस	312efe3d4e9c4b07806b6d20894a1635
8739b38998784a0098587f6dff76f145	aphid infestation	मावा कीटकांचा प्रादुर्भाव	मोदरी प्रादुर्भाव	4bbfec2d43dd447fb8a6df36aeb5ea32
f0724fc2d51a48168b6db3a3bd054f61	field efficiency	शेत कार्यक्षमता	खेती कार्यक्षमता	dcfd53b97ca444bfbb79149d5087937d
9ae1aca731a348b18f94fc4760a0a527	glory lily	अग्निशिखा	ग्लोरी लिली	89fb397d59e94b818bc065c61d42da79
3ef5f6e357ea4e1596bd04fe740c9a54	fertilizer tank	खत साठवण टाकी	खत टाकी	f1787f183295437e91dfb99712f35215
37210248e1b6416cbba504c43f4271bc	field plot technique	शेत भुखंड तंत्र	खेतामने प्लॉट तंत्र	8c96daeb1ace44d592ae44bace6ace13
f2bc85733816499d95c6a13bbf4e9357	precision seeder	अचूक पेरणी यंत्र	अचूक बियारो पोनारो मशीन	9d6697bd9a824601adfccad9a6e0f55b
538bd302717a4fec87302a3bb0e10ce6	precision agriculture technology	अचूक शेती तंत्रज्ञान	अचूक खेती तंत्रज्ञान	aed7d3cf276d40faacaa70908ffdc899
0258672dd277426aaea60618f141d779	sap feeding pest	रसशोषक कीटक	रस पिणारे किडे	43d76585ac004fa6a1ac2ef32d7776b7
9478dee930f242ffa8eb32bd98c85be4	Mouth Sores	तोंड येणे	मुया फोड	0c84a6b01ca844dfa32764036dec70b1
49f53d8b550c4885840dff61948827bf	agri-tech	कृषी-तंत्रज्ञान	कृषी तंत्रज्ञान	2d6f2b358fa946e2bd7b6fea45d2deae
32ca46ab068c4d61a6fa95966b9133db	Deep-Frozen Semen	गहिरे गोठवलेले वीर्य	खूप जाखो गोठलो	7c29d7ea8bc54a009e75b7f301b15dd5
6e2fe66213e745fe9b2c21447692d40d	Weaning	दुध सोडणे	दुध खराब वियो	aa08e285efde4679861edf503e63daaf
56c193f586bc46d982ca6d66f120de75	incompatibility	विसंगती	विसंगती	58807016edbc4c7c9175581b740472a9
1954c643fb6640c29815b1b22b8e2842	fertilizer application rates	खत वापरण्याचे प्रमाण	खत देवनु प्रमाण	7499273534ed48d69dc5c8f8e7b0e185
53d177351ae1477f84c573ac2610aa97	rural infrastructure	ग्रामीण पायाभूत सुविधा	ग्रामीण पायाभूत सुविधा	08f597a77a48492ea621380e9d8762b8
4aeb83b3f2ad4668815b8e8a481e0a0c	saprophytic fungi	मृतोपजीवी बुरशी	मुरखा	a4c54fed81534c6b838ec51721c6d2f0
98abe8a499be4dfb93734016d186c2c6	crop monitoring tools	पीक निरीक्षण साधने	पिकां निरीक्षण साधन	52fcdea8c0ac42d4b3a990923408b75f
1cf50c900cf54c658a4aaa582937f2fc	fertilizer efficiency	खत कार्यक्षमता	खत कार्यक्षमता	b71fbc0dd10c4cefabcc0028340e1bbf
fab16364ce31449d984c451ed8c427e0	insect molting	कीटकाची कात टाकणे	किडांहा कात टाकनूं	50b7d9f471384d80815668e47dcaa398
d065e61db2d649d68b98d8a7708a418d	field monitoring	शेत निरीक्षण	खेताम देखरेख	76658b9ebc704747bbf4efd2677f89c1
8eac9b9572ff412d982d406507a590fe	field runoff water reuse	शेतातून वाहत जाणाऱ्या पाण्याचा पुनर्वापर	खेतामेने पावसानू पाणी वापर	fde32985beae47abbe00111352e844ec
5d601c19ae5447a8b73e29d40c05de71	Stress Reduction	ताण कमी करणे	ताण कमी केनू	715a95f95b964b5c978195f33c04aa7d
628dc19f5a404611951f913d56b3b280	Dry Cow Therapy	ड्राय काऊ थेरपी	कोअडी उपचार	eaa51a7618dc417eaa12effcfce1b727
6fea52acca96431c9014820c3cc5634a	organic fertilizer application	सेंद्रिय खत वापर	सेंद्रिय खत वापर	100566e3689e4ce2a3b2a07c4e25f277
2fc1838931d24de7b88e6c85abd6c94c	cold composting	थंड कंपोस्ट खत	हियालो कंपोस्टिंग	fcaf6abdbdc348aa827cc97f4a3a3077
e1c1f71a934949fe9df3e57b006dfb59	integrated weed control strategy	एकात्मिक तण नियंत्रण व्यवस्थापन	एकात्मिक तण नियंत्रण धोरण	d777cc4e856648ab8c8451a6594d6bea
773a72886e2742179fb0d6853c70db51	Silage Process	मुर्गास प्रक्रिया	मुरघास प्रक्रिया	20e8659328874fa3b1bd761da3f2e5d7
f1b1d89b412d4fdda63991a1899da511	integrated aquaculture	एकात्मिक मत्स्यपालन	एकात्मिक मत्स्य संवर्धन	9f6b3cea4d184953a9447849a6015815
93e74ade53df49ac9898973426c2d57f	Equine Influenza	घोडा इन्फ्लुएंझा	घोडांहां इन्फ्लुएंझा	930b2171d8a947e28f84acbbead1d869
7a3d060f57784320bacc03841791419c	Fertility Improvement	प्रजनन क्षमता सुधार	फळधारणा सुधारणा	ba7070d5f1644a2991e6806241abe3ec
563b95b737bd4106916b06b3cec241bb	post-harvest losses	काढणी पश्चात नुकसान	वाडीन फाचे नुकसान	60c06b66ef9e4f988d087d3c99fc53ff
2de4a3c6227b41eea828bafe061c6333	primary tillage	प्राथमिक मशागत	पेली खेडनूं	ea0196470cd24cf7b5464186640614be
8cbc28c09451458db4b8f8d512898cda	field drainage	शेत पाणी निचरा	खेतामेने पाणी निचरो केनू	a55f7d59c28d43c98d15ea40484f868d
976ba857dba042c0ab2650655821cb2a	agri-waste biofuel production	कृषी कचऱ्यापासून जैवइंधन निर्मिती	कृषी कचरा बायोफ्युएल उत्पादन	1aa80f46b9e6456399dbb0c359441c08
40ca85e1bddd44d5b4dd1f15d5aa0556	hopper burn	हॉप्पर बर्न	हॉपर बर्न	51bc9000d0cd499598266f82f14df7aa
c0863fc1cc5d4623908608de29804a8d	insect infestation	कीटकांचा प्रादुर्भाव	किडीही प्रादुर्भाव	8b4111fa62f4410d9060d86b8aef32f2
813cf0b619ac499194b82d4089e8f7f5	agri-value chain	कृषी मूल्य साखळी	कृषी मूल्य साखळी	12718f024c824970be854da8d9fc6f40
ca04c5b3b11d4de39e12c571eabff03d	over-fertilization	अति खत वापर	खूप खत देवनूं	844c107602d046d7bf27145d1ea8d267
5302fe96283e41af9f59bee45fe01b31	fertilizer burn	खतामुळे होणारे नुकसान (जळणे)	खत जळनूं	c2ec61ee7928443195dd5802df880f3c
031558101dc14774bdf2670bc7cc6c6b	field survey	क्षेत्र सर्वेक्षण	खेतामने पाहणी	acd9714978b049ceacf7cd26108a1ea2
5077b4457e0c4e7bb42c979661a0e371	integrated weed management (iwm)	एकात्मिक तण व्यवस्थापन (आयडब्ल्यूएम)	एकात्मिक तण व्यवस्थापन	925b42ce703c4eea9811f51f4b0a7066
bfce625fe8744169b63c5ba9b4702ca3	field scouting	शेताची तपासणी	खेती	f5465997a6ff48709c3fd0db765ed33b
7db1436b1de444d9b056a6d46c028230	Urbanization	शहरीकरण	शहरीकरण	ca0cdfffe300439583a99dde0ff926d7
3108b0e12562476297c933dce50273a6	manganese	मॅंगनीज	मॅगनीज	59fac626d3e247ee964c43b0d8f8fe3d
efb28faef2c5450a98f79f7bd2d92704	indeterminate growth	अमर्याद वाढ	अनिश्चित वाढ	c77393f1f4e443ae946724df9928cadf
eaf1ee195ab241c8ac42cd90e31ffe02	sapodilla	चिक्कू	चिकू	b91b765c6d5042a79ef8af37682c50b7
d530cf3ad3a84410a36df94be095ab42	Nutrient Utilization	पोषण शोषण	पोषक तत्वा वापर	e0849db309694d85ba57bc4a0b5fd762
e3c562b142e44cb6b1034862b9c7e60b	onion	कांदा	कांदा	7416de5f88dd4ae0b85941cf021b72d5
f2b9130b4324407ab7ae3f12cfe61401	Management	व्यवस्थापन	व्यवस्थापन	9f42bb620e3247d4aa7023d0478fd456
6ee57731351649ac81aba11b2e78a78a	integrated pest management (ipm)	एकत्रित कीड व्यवस्थापन	एकात्मिक कीड व्यवस्थापन	3496b3bf4dde4a20b3e9faac54022a94
67393b820e8247b39597e5de92c06d78	fiber length	तंतुची लांबी	फायबरा लांबी	71432ef180d64f60bc4ea7f75c5c7110
8fa4157eb795440b82befb4909b60369	mulching material	आच्छादन साहित्य	आच्छादन साहित्य	344f41af7210492cb9462d0527a57c7b
71bca3f0d5a3461284ea563706e45b65	internode borer	कांडे कीड	आंतरगाठी भुंगा	f0cf665db3554db99bce426fb73561fc
91654f0d7d724c36ba02ee4473ee7204	agri extension	कृषी विस्तार	कृषी विस्तार	317360441c1e4898b224bf3eb62d59b1
030170cfcd524180b3edd985b6993e96	mealy bug	पिठ्या ढेकूण	पिठ्या किडो	1c4409e2d1184d82a28ea85318a7edd9
7b533bc41289413bace01a2b0510e961	agarwood	अगर	अगरवुड	8eb00b89bcee4ef7936e7decf290ba02
9238d723b42d470c93aba0b63cc9bcd3	hoeing	डवरणे	खुरपणी	d6b54f8498354498aaea9e567f1523af
59dd5817aa34407d923c8e84f0fcdc19	field bund	शेताचा धुरा किंवा बांध	खेतामेने हेडो	74116229d09949d89f619f6d983a7c16
c516a242bbab4fb7b48661afc8882099	adulsa	अडुळसा	डोलारों	a1b6cd6f7e7e4ef7aebe01332d658e4a
cb1772f511cf488ebab5e65b0c61c68b	heat tolerant crop	उष्णता सहन करणारे पीक	उष्णता सहन केनारो पीक	3591b71a70f74d818bd3bff9d1f15ab7
b3158c52b92b4be08b21e4670532757c	mahua	महूआ	मोव	f8b2e5b2b9d74bb3b14851254d639536
c7e737442850479d91cbc6152d77dfe8	apical dominance	शेंड्याची वाढ जास्त आणि बाजूच्या फांद्यांची वाढ कमी असणे	शेंडाव वर्चस्व	6a4f80c432014ec5a94b4df08cf86889
7c466741f4b347128bed09b435391c14	Dhap Khoya	ढाप मावा	धप खोयो	dbccfb7a8f6f42a2b2d394abba1549fc
f998db7767f74672baeb14ccc5c4ee56	Pre-Layer Feed	प्री-लेयर फीड	पूर्व थर खाद्य	f0494fc8d3184951a45a4149aa528d15
707de5d10fa64d08977714878298c90b	multitier cropping	बहुस्तरीय पीक पद्धती	बहुस्तरीय पीक पद्धती	5c8a717a1a034cc089c5975b71238332
143f76fafd3147279b055b287483d74c	agmark	ॲगमार्क	ए.जी.एम.आर.के.	5c7b3a39b8d04515868fd5c9f161ced0
f4953f1930954fbdaba409bfedd64f52	pyrilla	पांढरी पिरिला	पायरीला	92120aa760be4a758f8a1f7bdce715d9
bf0e79f15a294e7693a7e31f455487c4	apple powdery mildew	सफरचंदावरील भुरी	सेब बुरशी	26aa236d588a41b5bfdb5c0eb7f53fd4
b1896e4c82964dd1953d13cfc1c2f426	precision seeder	अचूक बियाणे पेरणी यंत्र	अचूक बियारो पोनारो मशीन	55b3f90f2c2b4498a82c444de6fa1303
9bbfc736e432483c93ea21b34c2eadcb	organic farming	सेंद्रिय शेती	सेंद्रिय खेती	91eaeb6a78df41e4b2112b4acf07213b
dfe21d10b5434a9c9d82fb72c9290599	perennial weed management	बारमाही तण व्यवस्थापन	बारमाही खोड व्यवस्थापन	e69c946b4fb6484788cc712e8897781b
a82b83c232bf429995ccf2a31997fa7e	fertilizer placement	खतांचे योग्य स्थान	खत देवनु	6329cdd0732a4f6bb9e9e0eb310b63ab
2591a12287b6493c83fb50519d683f0f	olericulture	भाजीपाला लागवड	ओलेरीकल्चर	7e0f4e2e5a6f496eaf43c55031ce360c
3f5f361bc6844495864b35c87503d484	heat-tolerant variety	उष्णता सहनशील वाण	उष्णता सहन केनारी जात	3b5eb1c4dd3446e696f79b28ba0fa861
e4c368b610854cdfad99ab60dabe87f9	integrated pest monitoring	एकात्मिक कीड नियंत्रण देखरेख	एकात्मिक किड निरीक्षण	cc8708c22c614508901ebd308e163f59
ff6081d73289443d8328119f0356961a	agri-export zone	कृषी-निर्यात क्षेत्र	कृषी निर्यात क्षेत्र	ae7ac0303eed4e5680c99e1da847bb83
05d23188554543a2ba75a3717f240bf3	aerial root	हवेतील मुळे	हवेने मुले	62eaee49aa684366a0484cc16535a70b
1860c84aea0a47369d5cdcf84a621511	agri-waste recycling	कृषी कचऱ्याचा पूनर्वापार	कृषी कचरा पुनर्वापर	387efee4e16a46f09ce8ad134b19652e
db811753e0ef4bffa2a5aee534b41a22	agri-food systems	कृषी-आहार प्रणाली	कृषी-खाद्य प्रणाली	59779f9944d94a4a91fec0648986db65
de430b8800664e658fd80f5feee83133	crop production planning	पीक उत्पादन नियोजन	पिक उत्पादन नियोजन	64807b984d774cbdb4cc21d6579a85f9
9a4fb60e3ba3424db93a221149f28a8d	Potassium hydroxide (KOH)	पोटॅशियम हायड्रॉक्साइड	"""पोटॅशियम हायड्रॉक्साइड"" ओं रसायन हाबो आन खोत याम वापर केएतेहे."	e87551c220324ab7a87c5e28d2c44a59
95bc7b6097e0433ea905734bd1db928c	fertilizer grade	खत ग्रेड	खत ग्रेड	1b9a7c08c49844b7bd20693b9dd98cd1
9275885b47ad408f801356e97ede53d4	precision sprayer	अचूक फवारणी यंत्र	अचूक फवारणी यंत्र	edfa14d7e63648f3967978dd65970ff0
e734249526c64571bd8538f3451cde77	agri-input dealer	कृषी निविष्ठा विक्रेता	कृषी निविष्ठा वेचनारो	c204c60b52e74825bc52db99b292c5ce
232da107953c44f28e3bc7ea103a839b	hedge lucerne	लसून घास	हेज ल्युसेर्न	33c203adeae24202910065481256e8b5
14413e3bf1dc4a7398d536680fb6f583	mango mealybug	आंबा पिकावरील पिठया ढेकुण	आंबा भुंगा	d7a6f6b78da24fd2af55ea71d237ebf5
1e0b721a327c40cbbb8c1a41e609c1aa	hibiscus	जास्वंद	जाबूर	0169ca82ee3940f081bb5764abcb3578
8af7f8accea84465aa02e5a1bd31081c	sap-sucking pest	रस शोषणारी कीड	रस चुहनारी किडी	e4c74b0152c84428b15c450853069f6f
edbc4b85ab144e77bf1e15d528ac4ba3	fertilizer injection	खत इंजेक्शन	खत इंजेक्शना	acd9cdd16a664694a044b39d5c011caf
4154d80ebade4bfc85dd21220e1638f0	aquatic farming	जलजीव शेती	पाण्यामनी खेती	2403165c6f5a49cfa4956cb5717d00bb
c7d34c1f69da43c894f034513f2c9bdd	fertilizer drill	खत ड्रिल	खत टाकनूं यंत्र	31de6278a2794baea11733b52c1db74a
4db64aa2323e4ddf810a3bdb570f80fd	heat wave impact	उष्णतेच्या लाटेचा परिणाम	उष्णतेच्या लाटाचा परिणाम	0029bd44308f486da07e0e63355b3f2a
034fd3b90dab4732acd604f29e99149e	inbred line	शुद्ध वंशज ओळ	अंतर्वर्णी वंशावळ	7172ccf5b4324731a29f26721c1b36fc
e46ada426e9a441ca784cac102ba636e	saline soil	क्षारयुक्त माती	खारो कादु	bafc3232c5b547b686350574e3f58839
f5dd8ff3947a4d8690f8c78bf7b07739	aquifer recharge	जलचर पुनर्भरण	जलभृत पुनर्भरण	9343c3506a1e45e39a2fd6f9157c71fa
561b5aa783ce48a690bf07d4d6ac2588	arid region	शुष्क क्षेत्र	कोरड प्रदेश	7473afe2e29c4ea4bf6924a33da52e81
db0b970bd20c4ed685d6445b8544c434	field preparation for next crop	पुढील पिकासाठी शेताची तयारी	आगाडी पिकाल खेताम खेडनू	ad00fca7b36241af9c029049a3171097
7bcf9d3d69eb464b9f1ee8417a212aa1	soil permeability	मातीची पारगम्यता	मृदा पारगम्यता	72d7199c7ec24175a7728a0a46d684e8
44bc2472be2140a987a0eb62c412e70f	pruning shears	छाटणीची कात्री	छाटणी कातरणी	07c6b6577ced445bb36350ad933b20ea
aabccb05a2cc41109f7add47fd73a73e	honey extraction	मध काढणे	मध काढनूं	ca05498ce1d14454a67f93b2eda9b5b2
d7fa4a7dc724415bbaec9eb1bf9b220e	fertilizer application methods	खत वापरण्याच्या पद्धती	खत देवनु पद्धत	f36360a7a3eb45d497af38b2ff064963
d1c3b10fdf9d4f88944e6b27f7fcc068	manual harvesting	हाताने काढणी	आथकी काढणी	970c57d4aa734ea389d3b7cd557c2a68
1ba0064eec7446e6873887d58cf3de9a	boron	बोरॉन	बोरॉन	e9d116d23a894401afce877f6954e62b
1525b7e36b204a1085ca69283daa4217	post-harvest loss	कापणीपश्चात हानी	कापणी फाचे नुकसान	af99ea80f2004527a6b036599798bf04
6bf59584e2fb4a5ca1f0664228e10650	menthol mint	पुदिना	मेन्थल मिंट	a4ee80079ca346b4bee0bd220a09895d
50b03582b8c94e0e9668a1b5dc40c32b	medicinal plant	औषधी वनस्पती	औषधी वनस्पती	58828ebb89224c229dc545af00efe2ce
93f61559a0eb40b0b75c970cabfad7a8	safflower	करडई	करडई	a1d54a6f48b14aa5be56923f9d28b69e
78b6b9191d4443ed8ae0b8eaca4e16ea	maize	मका	डोडा	c89ea13e91b3443089910fd46e36ccd4
6f4fe9c53a864fe583b698460575fecd	integrated weed management	एकात्मिक तण व्यवस्थापन	एकात्मिक तण व्यवस्थापन	101af5c6889545168701f0ef1b5fab31
94a277d6586b48599aadba70516a0569	intercropping barrier	आंतरपीक अडथळा	आंतरपीक प्रतिबंध	8f20c823183e420886abcb88c7a79d5f
86c678c562db44d982920d14225b4318	field monitoring techniques	शेत निरीक्षण तंत्र	खेताम देखरेख केनू तंत्र	ebeff6da04ad4c3894b3b77d53ae4c09
66c8e488fcdc45c9b9f1b7ef1090c36c	procurement	खरेदी	खरेदी	0196e2243f844fb098eaa555715c5eea
8053a99e7cb44f32988f83942934b8f4	pest egg mass identification	कीटक अंडी समुह ओळख	किडींहा हाकवाहा वस्तुमान ओखूलो	a7d96beec04d484396151dac96d24a78
17adcc9e5a7646a285cd61673aa1a434	percolation loss	झिरपल्याने होणारी हानी	पांया झिरपूनु कमी	5359cb9a63934099bf49ece2cac16445
79b10d1cf35745fcb79a6a10f963a843	onion smut	कांदा काजळी रोग	कांदा	aad6877c118142d0b3fe2d65c4e0cc26
84c1d3244b344cfea2dc180d450cedb3	field soil testing	शेतातील माती परीक्षण	खेतामने कादू तपासणी	31460b37ce474effac1b3db0c6bfed6a
16342f4578134de89a264256a367466f	manual weeding	हाताने तण काढणे	आथाकी नेदुनू	a198287d007644929935bec1cee6365b
445b0efdedc84783b219fd6d9a4a425d	fertilizer spreader	खत पसरवणारे यंत्र	खत पोराआलो मशीन	1a21d6d57b984df685607adbe30ab7b8
1595d7c6f7cb43639b7c2d574f62faa6	field capacity	शेत क्षमता	खेती क्षमता	fa0494f7f59f4f8a9c1761830ecf2db4
9a2ffd66ae0f43b5ac9f9c9e12b6b0e6	agnihotra ash	अग्निहोत्र राख	अग्निहोत्र आशु	e3a0cfddc2f44d2d8c95334561e1d006
1dc15048597a4e99ac87da13dfdb63d8	integrated crop protection	एकात्मिक पीक संरक्षण	एकात्मिक पीक संरक्षण	5579213b9d2e4bb7af3c629f7eb95819
030839281bdc4a3c9e94ab37fb47ca1c	crop residue burning	पीक अवशेष जाळणे	पिकाहां कोचरो बालनूं	c55f0b0cd33d44218c37508d1f1d3368
2fbfa7d659a84ffe9dcfa8a38f61aa01	integrated farm management	एकात्मिक शेती व्यवस्थापन	एकात्मिक खेती व्यवस्थापन	199d16a8ea90463295e08c7aad54aea1
ee5ea03e61244ff2ab044e16f288b9dd	pressure regulator	दाब नियामक	दाब नियंत्रक	57bb2f865bd7479882289cb3f47281bc
f5919c07de40478daa40e9b3e8404fe6	arecanut fruit rot	सुपारीवरील फळ कुज	पानो होडणू	b764042f541649239e26d0062eba3d2d
b38132f4015348a7abe845961b4f468e	interplant competition	पिकामधील स्पर्धा	आंतरमशागत स्पर्धा	1485cd790d7d41c484cdb9434cd06f90
dcaf4cc9a7b9456c9b62b07780ca5408	rural employment	ग्रामीण रोजगार	गावांम काम	eefd3a5daf8042e6b8122fed835b3648
a192d7be45da425192711547f6da99e6	over-fertilization	जास्त खत वापरणे	खूप खत देवनूं	cd746bfd0fc742668af61128f1f899f3
d56c75e68dfd4131bb5cd89c80c20900	fertilizer subsidy	खत अनुदान	खत अनुदान	327b12eea6f34c39822316c4d1c542f8
66c510e0ec854aa09b72c5aa67f104e1	insecticide resistance	कीटकनाशकप्रतिकारशक्ती	किटकनाशक प्रतिकार	f7d300f035aa4d23a6890a5c985e7a4d
76d458196bf848f3b60bfbb18de6a68f	betelvine foot rot	पानवेली मुळ कुज	पानहा पागा होडणु	b905134851964129befc949d0d5f4efa
6d6b0e6af8c04a56a430b7b13880b154	crop water footprint	पीक जल ठसा	पिकांहा पांया ठसा	1f5ae497939749038c735c088f249e8f
af0f11a3c4cd49a5a023e52ba192c092	Antiseptic Solution	जीवाणू नाशक द्रावण	जंतुनाशक द्रावण	610c201c37de447f8c356f057c03cd9e
b33b978157074a3882ece72075a49ecf	post-rain sowing	पाऊसानंतर पेरणी	पांया पासे पेरणी	117c4f5eb89244d3b111d8f33cca0d0f
387278f4ca73486bab346f84667c100e	integrated water and fertilizer management	एकात्मिक पाणी आणि खत व्यवस्थापन	एकात्मिक पाय आन खत व्यवस्थापन	0426e3e0970545ed949dfd8cb8801bec
89642ea997664e649802de5c3a3a68a9	aquifer recharge	भूजल पुनर्भरण	जलभृत पुनर्भरण	c83393b92bf64b4a9e58cb8a2d96193f
3fd84a0ba8fe4abaa5e818eddb13f698	mandarin	संत्री	मँडरीन	9702d2a1eb7746209a9186b7ae730c0f
359002915d31408ea0867ec9a247fbb1	field capacity	शेताची पाणी धारण क्षमता	खेती क्षमता	e531681d3be54aac976e9f3a353fb404
9d8cdbf41e9c4109bb4ab5bcdc84a70d	indigenous seed	स्थानिक बियाणे	देशी बियारो	514dddfe83364733ae83c920a859b60d
2b6cab8cf1924863af28e1a832dda18f	Feed Mash	पेस्ट / मिश्रण आहार	खाऊलो	a0d4dd8a9a544d769267cabc8e6eb14b
237017d02f444d31b0d89154a76739f6	propagation	प्रजनन	प्रसार	2387252387f14c48bc36cb81880e628d
c9db6f1352314fedbcb990f180bfcef7	Temperature Control	तापमान नियंत्रण	तापमान नियंत्रण	76e9d4ebdd85432cbdfe9e34657d699a
2af22f86bdf94fa3ba2a13508798a4ea	Aquaponics	अक्वापॉनिक्स	मासे-वनस्पती सहजीवन	23c21ef792224620a857ec96a0d23a4d
429ffd001af14ab5a47503ac60025216	herbicide resistance	तणनाशक प्रतिकारकता	खोडनाश प्रतिकार	2c9897c21ba0437897b8404ca20b457c
a2460369eeea49cdb1107e337ac81f8e	polyculture	बहुपीक लागवड	बहुपिक	d4eea0d003c84515ad34f7b2535be7ff
6797acddc8fa4e4b81c18e45687235e8	saline water	खारं पाणी	खारों पांय	0ea348ea2bb24dfbb88c44f1aab0bc87
98544a203a0242249dd49e1ca50ea469	dwarfing gene	बटू जनुक	जीन लोटकुनूं	2e9167cedda248b1a9ba6da007c4d4b8
50ad0d0dea8f4342a2d414cb950c1ac3	milk cooler	दूध शीतलक	दूद थंड केनारो	b1da4bbf4b7948ac8410f5541eed4259
834e20c0a89f4378aae1330acf3ad56a	Ornamental Fish	सजावटी माशा	सजावटी मासे	3c421a8f668e4d10b0e542f2cc46a3d5
1d98cc61bff14513aa660d9a62d2d0fc	field management	शेत व्यवस्थापन	खेती व्यवस्थापन	429348848f1a42ed9ebc9d0584a59721
f4e11609fabe475b9f0efe44b3308cb9	insecticidal soap	कीटकनाशक साबण	किटकनाशक साबण	1c9b2509e985415f96ecfc2d800b65ca
8ad7e56957a44351b3bab83477943797	mango	आंबा	आंबा	63daa8bcebba4f3a99f6d35e40eadcef
138f4ed3f0c14b7ba3530f235573a22f	fungal spore	बुरशीच्या बीजाणू	बुरशी बीजाणू	e7d6122f4af340edbf8f27047d2e9a67
7712e6b6ee524ecfae7e538cbd696759	Brucellosis	ब्रुसॅलोसिस	ब्रुसेलोसिस	40378160512f4e02ba54903d2565112e
c68757abea2e4b9ba18929013a568d06	Protected Protein / Bypass Protein	संरक्षित प्रथिन / बायपास प्रथिन	जनावोरा हाल देयनु दान / ढेप	aad519aedf194de99ec69f6b0c875b9f
d39db658a4f84b498c283945935f14ec	Bacterial Causes	जीवाणूजन्य कारणे	जिवाणू कारणे	d216aa1886db4bb49aba62d4b5a4b1ff
38eb9c078399483b94cbde039b989ec1	Non-functional Enzymes	अकार्यशील एन्झाइम्स	बिगर कार्यात्मक एन्झाईम	2d682d84b5ca4a9aad7111837caf88e1
608a012622a548d3b8ecbf49c9b33826	Germplasm	जर्मप्लाझम / आनुवंशिक द्रव्य	जंतू	65ea0622b9eb4c3cb375f062c8d84f40
3c95c51d994f4e24b891b58510c0c561	Embryo Transfer Technology (ETT)	भ्रूण हस्तांतरण तंत्रज्ञान	गोर्भ बिजाल देयनु तंत्रज्ञान	0f787470c09347028d0761af35de75e0
9ce897a960884f85a1d2b34bfda87871	Johne’s Disease	जोह्न रोग	वागुल कोअनाऱ्या जनावोराहाल ओअनारो आतडी रोग	07f0ea307e58419b97ab7ecc37458587
f9019fc904044f49a93a5561963a0391	Chhena Poda	छेना पोडा	योक खायनु पदार्थ प्रकार	20654733d22d45b69bb90cda97f61a18
be01a8d37e934510b4341ce630bb23ad	Feed Block	चारा ब्लॉक	आहार ब्लॉक	e954754731d443738fe160ee77cd981a
0980a58d09b0479e91d2389482495c5f	Brucellosis	ब्रुसेलोसिस	ब्रुसेलोसिस	253821426a604a1487ee8b3ff423fc4d
8caf74a35fb045ea8f4e820a524a21d1	Battery Brooder	बॅटरी ब्रूडलर	बॅटरी ब्रूडर	1a370ae64bfd47289e5781948e62108c
63aff6a28f0f4cf5b64ad348b5698b73	Embryo Transfer	भ्रूण हस्तांतरण	गर्भस्थानांतरण	6d984bcdc83645b48f141f3c034f0277
8317b910a3d741dca1fdfa9a2545f37e	Dissolved Oxygen	विरघळलेले ऑक्सिजन	पिगललो ऑक्सिजन	3d7195000ca24630b46ea3f40b7aabc2
91158fcd9f704dfea19ff2b3820f5b0e	Double Toned Milk	डबल टोनड दूध	दुद	8c69b4b786fc40e5b16d1c08f4173c69
ebf7f6e5a13541b0b1dfadfaf3a4db3e	Johne’s Disease	जोहेन्स आजार	बोकडा हा अने गावडाहा आतडावोय ओअनारो आजार	3efcf7be0e2548629f1e205ae5576dd9
85001c7ee84f4e4c813575ae6b016c42	Inadequate Teat Disinfection	थनाग्र स्वच्छता न करणे	अपुरो स्तनांहा निर्जंतुकीकरण	f5b35dc1031447fd8fc64535e944a3ae
db5fce6dd1694b858d2d4354e4b80905	Brooder	ब्रूडल उपकरण	बूडर	34f56f84b3d54d94a6afd3ff4c7481a9
accc92bd4b9e4175a081b9c5963fb7d7	Benefits of Aquaponics	अक्वापॉनिक्स फायदे	अक्वापोनिक्स फायदो	843cab7d770c44c08818967d806d3d18
e33345dda5094c45ac341d259c02b06e	Pesticide	कीटकनाशक	किटकनाशक	
9305c7b3bfe841428f5e9ab5e1f1af87	Mulching	आच्छादन	आच्छादन	
47caa1d1c2ac4cc18c7c8f1bfcfe91bc	Agricultural Extension	कृषी विस्तार	कृषि विस्तार	
c4c4d8c2389449ab962083828166cc23	Spinach	पालक	पालक	
c59eb30fac004106b17214e4bcc8b184	Mustard	मोहरी	रायटों	
3c18ea4423544f6a9056bb613f5585f4	Rake	दंताळे	रेक	
eb31c92d0bb64cf2adb3b1660c21f13e	Tube Well	कूपनलिका	नोलि	
cd660e5ac9d141cb86621385e0926e4e	Transpiration	बाष्पोत्सर्जन	वाफ	
db9ecd31928446289701b73e626bf5cd	Tissue Culture	उती संवर्धन	ऊतक संवर्धन	
0ae049b17afd4e2baa6b071dbb4c73ca	Market Yard	मार्केट यार्ड	बाजार	
cf7fdda2a0884925b8aca93604f8a84a	Warehouse	गोदाम	गोदाम	
48fe712c426d4c54beca3793ccf90865	Dryland Farming	कोरडवाहू शेती	कोरडवाहू खेती	
dc5be7ffa9ae4c6a838d416f41052fb5	Agrometeorology	कृषी हवामानशास्त्र	कृषि हवामानशास्त्र	
431b0d7fd6cb4ac6946007502e578289	Precision Farming	अचूक शेती	अचूक खेती	
3467ea676d7f4a8c904a97f4fdc7d4c7	Agriculture Policy	कृषी धोरण	कृषि धोरण	
46cc7431996a499481ca49e8cb3d2376	Biofertilizer	जैविक खत	जैविक खत	
1a9dd1c7c2a94b8ebc602fc7c9d75e09	Leaf Manure	पालापाचोळ्याचे खत	पानाहा खत	
6f01c0b0d2c94de7aed74fdd5afbccbb	Soil Amendment	भूसुधारक	कादू हुदरावनु	
42aef13808f34f7fb4197457de13e612	Biological Control	जैविक नियंत्रण	जैविक नियंत्रण	
cbc75f9787db4c3ab085f90dc982560e	Pheromone Trap	कामगंध सापळा	गंध सापळा	
c3b3d82560be4faba864d2d6501bfcc1	Terrace Farming	पायऱ्यांची शेती	सीढीदार खेती	
c1e7b71d63b9479cb0ab9008fef2161d	Urban Farming	शहरी शेती	शहरी खेती	
3a312b9b72d44d39b331156ddf61edab	MSP	किमान आधारभूत किंमत	किमान आधारभूत किंमत	
d56bce594f7f42b888b18ccf2f6e9b57	Food Security	अन्न सुरक्षा	अन्न सुरक्षा	
2ce2ab6adadb4a868f3488c49540835b	High Yielding Variety	अधिक उत्पादन देणारे वाण	वाद उत्पन्न देणारी जात	
e8c696476dd44f0bb2afe8db705f7a6f	GM Crops	जीएम पिके	जी.एम. पिके	
c35f3b37b4e649ad938913314164b4d8	Pearl Millet	बाजरी	बाजरी	
e7fff79227024406af1b621940bf5659	Garden Pea	वाटाणा	बटाटा	
fe7bac907bba416789c7bf141acc3fa1	Malabar Spinach	मायाळू	मलबार पालक	
80d6bce089144349b29ab3723854b0cb	Mustard Greens	मोहरीची पालेभाजी	मोहरी पालेभाजी	
cf1150d8c1f04b1ba0049c296e8ad5b5	Turnip Greens	सलगमची पालेभाजी	शलगम पालो	
083a4fcd8755495cbc1be69d7638f3e8	Amaranth Greens	राजगिरा पालेभाजी	राजगिरा पालेभाजी	
38d938191e464331872ae6b8f8c1228d	Jujube	बोर	बोरू	
1d7197f65866411980789cee34908077	Lychee	लीची	लीची	
853db14a525d42c9903bfef3242436d0	Tillage	मशागत	खेडनूं	
bb0d46139fa643f491bad8b44bdb772b	Farmyard Manure	शेणखत	सां	
f3398b98298e424d94890792676bb771	Sprinkler Irrigation	तुषार सिंचन	तुषार सिंचन	
ec1af988b6de4512bffb31566e022fd0	Cover Crops	आच्छादन पिके	आच्छादन पिके	
158516dfb0e244ee9954e94a79811d8e	Weedicide	तणनाशक	खोड मारूलो दावो	
157ca124a8164832a0a3e3e738c01485	Fruit Setting	फळधारणा	फलधारणा	
f7a570f338e54a4faeeca516ca17b5fd	Flood Tolerant Varieties	पूर सहनशील वाण	पूर सहनशील जात	
d33eadda6a894a358c03a092b60a466b	MSP (Minimum Support Price)	किमान आधारभूत किंमत	किमान आधारभूत किंमत	
f0dbc754ee6e4156987fdfc0dc53d282	Seed Drill Machine	पेरणी यंत्र	बियारो ओनुं मशीन	
826825e0cae248fea022c6fd5e9d15d9	Reaper	कापणी यंत्र	वाडनू मशीन	
183ad7802fba4c92b455dfff7801edb6	Weeder	कोळपे	खोड काढनूं	
1377c89e1ea4406096987c51833b971d	Water Harvesting	जलसंधारण	पांया संचयन	
8e8de67c1941432bb4c1960dce5c4a3e	Groundwater Recharge	भूजल पुनर्भरण	जमिनीम पाय पोरा पोडी	
2af071435e5e4a6d913b14f8066bca8e	Hybrid Seeds	संकरित बियाणे	हायबीड बियारो	
dd2d393d54524f768c5a0c541ce20774	Agroclimatic Zone	कृषी हवामान विभाग	कृषि हवामान विभाग	
3a9cc1eaae804129a53691c55d0a6f90	Green Manuring	हिरवळीचे खत	निलो खत	
30bf28bca2d8442587b27408213bad43	Farmyard Manure (FYM)	शेणखत	साण्याखत	
ad8be426d0da47fe951008c06d16f44f	Plant Hormone	वनस्पती संप्रेरक	वनस्पती संप्रेरक	
47755f199fd54ac29f662a980dd21e14	Frost Injury	तुषार इजा	हियालाकी वेनारी दुखापत	
ef834c729e2348589c5219817025de62	Mulching Film	आच्छादन फिल्म	आच्छादन फिल्म	
6fc4afe5eba045249a545dd9bd5611d8	Weedicides	तणनाशके	खोड मारूलो दावो	
c5c3bae5e8c041be86f1e04537ad1e18	Botanicals	वनस्पतीजन्य अर्क	वनस्पती	
9b8972f14c71411eb0d4fc2f86228e3e	Insect Growth Regulator (IGR)	कीटक वाढ नियंत्रक	किटक वाढ नियंत्रक	
6f4de435fb564945a7f4c079463fb075	Fumigation	धुरीकरण	धुरीकरण	
008f2206a73b46da8946cf4303f9e06d	Dehusking	टरफले काढणे	साली काडनूं	
a0242ed5d1db415a96847a99a26fbb3f	Refrigerated Storage	शीतगृह साठवणूक	फ्रिझाम थोवनु	
a47336b3a7b9466da22137d5f02a95b7	APMC (Agricultural Produce Market Comm.)	कृषी उत्पन्न बाजार समिती	कृषि उत्पन्न बाजार समिती	
15ca9267e9da4867a87ab7c03c523d2b	Cooperatives	सहकारी संस्था	सहकारी संस्था	
ec801fb3611741a1af365a4bb98a3666	Farm-to-Fork	शेतापासून ताटापर्यंत	खेतामेने ताहा ताहा	
8ef4afca8aa645deb48ca15f37a5f422	Agro-Industry	कृषी उद्योग	कृषी उद्योग	
c764812d206f4d2ba3eb85e4d90ff420	Sustainable Farming	शाश्वत शेती	शाश्वत खेती	
c98f57e3eff349a1b40685c4b9a2a52d	Vermicomposting	गांडूळ खत निर्मिती	हेवाया खत	
ff318a1b6adb4f92b10315b5743f1c07	Agro Waste	कृषी कचरा	कृषी कचरा	
f08b7903ffe14089af98b36722636582	Earthen Bund	मातीचा बांध	कादु बांध	
72cd230d93734eda8461baab5fabb34c	Drought Resistant	दुष्काळ प्रतिकारक	दुष्काळ सहनशील	
647493a3eb6949678c25c5fbf0128beb	Weather Forecasting	हवामान अंदाज	हवामान अंदाज	
9b0c597c326443aab8273d7fdbc58522	Weeding	खुरपणी	खोड काढणी	
3eb8c4f00dc3415da34c08d07bd3ffe4	Biological Control Agents	जैविक नियंत्रण घटक	जैविक नियंत्रण घटक	
1b6c56572391476d9263b25d2ad844a8	Smart Farm	स्मार्ट शेती	स्मार्ट फार्म	
b431dbd468e343d2bf1577eeb43a1d6d	Organic Manure	सेंद्रिय खत	सेंद्रिय खत	
8aec56d68308455c881324f98304c4c8	Bio-pesticides	जैविक कीटकनाशके	जैविक कीडनाशक	
d8e91f001dd242fd8de0c104f09d980e	Sustainable Farming Practices	शाश्वत शेती पद्धती	शाश्वत खेती पद्धती	
795063b6c3cc472696c8d447138afd92	Biofertilizers	जैविक खते	जैविक खत	
83636783d63643619c31bbc17db78fa8	Organic Fertilizer	सेंद्रिय खत	सेंद्रिय खत	
8ed4d2c1549b43c58d333dbd37f2a016	Agro-Entrepreneurship	कृषी उद्योजकता	कृषी उद्योजकता	
ba68b7381c2a4e71902ef5bd2573e7e0	Farmer Producer Organization (FPO)	शेतकरी उत्पादक संघटना	शेतकरी उत्पादक संघटना	
79aa2a802f1941528b240657fc94ae6a	Agricultural Subsidy	कृषी अनुदान	खेती अनुदान	
f248120c7dd2451e8199c971d94beea1	Weather Resilience	हवामान लवचिकता	हवामान लवचिकता	
394593171c9d4c1e8f96afe839968342	Organic Farming Practices	सेंद्रिय शेती पद्धती	सेंद्रिय खेती पद्धती	
81cc6e674ef54da9bbeb179e9f8fde38	Climate-Smart Farming	हवामान अनुकूल शेती	हवामान स्मार्ट खेती	
91675df32c5441699b058733f33c1373	Drip Tape	ठिबक नळी	ठिबक नळ	
53c93e86a717430d96f90468e47de8f5	Soil Sensors	मृदा संवेदक	मृदा संवेदक	
2e30fec6bc8c434d8343832ca8ddd703	Autonomous Tractors	स्वयंचलित ट्रॅक्टर	स्वयंचलित ट्रॅक्टर	
4e876b9c7e47425696d9d321c142ff13	Agricultural Biotechnology	कृषी जैवतंत्रज्ञान	कृषी जैवतंत्रज्ञान	
ab7345b6980445649a432a69c23685ee	Integrated Farming Systems	एकात्मिक शेती पद्धती	एकात्मिक खेती पद्धती	
14aa477363b046b8bc0e77278efc6f07	Greenhouse Gas Emissions	हरितगृह वायू उत्सर्जन	हरितगृह वायू उत्सर्जन	
eb94e8fa7e4843e994d349da023d0899	Pest Infestation	कीड प्रादुर्भाव	किडींही प्रादुर्भाव	
595ce6c635594cf49efbb98f8e1680fe	Agro-Technology	कृषी तंत्रज्ञान	कृषी तंत्रज्ञान	
155b5917fea94543af91ca4fe502b38e	Crop Loss	पीक नुकसान	पिका नुकसान	
5d24606bd2314fe4a7cb88497784dcb7	Tractors	ट्रॅक्टर	ट्रॅक्टर	
02b0ee740e764e24b496881f5f098545	Irrigation Pumps	सिंचन पंप	सिंचन पंप	
94c5be1fa740453daceac0d87c8ba9cc	Soil Moisture Sensors	मृदा आर्द्रता संवेदक	मृदा आर्द्रता सेन्सर	
fd673daa30594ad08eb28c0da9de07f3	Farm-to-table	शेतापासून ताटापर्यंत	खेतामेने ताटे हुग	
15ac6d5f093149c285ad7003b0617c94	Salt Tolerance	क्षार सहनशीलता	क्षार सहनशीलता	
b5302a9b3b554fe99048525fc2d2fd9f	Worm Farming	गांडूळ पालन	हेवालो खेती	
7e08b8dba5354b0697bd8025a3f3c667	Farm Inputs	कृषी निविष्ठा	खेती निविष्ठा	
1c290b615af64f88af3f32e8e63b3c8f	Fertilizer Spreaders	खत पसरणी यंत्रे	खत पोरावनू यंत्र	
bf4097a3009c4566a58a918bc99d2584	Mulching Machines	आच्छादन यंत्रे	आच्छादन यंत्र	
dd3aa9100a634093abb0facde32ab7cc	Manure Management	खत व्यवस्थापन	खत व्यवस्थापन	
5cd76b0118a849178cfb51381ad48dc0	Agrochemical Use	कृषी रसायनांचा वापर	खेती रासायनिक वापर	
bfc5481e282f462fb561e898cc8d275f	Fertilizer Use	खतांचा वापर	खत वापर	
331ebb0ac259496198f95945be63bd04	Agricultural Inputs	कृषी निविष्ठा	खेती निविष्ठा	
7d0e18f089d348f19aaf11b70a00b7d3	Agricultural Entrepreneurship	कृषी उद्योजकता	खेती उद्योजकता	
9f1d2863de40497883682ebce80a1bcf	Agricultural Waste Management	कृषी कचरा व्यवस्थापन	कृषि कचरा व्यवस्थापन	
5716a878d8474de9b38e7ea58b641c62	Crop Rotation Practices	पीक फेरपालट पद्धती	पिक फेरपालट पद्धती	
0737ce9965de464980562cd10f6afde3	Soil Pollution	मृदा प्रदूषण	मृदा प्रदूषण	
829b0c58fd2f4cb8a491aa3859d06c14	Eco-friendly Farming	पर्यावरणपूरक शेती	पर्यावरणपूरक खेती	
1623cc3ba7b248a5921e07ea362d7686	Livestock Diseases Prevention	पशुधन रोग प्रतिबंध	जनावराहा रोग प्रतिबंध	
1581951518664cf89972b1418a5e232b	Agriculture Subsidy	कृषी अनुदान	खेती अनुदान	
6686fecdbaae4083814365ac7f4c3601	Agricultural Inputs Management	कृषी निविष्ठा व्यवस्थापन	खेती निविष्ठा व्यवस्थापन	
3da07d1921314927af0aabf6ac0f279a	Agricultural Supply Chain	कृषी पुरवठा साखळी	खेती पुरवठा साखळी	
450a3a3d36504d60a92727c5030e8a0e	Crop Yield Prediction	पीक उत्पादन अंदाज	पिकांहा उत्पन्न अंदाज	
444ee17c15ba4518bce5db98f1419518	Agroprocessing	कृषी प्रक्रिया	कृषी प्रक्रिया	
f181ef8f56f94aada63d92719577f7d4	Smart Farming	स्मार्ट शेती	स्मार्ट खेती	
624b414eb4c24cc19a70ab3e8134c698	Agricultural Research Institutes	कृषी संशोधन संस्था	कृषि संशोधन संस्था	
2ebb302bb2434f40aec632dc37ef0bb7	Agrochemical Residues	कृषी रसायनांचे अवशेष	खेती रासायनिक अवशेष	
c13b92c4087040269606a268235a7b05	Livestock Reproduction	पशुप्रजनन	जनावराहा प्रजनन	
3f5de0e0a9234523a0858e2525b3bb40	Agroprocessing Technology	कृषी प्रक्रिया तंत्रज्ञान	कृषि प्रक्रिया तंत्रज्ञान	
7d5217798fec4256846b929701d93912	Crop Monitoring Technology	पीक निरीक्षण तंत्रज्ञान	पीक निरीक्षण तंत्रज्ञान	
425ab1db559f4499ab4e2a3d52d230c7	Agro-tourism	कृषी पर्यटन	कृषी पर्यटन	
fe7ce87109994584a440664db8ee3e36	Agricultural Extension Services	कृषी विस्तार सेवा	कृषी विस्तार सेवा	
b185fa97fe834856a1e739f3b9970801	Water Conservation Practices	जलसंधारण पद्धती	पांया संवर्धन पद्धती	
121c72903ef94b5bab6c4f3f42dd2003	Organic Fertilizer Use	सेंद्रिय खत वापर	सेंद्रिय खत वापर	
18a5dcad6c724b3bb1b2c4701a6fe788	Fertilizer Use Efficiency	खत वापर कार्यक्षमता	खत वापरुलो कार्यक्षमता	
7218f912f47c4f1f939fe993ec4101d8	Food Security Management	अन्न सुरक्षा व्यवस्थापन	अन्न सुरक्षा व्यवस्थापन	
af8b13155ffd4b5cbcd20957b6146671	Crop Management Systems	पीक व्यवस्थापन प्रणाली	पीक व्यवस्थापन प्रणाली	
7e2bccc51a294e90aa6333900d627fb8	Irrigation Practices	सिंचन पद्धती	सिंचन पद्धती	
3e8a574d709d4075ad48de3465a06417	Climate-Resilient Farming	हवामान अनुकूल शेती	हवामान अनुकूल खेती	
c7d0a647a4d74a15ab5b5693ea75f969	Irrigation Technology	सिंचन तंत्रज्ञान	सिंचन तंत्रज्ञान	
e1b382e3b69a47d68fd48f1353cd0340	Crop Protection Practices	पीक संरक्षण पद्धती	पिक संरक्षण पद्धती	
f56fc38ab34649808ec1a45ac7a7b0d3	Rainfed Agriculture	कोरडवाहू शेती	कोरडवाहू खेती	
b6d5f56891bd47c38239417902f69363	Plant Hormones	वनस्पती संप्रेरके	वनस्पती संप्रेरक	
b138467add7b4389873af231a5d584a7	Agribusiness	कृषी व्यवसाय	खेती व्यवसाय	
13f3116fd3ef4142acaed1ca7cd2e33d	Agroecological Zone	कृषी पर्यावरणीय क्षेत्र	कृषि पर्यावरण क्षेत्र	
389e41c1e9944dc8ac053a91de899805	Medicinal Plants	औषधी वनस्पती	औषधी वनस्पती	
5e2c36ab22c84166bf9f0a5968779c69	Aromatic Plants	सुगंधी वनस्पती	सुगंधी वनस्पती	
fdd3a207ac334171acb27cd0c73ff39b	Parasitoid	परोपजीवी	परजीवी	
1ef35ed734cc408a82dd61fb924b9412	NDVI (Normalized Difference Vegetation Index)	एन.डी.व्ही.आय. (नॉर्मलाईज्ड डिफरन्स व्हेजिटेशन इंडेक्स)	एन.डी.व्ही.आय. (नॉर्मलाईज्ड डिफरन्स व्हेजिटेशन इंडेक्स)	
16c5fff79be8428482466cc0f82e5b81	e-NAM (National Agriculture Market)	ई-नाम (राष्ट्रीय कृषी बाजार)	ई-नाम	
54d5f7f2c87045ed9df36e60b0daa1e2	Rainfed Farming	कोरडवाहू शेती	कोरडवाहू खेती	
83986af25d9941ad8426353c9fa296e4	Seed Processing	बियाणे प्रक्रिया	बियारा प्रक्रिया	
bca3a01528504621a4f381ad4703ba66	Natural Enemy	नैसर्गिक शत्रू	नैसर्गिक शत्रू	
1e024e1667ac4a4a802e29f0a69c9214	Pigeonpea	तूर	तुव्या	
9c7b3fe69fcb40eda3c051e1611644aa	Okra	भेंडी	पेंडे	
6ed96f5cbb1c4574ab4629ebb75203f2	Orange	संत्रा	संत्रा	
18d0ee6542764319911234bfe0191ed9	Sweet Lime	मोसंबी	मोसंबी	
fe2639e8fed946c9a50de83c07f67a56	Lemon	लिंबू	निंबवे	
77f7a983cf5f48499507851eca44c59d	Extension Services	विस्तार सेवा	विस्तार सेवा	
e273356172a74f6b920c31b45d23ef21	Agro Input	कृषी निविष्ठा	कृषी निविष्ठा	
ccc58f38a6df432ca0320e1e25d78fa9	Sprout	फुटवा	फुटवो	
6c48d47675dc4eeaa75aa16f18492862	Tuber	कंद	कांद	
0a59af00864c4c139eaed997092eeab1	Seed Vigour	बीज जोम	बियारा जोम	
6aa9b1b3cafc4e249417100e21ab5a65	Integrated Pest Mgmt	एकात्मिक कीड व्यवस्थापन	एकात्मिक किड व्यवस्थापन	
953f518bc6ac42d987952a49fc49bed4	Integrated Nutrient Mgmt	एकात्मिक अन्नद्रव्य व्यवस्थापन	एकात्मिक अन्नद्रव्य व्यवस्थापन	
bb42d8b77af2447694e52ce3e9b1aa29	Reaping Machine	कापणी यंत्र	वाडनूं मशीन	
f6c84a30ed5d4173833144c8dd9a6298	Microirrigation	सूक्ष्म सिंचन	सुक्ष्म सिंचन	
c30c185cca044625b6c4c2915ee2c184	Thermal Tolerance	उष्णता सहनशीलता	उष्णता सहनशीलता	
4f96dc5c0b1c42dd947b63fc64c55a62	Siltation	गाळ साचणे	गाळ साठवण	
39956ca0ddf547d6819a4c12268bf363	Drought Tolerance	दुष्काळ सहनशीलता	दुष्काळ सहनशीलता	
5456525889454e65bca6c2af51ba35cf	Hybridization	संकरीकरण	संकर	
0e08253cb2ee475499cf1eace1a5b44a	Manuring	खत देणे	खत	
8edd63d3ed0a4d31ab878d62d497f058	Soil Conditioner	भूसुधारक	मृदा सुधारक	
30e05325b56b417e95b68b3d3a16cf1c	Green Manure Crops	हिरवळीच्या खताची पिके	निलो खत पिक	
72817ffdd3ab425aaa923c68364e6879	Permaculture	पर्माकल्चर	परमाकल्चर	
f294355456ed41c98c692eb3cf9f28dc	Agrochemicals Residues	कृषी रसायनांचे अवशेष	कृषी रसायनांहा अवशेष	
45d6d96eb68747ce84e16ddb75ffdf82	Synthetic Fertilizers	रासायनिक खते	सिंथेटिक खते	
7f48ab84890149cab4ffe9eccabe620d	Greenhouse Gases	हरितगृह वायू	हरितगृह वायू	
fb373411a41247ae87faef39a08e132d	Precision Irrigation Systems	अचूक सिंचन प्रणाली	अचूक सिंचन प्रणाली	
20f26ed6e41441ac93ce4c86a1411897	Smart Farming Technology	स्मार्ट शेती तंत्रज्ञान	स्मार्ट खेती तंत्रज्ञान	
79ae44a4de394a96bf97c1532c51d04c	Biotic Factors	जैविक घटक	जैविक घटक	
29037d75663d4030ac8b66e74d72a504	Residue-free Production	अवशेषमुक्त उत्पादन	अवशेष मुक्त उत्पादन	
6cc6a98dbde54a8ebe5bfa676a7fc698	Crop-cutting Experiment	पीक कापणी प्रयोग	पीक कातरुला प्रयोग	
a96d6f675de84f8d9660adadef752b6e	Irrigation Scheduling Tool	सिंचन वेळापत्रक साधन	सिंचन वेळापत्रक साधन	
946e02c6654c4341ae936fc743b109d3	Intercropping Benefits	आंतरपिकाचे फायदे	आंतरपीक लावणू फायदो	
3350b1c51b204b73b4890a882462bae2	Rain-fed Horticulture	कोरडवाहू फळबाग	कोरडवाहू फळबाग	
902e91811e574a58926ce966d76bb41d	Drip Fertigation System	ठिबक फर्टिगेशन प्रणाली	ठिबक सिंचन प्रणाली	
f905169a6dfd4c8cb20d1687d761a380	Soil Microfauna Diversity	मृदा सूक्ष्मजीव विविधता	मृदा सूक्ष्मजीव विविधता	
52fe57cd37b0467f9565040323c7d307	Pulse Crop	कडधान्य पीक	डाळीवर्गीय पीक	
c567b8ec2fff4d6c895de82f6f310aef	Biological Control Agent	जैविक नियंत्रण घटक	जैविक नियंत्रण घटक	
3e49143bfe0c4afc8af5a3cf6328e993	Spacing Interval	अंतर	अंतर	
ce02272c2cc54905aed9e83340fce0a9	Salt Affected Soil	क्षारपड जमीन	खारट जमीन	
7edb30cc99374b5985ef8b1cddecac59	Rain-fed Cultivation	कोरडवाहू शेती	कोरडवाहू खेती	
7a3905ce50414a94baa40490dc1515fb	Honey Bee Colony	मधमाशी वसाहत	मदामाखी	
5bf381c376a84584b003ee6332f59fd9	Young Plant	कोवळे रोप	कोवलो चाडवो	
228b6769fb1c45269a026d79701de87e	Row Spacing	दोन ओळींतील अंतर	रो स्पेसिं	
71c77a004ec5444284386f76bb36d082	Organic Matter Buildup	सेंद्रिय पदार्थ संचयन	सेंद्रिय पदार्थ संचयन	
4f1786fd869f4f7d9887b92b477b257e	Rainfed Condition	कोरडवाहू परिस्थिती	कोरडवाहू परिस्थिती	
79b322b80bb14de48b4a53d7d6aa740a	Vermicompost Bin	गांडूळ खत टाकी	गांडूळ खत संच	
aea87c53d9c249f1b4720d2baecf123f	Oilseed Extraction	तेलबिया गाळप	तेल बियाणे काढणी	
9affbd6cac4b487d891bab93581a4187	Digital Soil Mapping	डिजिटल मृदा नकाशा	डिजिटल मृद नकाशा	
c8aaa7940b594ab6891672d05f451b0b	Forage Yield	चारा उत्पादन	चारा उत्पादन	
ee46a111ea7b4786bd6e6995a3270be0	Micronutrient Spray	सूक्ष्म अन्नद्रव्य फवारणी	सूक्ष्म अन्नद्रव्य फवारणी	
7edc59fb1bd44be291d6eef284759395	Agro-meteorology	कृषी हवामानशास्त्र	कृषी हवामानशास्त्र	
355e50f850474cbfb28da847ef539bb9	Crop Residue Mulching	पीक अवशेष आच्छादन	पिकाहां अवशेष आच्छादन	
b6afe69f3e364f50afeee2a04023afad	Drought-tolerant Cultivar	दुष्काळ सहनशील वाण	दुष्काळ सहन केनारी जात	
d07631450de84c00b4c54cf1ef3082f4	Root Elongation	मुळांची वाढ	मुळ लांबो	
3f690d99993e4ceabe45cd5289c43606	Ripening Index	पक्वता निर्देशांक	पाकेहे तोवे देखाणारे गुण	
c829e5798a664d4686eab2806b69f124	Short Duration Variety	कमी कालावधीची जात	कोमी दिहाम आवणारी जात	
365e15c31e58400b9f3209abe2d2fc39	Sloping Land Farming	उतारावरील शेती	उतारावने खेतू खेती	
e8dbf783ed9048cf94e4682b790488ae	Earthing Crack	जमिनीतील भेगा	कादु फुटलो	
4955b99d9f9e4a2a83c4f50b84b30c4e	Nitrogen Immobilization	नत्र स्थिरीभवन	नत्र स्थिर केनू	
cf67053e5e2c42f2939d25d41b9eed5c	Agro-input Dealer	कृषी निविष्ठा विक्रेता	कृषी निविष्ठा वेचनारो	
330f4e855eda44109398f503ab983171	Water Retention Structure	जलसंधारण रचना	पांय थोवनू साठवणूक	
e442f169a71a49698052e32d78476383	Crop Protection Technology	पीक संरक्षण तंत्रज्ञान	पीक संरक्षण तंत्रज्ञान	
666ee40bdfaa4dafb044a36e2355c3d8	Biopesticides	जैविक कीटकनाशके	जैविक कीडनाशक	
bb5f958dc2e14de78b9b231f86709b78	Sustainable Agricultural Systems	शाश्वत कृषी प्रणाली	शाश्वत खेती पद्धती	
47c8afdee49247a1a8ea2faf9c1fc967	Sustainable Farming Methods	शाश्वत शेती पद्धती	शाश्वत खेती पद्धती	
b910479b41f24e2a82dc5e71f1e53402	Agriculture Export	कृषी निर्यात	खेती माल	
5f9d82205c5d483a93246ce699ed0edf	Crop Improvement	पीक सुधारणा	पिकांहा हुदरावुनु	
2a4a8b5058734b93ad76f381a014006a	Organic Production	सेंद्रिय उत्पादन	सेंद्रिय उत्पादन	
836970ed8bf54d7685c47a3f8521a3f8	Agro-waste Management	कृषी अवशेष व्यवस्थापन	कृषी कचरा व्यवस्थापन	
fdbd105fcf8b49cfb3ab7ac889242365	Vertical Farming Technology	उभी शेती तंत्रज्ञान	उभी खेती तंत्रज्ञान	
c109a336b00c4b6eb404aaf5a6b9b221	Water-saving Technologies	पाणी बचत तंत्रज्ञान	पांय वाचवुनूं तंत्रज्ञान	
f49f0b47bca24735b2d65d21b16271f7	Green Farming	हरित शेती	निलो खेती	
4b0badde9f3c416692e3d1a1974223f6	Digital Farming Tools	डिजिटल शेती साधने	डिजिटल खेती औजारे	
7fd6849aa5ef4f83bfaf632bce21c09c	Agricultural Finance	कृषी वित्तपुरवठा	खेती वित्त	
642a11fb76964893854e6690dcf9ac61	Agro-education	कृषी शिक्षण	कृषी शिक्षण	
406a5e1736564ec5ba9cb6628b497dbe	Staking	आधार देणे	स्टेकिंग	
2181fb83ca58433e98b1090ac2eef4d1	Sustainable Cropping Systems	शाश्वत पीक पद्धती	शाश्वत पीक पद्धती	
4dca14dcd7bb4c20bb0936eb7006fd94	Biological Fertilizers	जैविक खते	जैविक खत	
e5f70012d9e04504819365e66cb1440d	Micro-irrigation	सूक्ष्म सिंचन	सुक्ष्म सिंचन	
d3cb50e1171b498fb4b8afb8c600a7f6	Cover Mulching	आच्छादन	आच्छादन	
d0890b6991dc47b1a56ef436c500a90c	Trickle Irrigation	ठिबक सिंचन	ट्रीकल सिंचन	
d0e2a67a5a6240cabf691322e687b270	Manure	सेंद्रिय खत	खत	
912591ecb5814c369bf291d83fd59721	Thermal Stress	उष्णतेचा ताण	उष्णता ताण	
1bc3bf55f3b749308f38c212f4bd8513	Cropping Intensity	पीक सघनता	पीक लागवड तीव्रता	
fa5b3353a49547c48b43de06602da646	Variable Rate Technology	बदलता दर तंत्रज्ञान	बदलतो दर तंत्रज्ञान	
b09708f50ee94bdba71850c4da832a1c	Rhizome	कंद	कांद	
0253bfa7ba0d49389948fb59d89752ec	Chip Budding	चिप बडिंग	चिप बडिंग	
fb57d52ae4b84c5086a9d2e7925d6ccb	Tank Mixing	टँक मिक्सिंग	टाकी मिश्रण	
471d1d589b7d40f88ec94f9333270dbe	Epicotyl	इपिकोटिल	एपीकोटील	
1ee3e79741c847d1a34b252412632870	Forage	चारा	चारा	
0c25baf7d0b9448f9ec5251acab754af	Conservation Farming	संवर्धन शेती	संरक्षण खेती	
6fb8d5bff03c4a9894062dad8f112c99	Climate Resilience Farming	हवामान अनुकूल शेती	हवामान लवचिक खेती	
43ef5c1fe7a54c0ab5776f62941142c1	Drip Irrigation Systems	ठिबक सिंचन प्रणाली	ठिबक सिंचन प्रणाली	
366b1b30f45d4a379d9333718716e22a	Soil Testing Laboratory	मृदा परीक्षण प्रयोगशाळा	मृदा परीक्षण प्रयोगशाळा	
42eef1db30674d75a0864289fd08c85e	Pollinator Management	परागीभवन व्यवस्थापन	परागीकरण व्यवस्थापन	
b3fe96f3bcc14308adec2955b5058bc9	Food Security Strategies	अन्न सुरक्षा धोरणे	अन्न सुरक्षा धोरणे	
2997030a4ddd49b78246ed735f647d7c	Tillage Practices	मशागत पद्धती	मशागत पद्धती	
b719928a2d4445e7935af88f41567086	Farm to Table	शेतापासून ताटापर्यंत	खेतामेने ताटे हुग	
40f122738e5149fd984e216f436f799c	Agricultural Drones	कृषी ड्रोन	कृषी ड्रोन	
837da55f2f6b4a20bcbea16ef052ae28	Cattle Farming	गोपालन	गावडे पालन	
56824c9a8eec4f1baca8c2349ba58af2	Pest-resistant Varieties	कीड प्रतिकारक जाती	किड प्रतिरोधी जाती	
df24b6b8145e49beab8bfa0c405d674b	Agro-chemicals	कृषी रसायने	कृषी रसायन	
83ee150770764e50b04e4b72a4ec9662	Biological Pest Suppression	जैविक कीड नियंत्रण	जैविक किड नियंत्रण	
0f7fd5cd7d094d50b1996b4792172597	Leaf Curling	पाने गुंडाळणे	पाने वाकडों	
a38f341ca4ae41f5860393640e67fc19	Tilling Depth	मशागतीची खोली	खेडनू खोली	
79ea385df60742f79143bcd1239545b5	Husk Removal	टरफले काढणे	सोत्रो काडनूं	
e4a031909cdd44cf8c7d24eb76f6ee19	Saltwater Intrusion	खाऱ्या पाण्याचा शिरकाव	खारो पांय घुसखोरी	
d14d17233c2645619e5ffcf4e7104550	Deep Tillage	खोल नांगरणी	खोल नांगरणी	
78e807ccccb34d77bc6a6d0786a074b7	Spray Scheduling	फवारणी वेळापत्रक	फवारणी वेळापत्रक	
d6f37f2ab0644683a0b5909aac995e60	Maturity Indices	पक्वता निर्देशांक	पाका सूचकांक	
8c3e3519d3614712a526aaf26efa1c5f	Biological Indicator	जैविक संकेतक	जैविक संकेतक	
549943bb84e540608a242e234c31fcfd	Surface Irrigation	भूपृष्ठीय सिंचन	जमिनीवेने पाणी देवनूं	
435977a004244df492ae9e46b3a53860	Hydroponics System	हायड्रोपोनिक्स प्रणाली	हायड्रोपोनिक्स प्रणाली	
f3238ed703d64dff968887a2bc163155	Fodder Crops	चारा पिके	चारा पिके	
4b6445e647d44ffc966133f94191c0ba	Deep Plowing	खोल नांगरणी	खोल नांगरणी	
b1d797b8111c4534bf8f7abd0fb6c86a	Blast	करपा	स्फोट	
49257870c6534cc79dca763fc798182e	Tomato Leaf Curl Virus	टोमॅटो लीफ कर्ल विषाणू	टोमॅटो पान वाकडों केनारो रोग	
d9cce47e10c547a688754746154d5816	Star Fruit Leaf Spot	स्टार फ्रूटवरील पानांवरील ठिपके	स्टार फ्रुटावने पानावेने टिपके	
c6bc758db0e3477ea04a5c8aceec109b	Plant Diseases	वनस्पती रोग	वनस्पती रोग	
36570df28fd642e08ebb6312bdd0e9d8	Livestock Diseases	जनावरांचे रोग	जनावराहा रोग	
052598962e0c40f78eb48176fdb3e6b7	Rust Disease	तांबेरा रोग	जंग रोग	
b2372231fdfc4ab89b39a6419ab880aa	Smut Disease	काणी रोग	रोग	
b020615642b84aaba5287ba0d97fd980	Wilt Disease	मर रोग	मर रोग	
1540a70c1dee4d6092870e7b07bf7156	Helicoverpa Armigera	हेलिकोव्हर्पा आर्मीजेरा	हेलीकोव्हरपा आर्मिगेरा	
9a8420a864ff465c8c2958fb68800843	Sucking Pest	रस शोषणारी कीड	रस चुहनारी किडी	
d32091717ff24e51aaf0461179c7ba1d	Fungal Disease	बुरशीजन्य रोग	बुरशीजन्य रोग	
2d0133605db04f3e98cc09e9f80fbfd4	Herbivorous Pest	पाने खाणारी कीड	पान खानारी कीड	
4b7b6e1a2b6f4349bbe187789c6269c8	Damping-off Disease	रोप कोलमडणे	डॅम्पिंग ऑफ रोग	
aa92191b42d14df787a762a570445730	Zoonotic Disease	झुनोटिक रोग	जनावराहा रोग	
35208246fe174f8f8e84aef2c80fcef1	Rust (Disease)	तांबेरा	तांबेरा	
1783d78f58424957b33db893113ab912	Mealybug	पिठ्या ढेकूण	पिठ्या ढेकूण	
8131d84ea4ff43379773ddcc1dfd8ed1	Late Blight	उशिरा येणारा करपा	करपा	
4bd65d09dffd4a079a1adaeff7f2bc35	Snake Gourd	पडवळ	दुद्ये /दुधी	
8988433378824fb69a294067047f0b83	Quinoa	क्विनोआ	क्विनोआ	
2af3b90ce7ca46d38f4ab95adbfe2a89	Grain Amaranth	राजगिरा	मांटलों	
f7f16b42b4c74faf819d0749d2cdebb1	Oat	ओट	ओट	
ea736d44fe464820b19ca315efe6bf55	Tetraploid Cotton	चतुर्गुणित कापूस	टेट्राप्लोइड कपाशी	
eb09a01ce6b44518a56e75cac53818e6	Jamun	जांभूळ	जांम्बें	
397320ccb6c4473cb60ec6ec03a12c0e	Karvand	करवंद	कोंन्डे	
0c8d7eac4b774e0f82c00d98e832df9b	Bakul	बकुळ	बकुळ	
19731067f47949bf916ce84b7ff8bbaa	Karanj	करंज	कोअंजो	
20da52057888465c97172a3e0397b3e4	Kewda	केवडा	केवडा	
f75ad15c85ab4cbaa8ff350a63ad82f3	Shatavari	शतावरी	शतावरी	
f2c3530c24fc4eadb5dc2659888d0b5b	Rapeseed	रेपसीड	रेपसीड	
d94cc698f1094ab29dd596cd848123fc	Greater Yam	गोराडू	ग्रेटर यम	
df8ef46b31ab483aac60ab2a1df6c0f8	Urdbean	उडीद	उरद	
d3e60e31dda947d4b31b98a717063d60	Cloves	लवंग	लौंग	
d4618b7fb989406d98757620c8e7df98	Fennel	बडीशेप	सोप	
4b9c8226bd4f4dae92c3fa6b56777658	Sugar Beet	शुगर बीट	हाकरी	
fa6a978d4fab4400b3f85d14f27487eb	Khair	खैर	काटी	
b3d0f59fdd11447a94c0fd8ecd9ce7c2	Diploid Cotton	द्विगुणित कापूस	द्विगुणित कपाशी	
aa9503fba54449c9905e3085f0000866	Guarseed; Cluster Bean	गवार	गोरवाया	
534ff35a5fd54f899113e830dadeb7cc	Long Melon	वाळूक	लांबे तोंहें	
21c524feda5a4c5e83a75343fd3ef0ae	Leafhoppers	तुडतुडे	तुडतुडे	
1c331713c05b492a977b4a3414782def	Mixed Diet	मिश्र आहार	मिश्रित आहार	
9b63c80277584f9990e35d410da972b4	Gunny Bag	गोणी	खोतलो	
df82ead8f63848758104bafb7e8b5579	racks	रॅक	रॅक	
69fc33b07b7c4364b291daccf435cb17	Fodder Cutting	चारा कुट्टी	चारा कातरुलो	
1b051d5b891c4dc08e8946926df38189	molasses	मळी	गुळ	
ac0c3abd86374ef8aef06d54280adc55	Bypass Fat	बायपास फॅट	बायपास फॅट	
c15ccdf7108a4e99ae8df191f25bdc20	Bypass Protein	बायपास प्रथिने	बायपास प्रथिने	
00931726f5c7497b812c39a079291528	Chopped Fodder	कुट्टी केलेला चारा	कापलो चारो	
b235c4f2e4b44b9590228c94615f217a	gram	ग्रॅम	ग्राम	
09ee31774d76470eaf891f2d33398bbe	bran	कोंडा	कोंडा	
450d4c83288d43b5bd161c1ff002ab61	ratio	प्रमाण	प्रमाण	
d25c3b848a53456d9d8614c518b6c7a9	Reproductive Cycle	प्रजनन चक्र	प्रजनन चक्र	
713303a32f094632b0d0bc4266ca8eff	suji	रवा	सूजी	
d11262584a2c429b89765fa946d7bb63	Gram Flour	बेसन	चाना पावडर	
5128c918a5f949a982a6023af4f88a32	Marek's Disease	मारेक्स रोग	मारेक रोग	
cf1b36f91d8843a8be483a96dbc4bbcd	nest	घरटे	पांजो	
86e560e97a224dc7b41f91412debe991	Dog Rearing	श्वान पालन	कुत्र्या पालन	
eb8c0fa6e6774be3924bc8aeb2efd177	Sick Livestock	आजारी जनावरे	बिमार जनावर	
e7257b4f5a2947b6ba028323c2291132	Rough Hair	राठ केस	खुरदरा केस	
364a0c17e2f24320a823f614bdc727b3	walking	चालणे	चालनूं	
6cdb35f5238b4aba91d5e48e5e2fbc88	Cold Water	थंड पाणी	थंड पांय	
cc98169f5c244459a87b7e44740013fd	blisters	फोड	फोडा	
3593217cfc5745efb5e89b95ca8fb55b	pox	देवी	फोडा	
ae641510090440d4826218be824b1d01	Loss of Appetite	भूक मंदावणे	भूक नाहा लागती	
f8db13851c7d4dafa859f88cea5308b1	feeding	खाद्य देणे	खावणू	
70c51b128b1d4e968bf382ebf9050811	pond	तलाव	तलाव	
2eb804d1bc2144bfa7e8915dc73d5520	Johne's Disease	जोन्स रोग	जॉन्स डिसीज	
273a17e74f1b4c98904ac0aa2ecd65fa	Swine Fever	स्वाईन फिव्हर	स्वाइन फीव्हर	
6f21a24c9cd340aa866c304a5a02d5c2	Salt Deficiency	क्षारांची कमतरता	क्षारांहा कमी	
85ca1ac760d44037b40d015447bc26f5	Salt Lick	चाटण वीट	खारो	
da516be1ba92422da640f0dd05221c79	bacteria	जिवाणू	जिवाणू	
8df0dce01b124188ab888887f092081d	Milking Hygiene	दूध काढतानाची स्वच्छता	दुध काढनू स्वच्छता	
11ce765b61584616b337b9d3ea3747d6	Teat Injuries	सडाच्या जखमा	आवाळो जखम	
f3f79f3cea77431f9cfaea717666a777	cracks	भेगा	फुट	
5664cb28e870468397df30ff79f0778c	Veterinary Consultation	पशुवैद्यकीय सल्ला	पशुवैद्यकीय सल्ला	
239b35633f9e439bbae8e41dc3e3633c	etiology	रोगाचे कारण	रोगु कारण	
88d7a8f68853464eaa70ed5c5f78f42b	immunosuppression	रोगप्रतिकारक शक्ती कमी होणे	रोगप्रतिकारक शक्ती कमी केनू	
49ed9a9db4504e1da4d8cde534b04021	infertility	वंध्यत्व	वंध्यत्व	
87b94592a2be4bbbb2a5765675aba985	anoestrus	माजावर न येणे	माजावने	
5dacb4a3d59949a89bb8a70bd5285c8b	Signs of Infertility	वंध्यत्वाची लक्षणे	वंध्यत्व लक्षणे	
671781a877a841429f5f62b7c30d2f52	metritis	गर्भाशयदाह	गर्भाशयशोथ	
52ad200daec54de5b3c9fa2170da5785	Causes of Abortion	गर्भपाताची कारणे	गर्भपात केरुलो कारण	
8a90ff07b1c7453aaccd01e88cd9a326	Prevention of Abortion	गर्भपात प्रतिबंध	गर्भपात प्रतिबंध	
6c9e64dc2535405e95007a748ab8e5fd	Male Reproductive Disorders	नर प्रजनन विकार	पुरुषांहा प्रजनन विकार	
2a626412064c4fd89cfa42bea36a87ca	Postpartum Care	प्रसूतीपश्चात काळजी	प्रसूती पछे काळजी	
2482ecf5bd024327a20ad30180eaedb9	Skin Diseases	त्वचा रोग	चामडी रोग	
1e1bd333cec147d78f1c9838a9609514	Metabolic Dermatoses	चयापचयात्मक त्वचा रोग	चयापचयात्मक त्वचा रोग	
17ed76fc2f1e46b2ae3c182a0d408607	Immune-mediated Skin Diseases	रोगप्रतिकारक्षमतेशी संबंधित त्वचा रोग	रोगप्रतिकारक शक्तीम देखायनाऱ्या त्वचा रोग	
5b0e55b0af3a4af28325b6916e67d399	Neoplastic Skin Diseases	निओप्लास्टिक त्वचा रोग	नियोप्लास्टिक त्वचा रोग	
8b0100c526324e188d86bffd77b27ffa	Environmental Dermatoses	पर्यावरणीय त्वचा रोग	वातावरणाकी वेनारा त्वचा रोग	
bc2866534ce940b3ae67eaa8c50046e3	physical	शारीरिक	शारीरिक	
8c3cbba29ec2459fa6e58d8020180a4f	Dermatological Examination	त्वचा तपासणी	त्वचा तपासणी	
3aa9e96d69e9401abebf3653b446c892	Cotton Bandages	सुती पट्ट्या	कापसा पट्ट्या	
785d660166c84894b30ede81cad28ead	rope	दोरी	दोरी	
8226812f4a31423a8cc78159ccc3245c	stick	काठी	काठी	
539988d58e8843e7811b0adbbb17c86c	indigestion	अपचन	अपचन	
7ec5470d65464068bf1580fd25ac596a	Hoof Infection	खुराचा संसर्ग	खूरी दुखापत	
2001280c163c4849a15ded443081cf4a	anaemia	रक्तक्षय	रक्तक्षय	
a7a28bcf393b4b3db0a3a0a739d9e289	New Animals	नवीन जनावरे	नवा जनावर	
e303f138933b455c996ba54204292f07	Breed Association Society	प्रजाती संघटना संस्था	जाती संघटना संस्था	
c1cfe97771d14f8f9bd4f644de54d9b0	Water	पाणी	पांय	
5705ef0ef844475281407978c83ed237	Leaf	पान	पाने	
1f0cc65f939f40a58edc736dd7735c7b	Plant	रोप	चाडवो	
dd9a743cbe59409ca2103b9c0c68233c	Control	नियंत्रण	नियंत्रण	
289605adbbfa4b0284b2fa06eda54791	Feed	खाद्य	खाऊलो	
e93343d0bdb2426b8f77a125e0088ff3	Farm	शेत	खेती	
2320a01365eb47978b3fd1cceb72ff78	Root	मूळ	मुळ	
113f0e56e66a4ac285ef0e7f3abf5bba	Fruit	फळ	फळ	
5af30128e1f243a88f771924ef9b87fc	Rot	कुज	रोट	
ee92ca91570a4c0ca2e68ddf51b10f6c	Land	जमीन	जमीन	
ee1cc909d5fa48038dfe1e270e47fbc7	Borer	पोखरणारी अळी	किडो	
84a2670154be429cb6213d5e104955c4	Season	हंगाम	हंगाम	
4622709295a045369fa530de658ff8da	Mulch	आच्छादन	आच्छादन	
e3be22bcfb874b14b68ce98fed899b9d	Erosion	धूप	धुप	
ace3bce7010b43948a56f966cb43b23f	Resistance	प्रतिकार	प्रतिकार	
ebb9f8a601f04efcbe25075365b05a33	Technology	तंत्रज्ञान	तंत्रज्ञान	
c97eec4ed52e40c08e933bd4891fb763	Monitoring	निरीक्षण	निरीक्षण	
50b2d3db68c54678ae0fdc5596fac305	Application	उपयोजन	उपयोजन	
139e829c029c4c3fb83fd1fb89ceb43b	Weed	तण	खोड	
fcebbd9458234a97a48343055a6dbc53	Integrated	एकात्मिक	एकात्मिक	
0749c74c65be4dd39e2fdddc528ebd75	System	प्रणाली	प्रणाली	
